Patient_ID,Age,Gender,State,Diagnosis,Provider,Admission_Date,Discharge_Date,Insurance_Type,Claim_Amount,Length_of_Stay,Claim_Status
P10333,74,Male,Pennsylvania,Asthma,Harrisburg General Hospital,2025-01-01,2025-01-06,Medicaid,6113.34,5,Paid
P10432,32,Female,Pennsylvania,COPD,Pinecrest Medical,2025-01-01,2025-01-02,Commercial,8639.97,1,Paid
P10606,37,Male,New Jersey,Cancer,Harrisburg General Hospital,2025-01-01,2025-01-10,Commercial,17528.79,9,Paid
P10641,56,Male,Pennsylvania,Heart Disease,Riverside Health,2025-01-01,2025-01-02,Commercial,9309.83,1,Pending
P11025,23,Female,New York,Kidney Disease,Community Care Hospital,2025-01-01,2025-01-08,Commercial,10117.34,7,Paid
P11028,54,Male,Pennsylvania,Pneumonia,Community Care Hospital,2025-01-01,2025-01-09,Medicare,12749.7,8,Paid
P11081,64,Female,Pennsylvania,Diabetes,Community Care Hospital,2025-01-01,2025-01-02,Medicare,3685.35,1,Pending
P11092,80,Female,Pennsylvania,Hypertension,Pinecrest Medical,2025-01-01,2025-01-04,Commercial,4263.48,3,Paid
P11103,37,Female,New Jersey,Hypertension,Valley Care Hospital,2025-01-01,2025-01-05,Commercial,3032.78,4,Paid
P11183,42,Male,Ohio,Cancer,Harrisburg General Hospital,2025-01-01,2025-01-04,Commercial,14867.97,3,Paid
P11217,44,Female,Pennsylvania,Cancer,Keystone Medical Center,2025-01-01,2025-01-07,Commercial,18540.97,6,Paid
P11218,24,Female,Pennsylvania,Kidney Disease,Central PA Medical,2025-01-01,2025-01-06,Medicare,9303.62,5,Denied
P11268,52,Male,Pennsylvania,High Cholesterol,Central PA Medical,2025-01-01,2025-01-06,Medicaid,5328.43,5,Paid
P11339,22,Male,New York,Hypertension,Riverside Health,2025-01-01,2025-01-06,Self-Pay,4794.85,5,Paid
P11454,36,Female,Maryland,COPD,Penn Valley Hospital,2025-01-01,2025-01-02,Commercial,6859.09,1,Paid
P10380,62,Male,New York,Asthma,Allegheny Health Center,2025-01-02,2025-01-06,Commercial,4194.18,4,Paid
P10404,48,Female,Virginia,Cancer,Riverside Health,2025-01-02,2025-01-06,Commercial,17904.63,4,Paid
P10408,24,Male,New York,COPD,Penn Valley Hospital,2025-01-02,2025-01-03,Medicaid,8139.0,1,Paid
P10465,84,Male,New York,Arthritis,Pinecrest Medical,2025-01-02,2025-01-03,Medicaid,1336.1,1,Paid
P10605,22,Male,New York,High Cholesterol,Valley Care Hospital,2025-01-02,2025-01-03,Commercial,2238.63,1,Paid
P10622,68,Female,Pennsylvania,Arthritis,Keystone Medical Center,2025-01-02,2025-01-12,Medicaid,6602.91,10,Paid
P10759,81,Male,Virginia,Diabetes,Allegheny Health Center,2025-01-02,2025-01-05,Commercial,4547.52,3,Paid
P10773,43,Female,New Jersey,Arthritis,Allegheny Health Center,2025-01-02,2025-01-04,Medicaid,4304.7,2,Paid
P11068,36,Male,Ohio,COPD,Community Care Hospital,2025-01-02,2025-01-15,Commercial,13813.2,13,Paid
P11199,32,Female,Virginia,Heart Disease,Summit Health System,2025-01-02,2025-01-05,Commercial,10195.19,3,Paid
P11297,44,Female,Maryland,High Cholesterol,Riverside Health,2025-01-02,2025-01-07,Medicare,7100.03,5,Denied
P11344,83,Female,New York,COPD,Community Care Hospital,2025-01-02,2025-01-03,Medicare,6154.29,1,Paid
P11462,50,Male,Pennsylvania,Asthma,Community Care Hospital,2025-01-02,2025-01-06,Commercial,5991.22,4,Pending
P10209,49,Male,Pennsylvania,Pneumonia,Penn Valley Hospital,2025-01-03,2025-01-12,Medicare,14114.57,9,Paid
P10220,35,Male,New York,COPD,Valley Care Hospital,2025-01-03,2025-01-06,Commercial,8847.55,3,Paid
P10319,31,Male,Maryland,Hypertension,Harrisburg General Hospital,2025-01-03,2025-01-10,Commercial,6126.17,7,Paid
P10640,23,Male,New Jersey,Hypertension,Harrisburg General Hospital,2025-01-03,2025-01-06,Medicare,2729.46,3,Paid
P10659,21,Male,Pennsylvania,Diabetes,Central PA Medical,2025-01-03,2025-01-10,Medicare,9376.12,7,Paid
P10803,35,Female,New Jersey,Asthma,Community Care Hospital,2025-01-03,2025-01-04,Commercial,1885.06,1,Paid
P10843,38,Male,Ohio,Asthma,Community Care Hospital,2025-01-03,2025-01-05,Commercial,3984.26,2,Paid
P10879,20,Male,Virginia,High Cholesterol,Central PA Medical,2025-01-03,2025-01-15,Medicare,8827.86,12,Paid
P10964,54,Female,Pennsylvania,High Cholesterol,Central PA Medical,2025-01-03,2025-01-06,Commercial,3200.68,3,Paid
P11045,41,Female,Pennsylvania,Arthritis,Community Care Hospital,2025-01-03,2025-01-07,Commercial,5409.64,4,Paid
P11058,44,Male,Pennsylvania,Kidney Disease,Allegheny Health Center,2025-01-03,2025-01-05,Commercial,10253.27,2,Paid
P11112,43,Female,Pennsylvania,Cancer,Penn Valley Hospital,2025-01-03,2025-01-08,Commercial,16806.93,5,Pending
P11136,73,Female,New Jersey,Asthma,Allegheny Health Center,2025-01-03,2025-01-04,Medicaid,2458.59,1,Pending
P11257,76,Female,New York,Hypertension,Penn Valley Hospital,2025-01-03,2025-01-12,Commercial,9183.71,9,Paid
P11331,34,Female,Pennsylvania,Hypertension,Penn Valley Hospital,2025-01-03,2025-01-05,Medicaid,3246.28,2,Paid
P11460,55,Male,New York,Kidney Disease,Community Care Hospital,2025-01-03,2025-01-06,Commercial,10271.85,3,Paid
P10168,30,Female,New York,Diabetes,Valley Care Hospital,2025-01-04,2025-01-06,Commercial,3818.87,2,Paid
P10246,50,Male,New York,Diabetes,Riverside Health,2025-01-04,2025-01-10,Medicaid,5672.11,6,Paid
P10332,37,Female,Virginia,Cancer,Community Care Hospital,2025-01-04,2025-01-10,Medicare,18141.4,6,Paid
P10507,73,Female,Pennsylvania,Pneumonia,Penn Valley Hospital,2025-01-04,2025-01-05,Commercial,5908.97,1,Paid
P10615,27,Female,Virginia,Pneumonia,Harrisburg General Hospital,2025-01-04,2025-01-11,Commercial,11284.33,7,Paid
P10826,42,Male,Maryland,Heart Disease,Penn Valley Hospital,2025-01-04,2025-01-08,Medicaid,12379.79,4,Pending
P11084,71,Female,New York,Kidney Disease,Riverside Health,2025-01-04,2025-01-06,Commercial,8673.12,2,Paid
P11154,76,Male,Ohio,Asthma,Riverside Health,2025-01-04,2025-01-05,Commercial,1546.06,1,Paid
P11303,51,Male,Pennsylvania,Hypertension,Central PA Medical,2025-01-04,2025-01-05,Medicaid,4517.5,1,Pending
P11325,80,Female,Maryland,Arthritis,Penn Valley Hospital,2025-01-04,2025-01-06,Commercial,2710.57,2,Denied
P11363,58,Female,Pennsylvania,Asthma,Penn Valley Hospital,2025-01-04,2025-01-12,Commercial,7710.5,8,Paid
P11443,49,Male,New York,COPD,Riverside Health,2025-01-04,2025-01-08,Medicare,9157.5,4,Paid
P10076,20,Male,Pennsylvania,Heart Disease,Riverside Health,2025-01-05,2025-01-07,Medicare,8976.24,2,Paid
P10238,80,Female,Delaware,High Cholesterol,Riverside Health,2025-01-05,2025-01-06,Medicare,2011.79,1,Paid
P10254,47,Male,New York,Kidney Disease,Penn Valley Hospital,2025-01-05,2025-01-08,Self-Pay,6909.27,3,Paid
P10301,31,Male,Ohio,Hypertension,Riverside Health,2025-01-05,2025-01-07,Medicaid,4018.64,2,Paid
P10342,22,Female,Pennsylvania,Kidney Disease,Keystone Medical Center,2025-01-05,2025-01-11,Commercial,14273.32,6,Pending
P10556,44,Female,New Jersey,Arthritis,Harrisburg General Hospital,2025-01-05,2025-01-08,Commercial,3065.22,3,Paid
P10617,62,Male,Pennsylvania,High Cholesterol,Central PA Medical,2025-01-05,2025-01-08,Commercial,3809.25,3,Paid
P10685,28,Female,Pennsylvania,High Cholesterol,Community Care Hospital,2025-01-05,2025-01-06,Commercial,1615.37,1,Paid
P10700,82,Female,Pennsylvania,Kidney Disease,Harrisburg General Hospital,2025-01-05,2025-01-18,Medicare,17616.54,13,Pending
P10938,31,Male,Pennsylvania,High Cholesterol,Allegheny Health Center,2025-01-05,2025-01-06,Commercial,3299.94,1,Paid
P11044,69,Female,New Jersey,Kidney Disease,Penn Valley Hospital,2025-01-05,2025-01-10,Commercial,8571.86,5,Paid
P11053,74,Female,Delaware,Cancer,Penn Valley Hospital,2025-01-05,2025-01-09,Medicaid,18689.16,4,Paid
P11095,80,Male,Virginia,Asthma,Pinecrest Medical,2025-01-05,2025-01-06,Medicare,3243.31,1,Paid
P11236,61,Female,Maryland,Diabetes,Central PA Medical,2025-01-05,2025-01-06,Commercial,2791.69,1,Paid
P11314,57,Female,Maryland,Diabetes,Penn Valley Hospital,2025-01-05,2025-01-11,Medicare,6141.9,6,Paid
P11417,80,Female,Pennsylvania,Kidney Disease,Community Care Hospital,2025-01-05,2025-01-06,Medicare,8007.47,1,Pending
P11433,25,Female,Ohio,Pneumonia,Valley Care Hospital,2025-01-05,2025-01-12,Medicare,10042.29,7,Paid
P11478,72,Male,Pennsylvania,Pneumonia,Summit Health System,2025-01-05,2025-01-14,Commercial,12216.32,9,Paid
P10430,35,Female,New Jersey,Kidney Disease,Harrisburg General Hospital,2025-01-06,2025-01-12,Medicaid,11827.45,6,Paid
P10455,78,Male,Ohio,Arthritis,Keystone Medical Center,2025-01-06,2025-01-08,Medicare,3106.18,2,Paid
P10489,62,Male,New Jersey,Pneumonia,Pinecrest Medical,2025-01-06,2025-01-07,Medicare,5688.82,1,Pending
P10502,60,Female,New Jersey,Cancer,Pinecrest Medical,2025-01-06,2025-01-11,Commercial,18244.26,5,Paid
P11027,74,Female,Maryland,Hypertension,Harrisburg General Hospital,2025-01-06,2025-01-17,Medicaid,7739.87,11,Paid
P11114,71,Male,Delaware,High Cholesterol,Pinecrest Medical,2025-01-06,2025-01-08,Medicaid,3827.55,2,Paid
P11214,69,Male,Pennsylvania,Heart Disease,Keystone Medical Center,2025-01-06,2025-01-09,Commercial,9824.25,3,Paid
P11497,66,Male,Pennsylvania,Pneumonia,Pinecrest Medical,2025-01-06,2025-01-09,Medicare,7877.13,3,Paid
P10180,68,Female,Pennsylvania,Diabetes,Allegheny Health Center,2025-01-07,2025-01-08,Medicare,2638.79,1,Paid
P10192,27,Male,Delaware,Cancer,Valley Care Hospital,2025-01-07,2025-01-11,Medicare,16465.84,4,Paid
P10332,83,Male,New York,High Cholesterol,Central PA Medical,2025-01-07,2025-01-09,Commercial,2770.61,2,Paid
P10408,18,Male,Virginia,Diabetes,Harrisburg General Hospital,2025-01-07,2025-01-13,Medicare,7427.82,6,Paid
P10414,41,Female,New Jersey,COPD,Riverside Health,2025-01-07,2025-01-14,Medicaid,9266.85,7,Paid
P10614,32,Female,New York,Kidney Disease,Keystone Medical Center,2025-01-07,2025-01-08,Commercial,6650.06,1,Paid
P10915,24,Male,Pennsylvania,High Cholesterol,Community Care Hospital,2025-01-07,2025-01-09,Medicaid,2326.94,2,Paid
P10932,71,Female,Pennsylvania,Diabetes,Central PA Medical,2025-01-07,2025-01-08,Medicaid,4732.12,1,Paid
P11008,43,Female,Pennsylvania,Pneumonia,Riverside Health,2025-01-07,2025-01-17,Medicaid,11639.78,10,Paid
P11021,31,Male,New Jersey,Asthma,Allegheny Health Center,2025-01-07,2025-01-15,Self-Pay,7697.02,8,Paid
P11073,34,Female,Virginia,Cancer,Harrisburg General Hospital,2025-01-07,2025-01-12,Commercial,18307.75,5,Paid
P11083,78,Male,New Jersey,Arthritis,Allegheny Health Center,2025-01-07,2025-01-11,Medicare,4031.19,4,Paid
P11099,25,Female,New York,Arthritis,Summit Health System,2025-01-07,2025-01-11,Medicaid,4445.91,4,Paid
P11292,27,Male,New York,Cancer,Allegheny Health Center,2025-01-07,2025-01-19,Medicaid,23641.72,12,Pending
P11353,75,Male,Delaware,Asthma,Central PA Medical,2025-01-07,2025-01-12,Commercial,5273.21,5,Paid
P11357,26,Female,Pennsylvania,Pneumonia,Summit Health System,2025-01-07,2025-01-09,Medicaid,7898.18,2,Paid
P10033,19,Female,New Jersey,Kidney Disease,Harrisburg General Hospital,2025-01-08,2025-01-12,Commercial,9940.73,4,Paid
P10057,36,Male,Delaware,Hypertension,Summit Health System,2025-01-08,2025-01-13,Medicaid,5902.5,5,Paid
P10092,77,Female,Pennsylvania,Arthritis,Summit Health System,2025-01-08,2025-01-13,Commercial,4989.39,5,Paid
P10109,85,Male,Pennsylvania,Arthritis,Keystone Medical Center,2025-01-08,2025-01-15,Medicaid,6607.66,7,Paid
P10117,63,Female,Pennsylvania,Kidney Disease,Allegheny Health Center,2025-01-08,2025-01-11,Commercial,9284.38,3,Denied
P10146,84,Male,Pennsylvania,Hypertension,Keystone Medical Center,2025-01-08,2025-01-22,Commercial,7827.79,14,Denied
P10187,25,Male,Pennsylvania,High Cholesterol,Penn Valley Hospital,2025-01-08,2025-01-10,Commercial,3653.62,2,Paid
P10376,69,Female,Pennsylvania,Diabetes,Penn Valley Hospital,2025-01-08,2025-01-10,Commercial,5899.71,2,Paid
P10407,72,Female,New Jersey,Kidney Disease,Summit Health System,2025-01-08,2025-01-12,Medicare,11887.94,4,Pending
P10539,62,Male,Pennsylvania,Cancer,Community Care Hospital,2025-01-08,2025-01-09,Medicare,14499.05,1,Paid
P10581,76,Male,Pennsylvania,High Cholesterol,Community Care Hospital,2025-01-08,2025-01-11,Commercial,5831.41,3,Paid
P10615,32,Male,New Jersey,High Cholesterol,Riverside Health,2025-01-08,2025-01-21,Commercial,6064.12,13,Paid
P10636,68,Male,New Jersey,Asthma,Valley Care Hospital,2025-01-08,2025-01-11,Medicaid,3684.65,3,Pending
P10660,70,Male,Pennsylvania,Asthma,Central PA Medical,2025-01-08,2025-01-17,Self-Pay,4878.96,9,Paid
P11149,68,Male,Pennsylvania,COPD,Allegheny Health Center,2025-01-08,2025-01-13,Commercial,10625.41,5,Paid
P11215,57,Female,Maryland,COPD,Penn Valley Hospital,2025-01-08,2025-01-11,Self-Pay,6434.85,3,Denied
P11231,68,Male,Pennsylvania,Asthma,Allegheny Health Center,2025-01-08,2025-01-18,Commercial,5141.03,10,Paid
P11294,55,Male,Pennsylvania,Pneumonia,Valley Care Hospital,2025-01-08,2025-01-11,Medicaid,7742.3,3,Paid
P11406,51,Female,Pennsylvania,Heart Disease,Keystone Medical Center,2025-01-08,2025-01-10,Medicaid,10528.03,2,Paid
P10124,43,Male,New Jersey,Kidney Disease,Summit Health System,2025-01-09,2025-01-13,Medicaid,11159.36,4,Paid
P10311,29,Male,Maryland,Arthritis,Pinecrest Medical,2025-01-09,2025-01-23,Medicaid,6225.17,14,Denied
P10447,58,Male,Pennsylvania,Kidney Disease,Allegheny Health Center,2025-01-09,2025-01-21,Medicare,17730.58,12,Paid
P10457,76,Male,New Jersey,Arthritis,Valley Care Hospital,2025-01-09,2025-01-11,Commercial,3144.62,2,Paid
P10834,62,Female,Pennsylvania,Cancer,Pinecrest Medical,2025-01-09,2025-01-12,Commercial,15869.73,3,Paid
P11222,32,Female,Pennsylvania,Cancer,Penn Valley Hospital,2025-01-09,2025-01-12,Medicare,16795.8,3,Paid
P11304,43,Female,Ohio,Diabetes,Keystone Medical Center,2025-01-09,2025-01-22,Medicare,11043.37,13,Paid
P11350,31,Male,Pennsylvania,High Cholesterol,Riverside Health,2025-01-09,2025-01-14,Commercial,4735.0,5,Pending
P11385,59,Female,Pennsylvania,Hypertension,Keystone Medical Center,2025-01-09,2025-01-10,Self-Pay,2288.98,1,Paid
P11476,32,Female,Ohio,Pneumonia,Allegheny Health Center,2025-01-09,2025-01-11,Commercial,5972.52,2,Pending
P10079,72,Male,Pennsylvania,Cancer,Keystone Medical Center,2025-01-10,2025-01-20,Medicaid,20741.99,10,Paid
P10115,60,Female,New York,Heart Disease,Allegheny Health Center,2025-01-10,2025-01-14,Commercial,12152.87,4,Pending
P10569,75,Female,Pennsylvania,COPD,Central PA Medical,2025-01-10,2025-01-11,Commercial,6524.94,1,Paid
P10615,33,Male,New Jersey,Hypertension,Keystone Medical Center,2025-01-10,2025-01-13,Medicaid,4473.35,3,Paid
P10797,65,Male,Pennsylvania,Pneumonia,Community Care Hospital,2025-01-10,2025-01-15,Commercial,9417.61,5,Paid
P10901,59,Male,New Jersey,Pneumonia,Harrisburg General Hospital,2025-01-10,2025-01-18,Medicaid,8115.75,8,Paid
P10945,57,Male,Virginia,Pneumonia,Riverside Health,2025-01-10,2025-01-13,Medicaid,6528.72,3,Paid
P11115,39,Female,New York,Kidney Disease,Pinecrest Medical,2025-01-10,2025-01-16,Medicare,10337.04,6,Paid
P11191,53,Male,Ohio,Diabetes,Harrisburg General Hospital,2025-01-10,2025-01-15,Medicare,8224.26,5,Paid
P11339,19,Male,Pennsylvania,COPD,Community Care Hospital,2025-01-10,2025-01-14,Commercial,7287.25,4,Paid
P11448,47,Female,New York,Arthritis,Harrisburg General Hospital,2025-01-10,2025-01-15,Medicare,5685.05,5,Paid
P11500,59,Female,New York,COPD,Allegheny Health Center,2025-01-10,2025-01-21,Commercial,15226.1,11,Paid
P10189,60,Male,Pennsylvania,Diabetes,Community Care Hospital,2025-01-11,2025-01-19,Commercial,7960.75,8,Paid
P10267,23,Female,New York,Arthritis,Community Care Hospital,2025-01-11,2025-01-17,Commercial,7208.22,6,Paid
P10304,68,Female,Maryland,Diabetes,Community Care Hospital,2025-01-11,2025-01-13,Commercial,4519.69,2,Paid
P10438,73,Male,New York,Pneumonia,Pinecrest Medical,2025-01-11,2025-01-12,Medicaid,5598.37,1,Paid
P10574,36,Male,New Jersey,Pneumonia,Valley Care Hospital,2025-01-11,2025-01-17,Medicaid,10833.14,6,Paid
P10654,85,Male,Pennsylvania,Kidney Disease,Central PA Medical,2025-01-11,2025-01-15,Medicaid,11346.82,4,Paid
P10736,46,Male,Virginia,Kidney Disease,Valley Care Hospital,2025-01-11,2025-01-22,Medicaid,16365.51,11,Paid
P10750,84,Male,Pennsylvania,Diabetes,Central PA Medical,2025-01-11,2025-01-15,Commercial,4585.46,4,Paid
P11177,34,Female,Pennsylvania,Pneumonia,Community Care Hospital,2025-01-11,2025-01-13,Medicare,6379.48,2,Paid
P11239,45,Male,Virginia,Asthma,Pinecrest Medical,2025-01-11,2025-01-12,Commercial,3313.81,1,Pending
P11328,32,Female,Maryland,Hypertension,Community Care Hospital,2025-01-11,2025-01-14,Medicare,3636.77,3,Pending
P10041,68,Female,New Jersey,Cancer,Summit Health System,2025-01-12,2025-01-13,Medicare,16496.23,1,Paid
P10096,79,Male,Pennsylvania,Cancer,Riverside Health,2025-01-12,2025-01-20,Commercial,21886.25,8,Paid
P10145,62,Male,Virginia,Arthritis,Summit Health System,2025-01-12,2025-01-13,Medicaid,4486.84,1,Paid
P10217,61,Male,New Jersey,Cancer,Penn Valley Hospital,2025-01-12,2025-01-13,Commercial,16344.55,1,Paid
P10312,65,Male,Pennsylvania,Arthritis,Pinecrest Medical,2025-01-12,2025-01-18,Commercial,4224.6,6,Paid
P10328,73,Female,Delaware,Hypertension,Community Care Hospital,2025-01-12,2025-01-20,Medicaid,5747.74,8,Paid
P10340,39,Female,Pennsylvania,Arthritis,Pinecrest Medical,2025-01-12,2025-01-15,Commercial,4710.38,3,Paid
P10520,69,Male,Pennsylvania,Diabetes,Penn Valley Hospital,2025-01-12,2025-01-20,Commercial,8233.72,8,Paid
P10569,67,Male,Pennsylvania,Pneumonia,Riverside Health,2025-01-12,2025-01-13,Medicare,6629.0,1,Paid
P10571,28,Male,New York,Hypertension,Allegheny Health Center,2025-01-12,2025-01-20,Medicare,8501.72,8,Paid
P10573,42,Male,New Jersey,High Cholesterol,Harrisburg General Hospital,2025-01-12,2025-01-14,Medicare,3996.8,2,Denied
P10725,29,Female,Pennsylvania,COPD,Central PA Medical,2025-01-12,2025-01-13,Commercial,7750.09,1,Paid
P10742,67,Female,Virginia,COPD,Summit Health System,2025-01-12,2025-01-17,Medicaid,8975.58,5,Paid
P10760,29,Male,New York,Cancer,Harrisburg General Hospital,2025-01-12,2025-01-24,Medicare,23897.26,12,Paid
P10862,45,Female,Pennsylvania,Heart Disease,Keystone Medical Center,2025-01-12,2025-01-16,Medicare,12066.03,4,Paid
P10931,23,Male,New Jersey,Cancer,Central PA Medical,2025-01-12,2025-01-15,Medicare,16962.29,3,Paid
P11016,49,Male,Pennsylvania,Hypertension,Valley Care Hospital,2025-01-12,2025-01-15,Medicare,4494.89,3,Paid
P11073,74,Male,New Jersey,Kidney Disease,Harrisburg General Hospital,2025-01-12,2025-01-17,Medicaid,11064.89,5,Paid
P11100,67,Male,Pennsylvania,Hypertension,Penn Valley Hospital,2025-01-12,2025-01-20,Medicaid,10444.5,8,Paid
P11250,76,Female,Virginia,High Cholesterol,Keystone Medical Center,2025-01-12,2025-01-17,Self-Pay,7936.63,5,Paid
P11262,66,Male,Pennsylvania,Heart Disease,Valley Care Hospital,2025-01-12,2025-01-25,Medicare,12398.81,13,Paid
P10139,40,Male,Pennsylvania,Kidney Disease,Allegheny Health Center,2025-01-13,2025-01-26,Medicare,16500.0,13,Paid
P10187,24,Female,Pennsylvania,Heart Disease,Central PA Medical,2025-01-13,2025-01-18,Commercial,12141.55,5,Paid
P10211,32,Female,New York,Diabetes,Pinecrest Medical,2025-01-13,2025-01-16,Commercial,4870.98,3,Paid
P10333,33,Female,Pennsylvania,Diabetes,Central PA Medical,2025-01-13,2025-01-17,Medicare,4997.47,4,Paid
P10335,70,Female,Pennsylvania,Asthma,Valley Care Hospital,2025-01-13,2025-01-16,Commercial,5060.97,3,Denied
P10498,43,Female,Pennsylvania,High Cholesterol,Valley Care Hospital,2025-01-13,2025-01-20,Commercial,5779.98,7,Paid
P10500,63,Male,Ohio,Kidney Disease,Harrisburg General Hospital,2025-01-13,2025-01-18,Self-Pay,8816.44,5,Pending
P10555,84,Female,Pennsylvania,High Cholesterol,Penn Valley Hospital,2025-01-13,2025-01-26,Medicaid,12347.92,13,Paid
P10607,51,Female,Pennsylvania,Hypertension,Summit Health System,2025-01-13,2025-01-14,Medicare,1768.98,1,Paid
P10635,85,Male,Pennsylvania,Heart Disease,Central PA Medical,2025-01-13,2025-01-16,Commercial,10309.03,3,Paid
P10835,33,Female,Virginia,Cancer,Penn Valley Hospital,2025-01-13,2025-01-14,Medicare,14820.17,1,Paid
P10848,32,Female,New York,Pneumonia,Riverside Health,2025-01-13,2025-01-15,Commercial,6401.06,2,Paid
P10957,61,Female,Pennsylvania,Diabetes,Penn Valley Hospital,2025-01-13,2025-01-21,Commercial,5706.03,8,Paid
P11286,40,Female,Pennsylvania,COPD,Central PA Medical,2025-01-13,2025-01-21,Medicare,10464.13,8,Pending
P11292,39,Female,Pennsylvania,Kidney Disease,Community Care Hospital,2025-01-13,2025-01-17,Medicaid,12247.36,4,Paid
P11440,81,Male,Delaware,Heart Disease,Summit Health System,2025-01-13,2025-01-17,Medicaid,10572.17,4,Paid
P10070,72,Female,Virginia,Arthritis,Penn Valley Hospital,2025-01-14,2025-01-18,Medicaid,3549.19,4,Paid
P10310,48,Female,New York,Arthritis,Harrisburg General Hospital,2025-01-14,2025-01-16,Commercial,3962.98,2,Paid
P10347,58,Female,Pennsylvania,Hypertension,Pinecrest Medical,2025-01-14,2025-01-21,Commercial,5702.0,7,Paid
P10398,85,Male,Pennsylvania,High Cholesterol,Pinecrest Medical,2025-01-14,2025-01-24,Medicare,10321.68,10,Paid
P10517,32,Male,Pennsylvania,Kidney Disease,Summit Health System,2025-01-14,2025-01-27,Medicare,12380.55,13,Paid
P10560,41,Female,Maryland,Arthritis,Penn Valley Hospital,2025-01-14,2025-01-17,Commercial,1730.4,3,Paid
P10633,38,Male,Pennsylvania,Heart Disease,Valley Care Hospital,2025-01-14,2025-01-24,Commercial,14832.59,10,Paid
P10749,64,Female,Pennsylvania,Heart Disease,Summit Health System,2025-01-14,2025-01-16,Medicare,10678.03,2,Paid
P10797,34,Male,Pennsylvania,Asthma,Harrisburg General Hospital,2025-01-14,2025-01-21,Medicaid,5595.32,7,Pending
P10889,20,Male,New York,Hypertension,Harrisburg General Hospital,2025-01-14,2025-01-17,Commercial,2874.9,3,Denied
P10920,24,Female,New Jersey,Diabetes,Keystone Medical Center,2025-01-14,2025-01-19,Commercial,6757.15,5,Paid
P11077,52,Female,New York,Cancer,Community Care Hospital,2025-01-14,2025-01-22,Commercial,16895.24,8,Paid
P11314,33,Male,Virginia,High Cholesterol,Valley Care Hospital,2025-01-14,2025-01-22,Commercial,4490.4,8,Paid
P11333,64,Female,Pennsylvania,Cancer,Summit Health System,2025-01-14,2025-01-16,Commercial,16849.65,2,Pending
P11385,53,Male,Pennsylvania,Kidney Disease,Pinecrest Medical,2025-01-14,2025-01-15,Commercial,7359.26,1,Paid
P11472,59,Female,New Jersey,Diabetes,Community Care Hospital,2025-01-14,2025-01-16,Commercial,3197.95,2,Paid
P11499,82,Male,New York,Diabetes,Central PA Medical,2025-01-14,2025-01-15,Medicaid,3681.24,1,Paid
P10051,76,Female,Pennsylvania,Pneumonia,Summit Health System,2025-01-15,2025-01-21,Medicare,8660.56,6,Paid
P10449,70,Male,Pennsylvania,Arthritis,Central PA Medical,2025-01-15,2025-01-24,Medicaid,7740.43,9,Pending
P10457,25,Female,Pennsylvania,Kidney Disease,Harrisburg General Hospital,2025-01-15,2025-01-17,Commercial,8947.57,2,Paid
P10649,53,Female,Pennsylvania,Kidney Disease,Harrisburg General Hospital,2025-01-15,2025-01-23,Medicaid,11653.5,8,Paid
P10700,19,Female,Pennsylvania,COPD,Allegheny Health Center,2025-01-15,2025-01-23,Medicare,13391.61,8,Paid
P10939,43,Female,Virginia,Heart Disease,Community Care Hospital,2025-01-15,2025-01-22,Medicaid,12592.03,7,Paid
P11038,79,Female,Pennsylvania,Diabetes,Riverside Health,2025-01-15,2025-01-16,Medicaid,4144.19,1,Denied
P11183,21,Female,Pennsylvania,Hypertension,Allegheny Health Center,2025-01-15,2025-01-16,Commercial,2358.39,1,Paid
P11254,55,Female,Pennsylvania,Kidney Disease,Allegheny Health Center,2025-01-15,2025-01-16,Commercial,8768.03,1,Paid
P11436,77,Male,Ohio,Cancer,Valley Care Hospital,2025-01-15,2025-01-16,Medicare,15672.53,1,Paid
P10154,29,Female,Virginia,Arthritis,Pinecrest Medical,2025-01-16,2025-01-23,Commercial,7974.3,7,Paid
P10205,76,Male,Pennsylvania,Asthma,Community Care Hospital,2025-01-16,2025-01-18,Medicare,2412.92,2,Pending
P10288,73,Male,Pennsylvania,Arthritis,Penn Valley Hospital,2025-01-16,2025-01-20,Commercial,3518.61,4,Pending
P10572,53,Female,New York,COPD,Penn Valley Hospital,2025-01-16,2025-01-22,Medicare,9334.37,6,Paid
P10588,77,Male,New York,Heart Disease,Allegheny Health Center,2025-01-16,2025-01-17,Medicaid,10488.89,1,Paid
P10655,40,Male,New York,Heart Disease,Valley Care Hospital,2025-01-16,2025-01-23,Medicaid,13496.07,7,Paid
P10828,19,Male,New York,Hypertension,Harrisburg General Hospital,2025-01-16,2025-01-24,Commercial,6811.26,8,Denied
P11178,18,Female,Maryland,Heart Disease,Allegheny Health Center,2025-01-16,2025-01-18,Commercial,10516.5,2,Paid
P11322,84,Male,Virginia,Arthritis,Harrisburg General Hospital,2025-01-16,2025-01-18,Medicaid,3432.69,2,Paid
P11370,47,Male,Delaware,COPD,Central PA Medical,2025-01-16,2025-01-27,Commercial,14971.51,11,Paid
P11416,30,Female,Pennsylvania,Asthma,Summit Health System,2025-01-16,2025-01-23,Medicaid,6856.73,7,Paid
P10004,53,Female,Ohio,High Cholesterol,Valley Care Hospital,2025-01-17,2025-01-28,Commercial,8941.61,11,Paid
P10005,74,Female,Pennsylvania,Pneumonia,Central PA Medical,2025-01-17,2025-01-21,Commercial,7845.06,4,Paid
P10087,47,Female,Maryland,COPD,Community Care Hospital,2025-01-17,2025-01-21,Medicaid,8969.08,4,Paid
P10134,69,Male,Virginia,Heart Disease,Community Care Hospital,2025-01-17,2025-01-19,Medicaid,10047.93,2,Pending
P10173,56,Male,Pennsylvania,Pneumonia,Harrisburg General Hospital,2025-01-17,2025-01-22,Commercial,9824.3,5,Pending
P10319,68,Male,Pennsylvania,Heart Disease,Allegheny Health Center,2025-01-17,2025-01-19,Medicaid,9063.13,2,Paid
P10371,20,Female,New Jersey,Asthma,Community Care Hospital,2025-01-17,2025-01-31,Commercial,7180.46,14,Denied
P10398,25,Female,New York,High Cholesterol,Allegheny Health Center,2025-01-17,2025-01-21,Commercial,2955.41,4,Paid
P10468,18,Female,New Jersey,Arthritis,Central PA Medical,2025-01-17,2025-01-20,Commercial,4030.05,3,Paid
P10556,62,Female,New Jersey,High Cholesterol,Central PA Medical,2025-01-17,2025-01-22,Medicaid,5412.68,5,Paid
P10632,75,Female,New York,High Cholesterol,Harrisburg General Hospital,2025-01-17,2025-01-19,Medicaid,3238.33,2,Paid
P11103,62,Female,New York,Diabetes,Keystone Medical Center,2025-01-17,2025-01-25,Commercial,10434.86,8,Paid
P11177,73,Male,Pennsylvania,Asthma,Harrisburg General Hospital,2025-01-17,2025-01-20,Medicaid,3829.6,3,Pending
P11251,40,Female,New Jersey,High Cholesterol,Pinecrest Medical,2025-01-17,2025-01-19,Medicare,3526.67,2,Paid
P11277,67,Male,New Jersey,Diabetes,Allegheny Health Center,2025-01-17,2025-01-20,Self-Pay,6746.81,3,Denied
P11296,83,Male,Pennsylvania,Hypertension,Allegheny Health Center,2025-01-17,2025-01-19,Medicaid,4163.23,2,Paid
P11443,64,Female,New Jersey,Cancer,Keystone Medical Center,2025-01-17,2025-01-25,Medicare,19609.44,8,Paid
P11462,61,Female,Pennsylvania,Hypertension,Harrisburg General Hospital,2025-01-17,2025-01-21,Commercial,5022.22,4,Paid
P10075,74,Male,Pennsylvania,COPD,Community Care Hospital,2025-01-18,2025-01-24,Medicaid,10679.16,6,Paid
P10090,44,Male,Pennsylvania,Cancer,Penn Valley Hospital,2025-01-18,2025-01-31,Medicaid,24237.96,13,Paid
P10228,46,Female,Virginia,Arthritis,Central PA Medical,2025-01-18,2025-01-19,Commercial,2963.7,1,Paid
P10681,63,Male,Pennsylvania,Kidney Disease,Community Care Hospital,2025-01-18,2025-01-28,Medicare,13089.56,10,Paid
P10992,42,Female,Virginia,Arthritis,Central PA Medical,2025-01-18,2025-01-21,Medicare,5611.75,3,Paid
P11170,32,Male,New Jersey,Asthma,Riverside Health,2025-01-18,2025-01-28,Medicaid,8896.17,10,Paid
P10119,77,Male,Pennsylvania,High Cholesterol,Keystone Medical Center,2025-01-19,2025-01-21,Self-Pay,4646.07,2,Paid
P10142,47,Female,Pennsylvania,Diabetes,Penn Valley Hospital,2025-01-19,2025-01-20,Commercial,3786.8,1,Paid
P10253,39,Female,New Jersey,Diabetes,Pinecrest Medical,2025-01-19,2025-01-25,Commercial,6382.81,6,Paid
P10291,68,Female,Pennsylvania,Asthma,Riverside Health,2025-01-19,2025-01-21,Commercial,2985.85,2,Paid
P10336,60,Male,Virginia,COPD,Allegheny Health Center,2025-01-19,2025-01-20,Medicaid,8505.52,1,Paid
P10501,47,Male,Pennsylvania,High Cholesterol,Valley Care Hospital,2025-01-19,2025-01-24,Commercial,6155.75,5,Pending
P10699,68,Female,Pennsylvania,Hypertension,Riverside Health,2025-01-19,2025-01-22,Commercial,3644.38,3,Paid
P10845,47,Male,Maryland,Asthma,Keystone Medical Center,2025-01-19,2025-01-23,Medicaid,3850.07,4,Paid
P11270,57,Male,Pennsylvania,High Cholesterol,Valley Care Hospital,2025-01-19,2025-01-20,Commercial,3253.85,1,Paid
P11319,83,Female,Pennsylvania,High Cholesterol,Harrisburg General Hospital,2025-01-19,2025-01-31,Commercial,11826.9,12,Paid
P11379,58,Male,New Jersey,Cancer,Penn Valley Hospital,2025-01-19,2025-01-29,Commercial,20051.27,10,Paid
P11399,26,Female,Ohio,Diabetes,Central PA Medical,2025-01-19,2025-01-24,Medicare,6751.28,5,Paid
P11413,40,Male,Pennsylvania,Heart Disease,Harrisburg General Hospital,2025-01-19,2025-01-24,Medicaid,11868.24,5,Paid
P11446,46,Female,New Jersey,Pneumonia,Pinecrest Medical,2025-01-19,2025-01-26,Commercial,11040.11,7,Paid
P10100,31,Male,Ohio,Asthma,Keystone Medical Center,2025-01-20,2025-01-26,Commercial,5383.56,6,Paid
P10113,37,Male,Pennsylvania,Asthma,Central PA Medical,2025-01-20,2025-01-21,Medicare,1710.98,1,Paid
P10113,82,Female,New York,Arthritis,Riverside Health,2025-01-20,2025-01-23,Commercial,4769.46,3,Paid
P10242,19,Male,New York,Arthritis,Community Care Hospital,2025-01-20,2025-01-24,Medicaid,4713.9,4,Paid
P10379,23,Male,Maryland,Arthritis,Valley Care Hospital,2025-01-20,2025-01-25,Commercial,6424.16,5,Pending
P10433,48,Male,Delaware,Cancer,Pinecrest Medical,2025-01-20,2025-01-23,Medicaid,15934.42,3,Paid
P10441,55,Female,New Jersey,Heart Disease,Central PA Medical,2025-01-20,2025-01-21,Medicaid,8772.1,1,Paid
P10841,78,Female,Maryland,Diabetes,Central PA Medical,2025-01-20,2025-01-27,Commercial,7067.39,7,Paid
P10888,82,Male,Virginia,Kidney Disease,Penn Valley Hospital,2025-01-20,2025-01-23,Commercial,7716.2,3,Paid
P11081,68,Female,Pennsylvania,Pneumonia,Central PA Medical,2025-01-20,2025-01-28,Commercial,10845.04,8,Paid
P11109,50,Female,Ohio,Arthritis,Harrisburg General Hospital,2025-01-20,2025-01-23,Commercial,5931.69,3,Paid
P11177,33,Male,Pennsylvania,Asthma,Riverside Health,2025-01-20,2025-01-25,Medicare,4536.33,5,Denied
P11267,57,Female,Pennsylvania,High Cholesterol,Community Care Hospital,2025-01-20,2025-01-24,Commercial,3037.25,4,Paid
P11280,73,Male,New Jersey,Arthritis,Community Care Hospital,2025-01-20,2025-01-25,Medicare,5118.24,5,Paid
P11336,55,Female,Pennsylvania,Asthma,Summit Health System,2025-01-20,2025-01-27,Medicaid,9393.71,7,Paid
P11456,83,Male,Pennsylvania,High Cholesterol,Penn Valley Hospital,2025-01-20,2025-01-22,Medicare,4728.58,2,Paid
P10073,29,Female,Delaware,Cancer,Keystone Medical Center,2025-01-21,2025-01-25,Medicaid,16822.17,4,Paid
P10134,64,Male,New Jersey,Arthritis,Summit Health System,2025-01-21,2025-01-23,Commercial,4413.14,2,Paid
P10214,62,Female,Pennsylvania,COPD,Harrisburg General Hospital,2025-01-21,2025-01-24,Medicaid,7788.68,3,Paid
P10291,58,Male,Virginia,COPD,Valley Care Hospital,2025-01-21,2025-01-23,Medicaid,5733.6,2,Paid
P10452,47,Male,Pennsylvania,Kidney Disease,Central PA Medical,2025-01-21,2025-01-26,Medicaid,11253.09,5,Paid
P10731,57,Female,New York,Pneumonia,Penn Valley Hospital,2025-01-21,2025-01-28,Medicaid,7676.39,7,Pending
P10744,54,Female,Ohio,Kidney Disease,Harrisburg General Hospital,2025-01-21,2025-01-28,Medicaid,10326.13,7,Pending
P10788,51,Female,Pennsylvania,Pneumonia,Central PA Medical,2025-01-21,2025-01-28,Commercial,10647.0,7,Paid
P10943,46,Female,Pennsylvania,Pneumonia,Keystone Medical Center,2025-01-21,2025-01-22,Commercial,6793.83,1,Paid
P10974,57,Male,New York,Kidney Disease,Keystone Medical Center,2025-01-21,2025-01-27,Self-Pay,12451.73,6,Paid
P11046,75,Female,Pennsylvania,Hypertension,Penn Valley Hospital,2025-01-21,2025-01-23,Medicaid,5476.71,2,Pending
P11090,84,Female,New Jersey,Cancer,Riverside Health,2025-01-21,2025-01-28,Medicaid,17700.08,7,Paid
P11201,20,Male,Ohio,Kidney Disease,Allegheny Health Center,2025-01-21,2025-01-24,Medicaid,7953.64,3,Paid
P11269,70,Female,Pennsylvania,COPD,Summit Health System,2025-01-21,2025-01-23,Commercial,8545.15,2,Paid
P11298,20,Male,Pennsylvania,Asthma,Community Care Hospital,2025-01-21,2025-01-25,Medicare,5570.69,4,Paid
P11364,83,Female,Maryland,Arthritis,Keystone Medical Center,2025-01-21,2025-01-28,Commercial,5579.29,7,Paid
P10187,42,Female,Maryland,Arthritis,Harrisburg General Hospital,2025-01-22,2025-01-29,Medicare,4630.85,7,Paid
P10281,81,Female,Virginia,COPD,Community Care Hospital,2025-01-22,2025-01-28,Commercial,11868.24,6,Pending
P10368,43,Female,Delaware,Hypertension,Central PA Medical,2025-01-22,2025-01-30,Medicare,4987.64,8,Paid
P10383,50,Male,Pennsylvania,Cancer,Central PA Medical,2025-01-22,2025-01-26,Commercial,19125.95,4,Paid
P10401,30,Male,Pennsylvania,Heart Disease,Summit Health System,2025-01-22,2025-01-26,Medicaid,12180.56,4,Paid
P10486,45,Female,Pennsylvania,Kidney Disease,Penn Valley Hospital,2025-01-22,2025-01-30,Medicaid,13428.72,8,Paid
P10538,28,Male,Pennsylvania,Heart Disease,Community Care Hospital,2025-01-22,2025-01-23,Medicaid,11246.54,1,Pending
P10551,59,Male,Pennsylvania,Hypertension,Penn Valley Hospital,2025-01-22,2025-01-26,Medicare,3582.14,4,Paid
P10553,47,Female,Virginia,Cancer,Keystone Medical Center,2025-01-22,2025-02-02,Medicare,22942.37,11,Paid
P10667,33,Female,Ohio,Kidney Disease,Keystone Medical Center,2025-01-22,2025-01-23,Medicaid,7684.98,1,Pending
P11108,71,Male,Pennsylvania,Pneumonia,Penn Valley Hospital,2025-01-22,2025-01-26,Medicare,7329.73,4,Paid
P11210,31,Male,New Jersey,Kidney Disease,Central PA Medical,2025-01-22,2025-01-25,Medicare,10134.18,3,Paid
P11239,40,Female,New York,Asthma,Central PA Medical,2025-01-22,2025-01-23,Commercial,1683.16,1,Paid
P11399,84,Female,Pennsylvania,Cancer,Penn Valley Hospital,2025-01-22,2025-01-23,Medicaid,14559.41,1,Pending
P11440,78,Male,Virginia,Arthritis,Central PA Medical,2025-01-22,2025-01-28,Commercial,6409.63,6,Paid
P10003,19,Male,Virginia,High Cholesterol,Pinecrest Medical,2025-01-23,2025-01-30,Medicaid,6352.79,7,Paid
P10061,79,Female,New York,COPD,Riverside Health,2025-01-23,2025-01-29,Medicare,12062.91,6,Paid
P10107,31,Female,New Jersey,Heart Disease,Allegheny Health Center,2025-01-23,2025-01-25,Medicaid,10538.28,2,Paid
P10320,21,Male,Virginia,Asthma,Harrisburg General Hospital,2025-01-23,2025-02-03,Medicare,8369.91,11,Paid
P10747,31,Male,Ohio,High Cholesterol,Summit Health System,2025-01-23,2025-01-24,Medicare,500.0,1,Paid
P10779,41,Male,Maryland,Hypertension,Summit Health System,2025-01-23,2025-01-31,Commercial,6884.5,8,Paid
P10873,84,Male,Maryland,Hypertension,Penn Valley Hospital,2025-01-23,2025-01-29,Medicaid,9086.66,6,Pending
P10908,20,Male,Pennsylvania,Asthma,Harrisburg General Hospital,2025-01-23,2025-01-29,Commercial,4477.28,6,Pending
P10985,73,Male,Pennsylvania,Pneumonia,Penn Valley Hospital,2025-01-23,2025-01-30,Self-Pay,8740.8,7,Pending
P11020,81,Female,Pennsylvania,Cancer,Community Care Hospital,2025-01-23,2025-01-25,Medicaid,16410.71,2,Paid
P11325,21,Female,New Jersey,Heart Disease,Community Care Hospital,2025-01-23,2025-02-01,Medicare,13195.06,9,Paid
P10030,20,Female,Maryland,Diabetes,Central PA Medical,2025-01-24,2025-01-25,Medicare,2481.75,1,Paid
P10071,40,Male,Pennsylvania,Cancer,Pinecrest Medical,2025-01-24,2025-01-27,Commercial,14973.27,3,Paid
P10358,49,Female,Pennsylvania,Pneumonia,Pinecrest Medical,2025-01-24,2025-01-29,Self-Pay,8467.23,5,Paid
P10361,50,Male,Maryland,Hypertension,Community Care Hospital,2025-01-24,2025-01-27,Commercial,4370.17,3,Denied
P10448,26,Female,New Jersey,Arthritis,Allegheny Health Center,2025-01-24,2025-01-26,Commercial,2764.5,2,Paid
P10628,45,Male,New Jersey,Heart Disease,Summit Health System,2025-01-24,2025-01-25,Medicare,8712.33,1,Pending
P10831,25,Female,Pennsylvania,Asthma,Riverside Health,2025-01-24,2025-01-28,Medicare,4013.75,4,Paid
P11335,35,Male,New Jersey,Hypertension,Valley Care Hospital,2025-01-24,2025-02-04,Medicaid,10914.72,11,Paid
P10007,45,Male,Pennsylvania,Diabetes,Keystone Medical Center,2025-01-25,2025-01-29,Medicare,4448.62,4,Paid
P10051,25,Male,New Jersey,Heart Disease,Central PA Medical,2025-01-25,2025-01-26,Medicare,9331.14,1,Paid
P10098,71,Female,Pennsylvania,Arthritis,Central PA Medical,2025-01-25,2025-01-26,Commercial,2861.48,1,Denied
P10135,82,Female,Pennsylvania,Cancer,Harrisburg General Hospital,2025-01-25,2025-01-30,Commercial,19508.1,5,Paid
P10196,85,Female,Virginia,Kidney Disease,Riverside Health,2025-01-25,2025-02-06,Commercial,17642.48,12,Pending
P10222,34,Female,New Jersey,Asthma,Pinecrest Medical,2025-01-25,2025-01-27,Medicaid,2206.02,2,Paid
P10298,44,Female,Maryland,COPD,Community Care Hospital,2025-01-25,2025-02-02,Commercial,10449.21,8,Paid
P10391,18,Female,Pennsylvania,High Cholesterol,Central PA Medical,2025-01-25,2025-01-27,Medicare,2175.27,2,Paid
P10488,68,Female,Maryland,Asthma,Valley Care Hospital,2025-01-25,2025-01-26,Commercial,2726.77,1,Pending
P10630,23,Female,Pennsylvania,Cancer,Keystone Medical Center,2025-01-25,2025-02-01,Medicare,18881.99,7,Paid
P10709,29,Male,New Jersey,Kidney Disease,Riverside Health,2025-01-25,2025-01-31,Commercial,11865.66,6,Denied
P10825,38,Female,Ohio,High Cholesterol,Valley Care Hospital,2025-01-25,2025-01-28,Commercial,1964.63,3,Paid
P11044,41,Female,Virginia,Heart Disease,Allegheny Health Center,2025-01-25,2025-01-27,Commercial,11082.03,2,Pending
P11074,36,Female,Pennsylvania,Hypertension,Central PA Medical,2025-01-25,2025-01-29,Commercial,3731.88,4,Paid
P11075,77,Female,Pennsylvania,Arthritis,Harrisburg General Hospital,2025-01-25,2025-01-29,Commercial,6420.24,4,Paid
P11099,73,Female,Pennsylvania,Asthma,Central PA Medical,2025-01-25,2025-01-26,Medicaid,1654.18,1,Pending
P11264,20,Female,Pennsylvania,Hypertension,Penn Valley Hospital,2025-01-25,2025-02-01,Medicare,7162.11,7,Paid
P11269,21,Male,Ohio,Hypertension,Summit Health System,2025-01-25,2025-02-07,Medicare,11248.13,13,Paid
P11337,84,Male,New York,COPD,Pinecrest Medical,2025-01-25,2025-01-28,Medicare,8614.87,3,Denied
P11454,83,Female,Ohio,Diabetes,Allegheny Health Center,2025-01-25,2025-01-29,Medicare,4712.99,4,Paid
P10045,30,Male,New York,Asthma,Pinecrest Medical,2025-01-26,2025-01-31,Commercial,3829.32,5,Paid
P10090,75,Male,New Jersey,Pneumonia,Harrisburg General Hospital,2025-01-26,2025-01-30,Medicaid,7740.56,4,Paid
P10234,78,Female,Pennsylvania,Asthma,Riverside Health,2025-01-26,2025-02-02,Commercial,7297.33,7,Paid
P10431,51,Female,New Jersey,Asthma,Keystone Medical Center,2025-01-26,2025-01-30,Commercial,3019.33,4,Paid
P10516,46,Male,Pennsylvania,COPD,Summit Health System,2025-01-26,2025-01-27,Commercial,7296.76,1,Paid
P10798,61,Female,Pennsylvania,Cancer,Community Care Hospital,2025-01-26,2025-01-30,Commercial,15912.81,4,Paid
P10847,77,Female,Pennsylvania,Pneumonia,Pinecrest Medical,2025-01-26,2025-02-04,Medicaid,12707.89,9,Paid
P10900,21,Female,Pennsylvania,Pneumonia,Summit Health System,2025-01-26,2025-01-31,Medicaid,8468.31,5,Paid
P10918,70,Male,New York,Heart Disease,Harrisburg General Hospital,2025-01-26,2025-02-06,Medicaid,16279.55,11,Paid
P11047,27,Female,Virginia,COPD,Pinecrest Medical,2025-01-26,2025-01-27,Medicare,6289.61,1,Paid
P11485,73,Female,Pennsylvania,Kidney Disease,Community Care Hospital,2025-01-26,2025-01-29,Commercial,7994.4,3,Paid
P10158,61,Male,Pennsylvania,Kidney Disease,Community Care Hospital,2025-01-27,2025-01-28,Commercial,8307.88,1,Paid
P10409,56,Male,New York,Hypertension,Community Care Hospital,2025-01-27,2025-01-28,Commercial,2601.98,1,Paid
P10594,63,Female,Pennsylvania,Kidney Disease,Valley Care Hospital,2025-01-27,2025-02-02,Commercial,11316.75,6,Paid
P10873,48,Female,Ohio,Asthma,Central PA Medical,2025-01-27,2025-01-30,Commercial,3557.61,3,Paid
P11177,68,Female,Maryland,High Cholesterol,Harrisburg General Hospital,2025-01-27,2025-01-30,Medicaid,3634.76,3,Pending
P11182,53,Female,Virginia,Heart Disease,Allegheny Health Center,2025-01-27,2025-02-03,Medicaid,11255.92,7,Paid
P11223,47,Female,Pennsylvania,Heart Disease,Community Care Hospital,2025-01-27,2025-01-30,Commercial,12324.81,3,Paid
P11230,65,Male,New Jersey,High Cholesterol,Pinecrest Medical,2025-01-27,2025-02-04,Commercial,8414.46,8,Paid
P11338,33,Male,Delaware,High Cholesterol,Keystone Medical Center,2025-01-27,2025-01-30,Medicare,4363.68,3,Paid
P10058,79,Male,Maryland,Diabetes,Community Care Hospital,2025-01-28,2025-01-31,Commercial,5096.15,3,Pending
P10073,20,Female,New Jersey,Diabetes,Pinecrest Medical,2025-01-28,2025-01-31,Medicare,6603.77,3,Paid
P10132,44,Female,Virginia,High Cholesterol,Summit Health System,2025-01-28,2025-01-29,Commercial,2697.65,1,Paid
P10171,84,Male,Pennsylvania,High Cholesterol,Riverside Health,2025-01-28,2025-02-02,Medicaid,4861.72,5,Paid
P10215,56,Male,New York,Arthritis,Community Care Hospital,2025-01-28,2025-01-29,Commercial,2872.21,1,Paid
P10257,18,Female,New York,Kidney Disease,Riverside Health,2025-01-28,2025-02-01,Commercial,10062.76,4,Paid
P10305,36,Female,Maryland,Pneumonia,Summit Health System,2025-01-28,2025-02-01,Medicare,8633.5,4,Paid
P10373,73,Male,Pennsylvania,Pneumonia,Harrisburg General Hospital,2025-01-28,2025-02-03,Commercial,9655.51,6,Pending
P10458,35,Male,Pennsylvania,Arthritis,Harrisburg General Hospital,2025-01-28,2025-02-02,Medicare,4943.3,5,Paid
P10700,83,Female,Pennsylvania,High Cholesterol,Harrisburg General Hospital,2025-01-28,2025-02-06,Commercial,9626.78,9,Paid
P10791,19,Male,Pennsylvania,Heart Disease,Central PA Medical,2025-01-28,2025-02-02,Medicare,11897.87,5,Paid
P10817,71,Female,Pennsylvania,Diabetes,Keystone Medical Center,2025-01-28,2025-01-30,Commercial,3949.05,2,Pending
P10824,45,Female,Pennsylvania,Cancer,Summit Health System,2025-01-28,2025-02-08,Medicare,23905.99,11,Denied
P10958,38,Male,Virginia,Kidney Disease,Central PA Medical,2025-01-28,2025-02-08,Commercial,14590.87,11,Paid
P11009,18,Female,Pennsylvania,Pneumonia,Allegheny Health Center,2025-01-28,2025-01-29,Commercial,6199.34,1,Pending
P11352,68,Male,Pennsylvania,Heart Disease,Pinecrest Medical,2025-01-28,2025-02-06,Medicaid,15252.09,9,Paid
P11420,73,Female,New Jersey,High Cholesterol,Pinecrest Medical,2025-01-28,2025-01-30,Commercial,4763.56,2,Paid
P10010,33,Male,Ohio,Cancer,Harrisburg General Hospital,2025-01-29,2025-02-03,Commercial,17750.61,5,Paid
P10015,56,Male,Pennsylvania,Hypertension,Keystone Medical Center,2025-01-29,2025-01-30,Medicaid,1338.67,1,Paid
P10332,61,Female,Virginia,High Cholesterol,Pinecrest Medical,2025-01-29,2025-02-01,Commercial,3921.55,3,Denied
P10349,72,Female,Pennsylvania,Pneumonia,Pinecrest Medical,2025-01-29,2025-02-02,Medicaid,7976.76,4,Paid
P10494,84,Male,New York,COPD,Valley Care Hospital,2025-01-29,2025-02-01,Commercial,9672.98,3,Paid
P10545,29,Male,Pennsylvania,Kidney Disease,Allegheny Health Center,2025-01-29,2025-02-04,Medicare,10115.98,6,Paid
P10637,65,Male,Maryland,Diabetes,Central PA Medical,2025-01-29,2025-02-04,Commercial,7748.06,6,Paid
P10733,36,Female,New Jersey,High Cholesterol,Community Care Hospital,2025-01-29,2025-02-01,Medicare,3345.46,3,Paid
P10749,32,Female,New York,Hypertension,Riverside Health,2025-01-29,2025-01-31,Commercial,3899.1,2,Paid
P10762,70,Male,New Jersey,Arthritis,Central PA Medical,2025-01-29,2025-02-03,Commercial,4767.55,5,Denied
P10831,35,Female,Maryland,Arthritis,Keystone Medical Center,2025-01-29,2025-01-30,Commercial,3492.51,1,Paid
P10852,82,Male,Pennsylvania,Asthma,Pinecrest Medical,2025-01-29,2025-01-31,Medicare,1767.24,2,Pending
P11047,36,Female,New Jersey,Asthma,Summit Health System,2025-01-29,2025-02-02,Commercial,5221.53,4,Denied
P11167,81,Male,Maryland,Cancer,Riverside Health,2025-01-29,2025-01-30,Commercial,15897.16,1,Paid
P11450,21,Male,Pennsylvania,Cancer,Pinecrest Medical,2025-01-29,2025-02-02,Commercial,17142.45,4,Pending
P11454,45,Female,Ohio,COPD,Allegheny Health Center,2025-01-29,2025-02-08,Medicaid,12577.29,10,Paid
P10030,82,Male,Maryland,Heart Disease,Keystone Medical Center,2025-01-30,2025-01-31,Commercial,7799.11,1,Paid
P10121,35,Male,Pennsylvania,Cancer,Harrisburg General Hospital,2025-01-30,2025-02-03,Medicare,17030.21,4,Paid
P10138,33,Male,Pennsylvania,Cancer,Summit Health System,2025-01-30,2025-02-04,Commercial,17732.91,5,Denied
P10302,37,Male,Pennsylvania,Asthma,Penn Valley Hospital,2025-01-30,2025-02-06,Commercial,3655.38,7,Paid
P10340,65,Male,Pennsylvania,Kidney Disease,Penn Valley Hospital,2025-01-30,2025-02-08,Commercial,12415.49,9,Paid
P10411,24,Male,Maryland,Arthritis,Keystone Medical Center,2025-01-30,2025-02-03,Medicare,3611.6,4,Denied
P10709,49,Male,Pennsylvania,Pneumonia,Community Care Hospital,2025-01-30,2025-02-03,Medicare,7536.52,4,Paid
P10921,73,Female,Pennsylvania,Hypertension,Keystone Medical Center,2025-01-30,2025-02-01,Commercial,4822.39,2,Pending
P10930,47,Male,Pennsylvania,Cancer,Riverside Health,2025-01-30,2025-02-01,Commercial,16504.31,2,Paid
P10941,68,Female,Pennsylvania,Diabetes,Allegheny Health Center,2025-01-30,2025-02-09,Medicaid,12870.18,10,Paid
P11291,27,Female,Pennsylvania,High Cholesterol,Summit Health System,2025-01-30,2025-01-31,Medicaid,1427.72,1,Pending
P10295,32,Female,New York,Arthritis,Harrisburg General Hospital,2025-01-31,2025-02-03,Medicare,4252.7,3,Paid
P10297,30,Male,New York,Hypertension,Community Care Hospital,2025-01-31,2025-02-04,Medicare,4144.11,4,Paid
P10893,37,Female,New Jersey,COPD,Keystone Medical Center,2025-01-31,2025-02-03,Commercial,8197.66,3,Paid
P10910,22,Male,Ohio,Kidney Disease,Riverside Health,2025-01-31,2025-02-07,Commercial,11150.67,7,Denied
P11078,48,Male,Virginia,Hypertension,Central PA Medical,2025-01-31,2025-02-07,Medicare,8666.11,7,Paid
P11084,18,Male,Pennsylvania,Heart Disease,Allegheny Health Center,2025-01-31,2025-02-04,Self-Pay,9824.65,4,Paid
P11104,83,Male,New York,Asthma,Allegheny Health Center,2025-01-31,2025-02-04,Medicaid,4139.55,4,Paid
P10320,79,Male,Pennsylvania,Pneumonia,Summit Health System,2025-02-01,2025-02-02,Commercial,5857.69,1,Paid
P10379,75,Male,Pennsylvania,Cancer,Community Care Hospital,2025-02-01,2025-02-02,Commercial,14567.16,1,Paid
P10466,59,Male,New Jersey,Pneumonia,Keystone Medical Center,2025-02-01,2025-02-04,Commercial,8466.21,3,Paid
P10588,50,Male,Pennsylvania,High Cholesterol,Harrisburg General Hospital,2025-02-01,2025-02-10,Medicaid,6996.15,9,Paid
P10686,32,Female,Maryland,Hypertension,Allegheny Health Center,2025-02-01,2025-02-03,Commercial,3085.8,2,Paid
P10703,32,Female,Pennsylvania,Diabetes,Penn Valley Hospital,2025-02-01,2025-02-05,Medicaid,4857.28,4,Paid
P10724,25,Female,Ohio,Cancer,Pinecrest Medical,2025-02-01,2025-02-13,Medicare,23231.75,12,Paid
P10845,64,Female,Ohio,High Cholesterol,Valley Care Hospital,2025-02-01,2025-02-08,Medicare,3645.1,7,Paid
P11082,39,Male,Pennsylvania,Arthritis,Pinecrest Medical,2025-02-01,2025-02-11,Medicaid,8307.65,10,Paid
P10044,77,Female,Pennsylvania,Kidney Disease,Pinecrest Medical,2025-02-02,2025-02-04,Commercial,8356.03,2,Pending
P10765,84,Male,New York,Kidney Disease,Riverside Health,2025-02-02,2025-02-07,Commercial,10845.88,5,Paid
P10878,27,Male,New Jersey,Arthritis,Allegheny Health Center,2025-02-02,2025-02-04,Medicaid,3110.59,2,Paid
P10975,61,Female,Maryland,Hypertension,Riverside Health,2025-02-02,2025-02-05,Medicaid,3774.51,3,Pending
P11324,24,Male,Pennsylvania,Diabetes,Keystone Medical Center,2025-02-02,2025-02-08,Medicaid,8104.91,6,Paid
P11438,78,Female,Pennsylvania,Cancer,Allegheny Health Center,2025-02-02,2025-02-04,Medicare,15669.9,2,Pending
P10264,49,Male,New Jersey,Kidney Disease,Pinecrest Medical,2025-02-03,2025-02-09,Commercial,9003.14,6,Paid
P10331,64,Female,New York,Kidney Disease,Harrisburg General Hospital,2025-02-03,2025-02-04,Medicaid,7186.56,1,Paid
P10769,19,Male,Pennsylvania,Kidney Disease,Keystone Medical Center,2025-02-03,2025-02-08,Commercial,10272.35,5,Pending
P10792,80,Male,Pennsylvania,COPD,Community Care Hospital,2025-02-03,2025-02-07,Commercial,9952.56,4,Pending
P10815,69,Male,Pennsylvania,Pneumonia,Harrisburg General Hospital,2025-02-03,2025-02-07,Medicare,9158.8,4,Paid
P11208,31,Male,Pennsylvania,Arthritis,Riverside Health,2025-02-03,2025-02-05,Commercial,4389.05,2,Paid
P11350,49,Male,Pennsylvania,Asthma,Summit Health System,2025-02-03,2025-02-04,Medicare,1617.61,1,Paid
P11351,52,Female,Pennsylvania,Diabetes,Penn Valley Hospital,2025-02-03,2025-02-06,Commercial,4719.41,3,Paid
P11373,65,Male,New York,Diabetes,Central PA Medical,2025-02-03,2025-02-11,Medicare,6600.93,8,Paid
P10015,84,Female,Pennsylvania,Arthritis,Valley Care Hospital,2025-02-04,2025-02-06,Commercial,4652.47,2,Paid
P10140,45,Male,Pennsylvania,Asthma,Pinecrest Medical,2025-02-04,2025-02-11,Medicaid,5703.67,7,Paid
P10158,69,Male,New Jersey,Kidney Disease,Allegheny Health Center,2025-02-04,2025-02-08,Commercial,9828.56,4,Paid
P10223,40,Male,Pennsylvania,Diabetes,Valley Care Hospital,2025-02-04,2025-02-09,Self-Pay,5614.44,5,Paid
P10484,23,Female,Pennsylvania,Diabetes,Valley Care Hospital,2025-02-04,2025-02-10,Commercial,6694.5,6,Paid
P10508,26,Male,Pennsylvania,Asthma,Allegheny Health Center,2025-02-04,2025-02-05,Self-Pay,2735.33,1,Paid
P10708,55,Female,Pennsylvania,Arthritis,Penn Valley Hospital,2025-02-04,2025-02-05,Self-Pay,4882.38,1,Paid
P10963,64,Male,New Jersey,COPD,Summit Health System,2025-02-04,2025-02-09,Commercial,8095.01,5,Paid
P10988,57,Male,New Jersey,Kidney Disease,Keystone Medical Center,2025-02-04,2025-02-06,Commercial,9508.17,2,Paid
P11022,60,Male,Ohio,Cancer,Keystone Medical Center,2025-02-04,2025-02-07,Medicaid,15889.29,3,Denied
P11067,65,Male,Virginia,Heart Disease,Harrisburg General Hospital,2025-02-04,2025-02-08,Medicare,9658.74,4,Paid
P11095,30,Female,Pennsylvania,Diabetes,Community Care Hospital,2025-02-04,2025-02-09,Medicare,6654.09,5,Paid
P11121,22,Female,Pennsylvania,Kidney Disease,Allegheny Health Center,2025-02-04,2025-02-10,Medicare,9943.3,6,Paid
P11191,71,Male,Virginia,Pneumonia,Keystone Medical Center,2025-02-04,2025-02-10,Medicaid,8712.16,6,Paid
P11359,30,Female,Maryland,Hypertension,Pinecrest Medical,2025-02-04,2025-02-12,Medicaid,9928.37,8,Paid
P11500,81,Male,Pennsylvania,COPD,Penn Valley Hospital,2025-02-04,2025-02-11,Medicare,8137.68,7,Paid
P10273,74,Male,Maryland,Heart Disease,Summit Health System,2025-02-05,2025-02-09,Medicare,11662.66,4,Paid
P10353,68,Male,Virginia,Kidney Disease,Summit Health System,2025-02-05,2025-02-08,Commercial,9348.21,3,Denied
P10417,77,Female,New Jersey,Heart Disease,Penn Valley Hospital,2025-02-05,2025-02-07,Medicare,9883.1,2,Pending
P10452,51,Female,Virginia,Pneumonia,Summit Health System,2025-02-05,2025-02-07,Medicaid,6555.96,2,Paid
P10501,69,Male,Pennsylvania,Heart Disease,Central PA Medical,2025-02-05,2025-02-06,Medicaid,10394.47,1,Paid
P10502,24,Male,Virginia,Diabetes,Summit Health System,2025-02-05,2025-02-10,Commercial,5136.58,5,Paid
P10668,67,Male,Pennsylvania,Asthma,Pinecrest Medical,2025-02-05,2025-02-07,Medicare,4398.95,2,Pending
P10696,33,Male,Virginia,Kidney Disease,Harrisburg General Hospital,2025-02-05,2025-02-06,Commercial,8201.31,1,Paid
P11126,34,Male,Pennsylvania,Arthritis,Valley Care Hospital,2025-02-05,2025-02-06,Medicare,3466.75,1,Denied
P11302,26,Male,Pennsylvania,Hypertension,Penn Valley Hospital,2025-02-05,2025-02-08,Medicare,3597.59,3,Paid
P11401,77,Female,Pennsylvania,Arthritis,Harrisburg General Hospital,2025-02-05,2025-02-06,Medicaid,2811.32,1,Paid
P11439,40,Female,New Jersey,Heart Disease,Riverside Health,2025-02-05,2025-02-11,Commercial,12645.95,6,Paid
P10478,46,Female,Virginia,High Cholesterol,Central PA Medical,2025-02-06,2025-02-10,Medicare,2562.55,4,Paid
P10492,78,Female,Virginia,Hypertension,Summit Health System,2025-02-06,2025-02-12,Medicaid,4593.65,6,Paid
P10591,57,Female,Delaware,Diabetes,Allegheny Health Center,2025-02-06,2025-02-07,Medicare,2701.29,1,Paid
P10680,33,Male,Maryland,Hypertension,Summit Health System,2025-02-06,2025-02-16,Medicare,8891.85,10,Paid
P10860,52,Male,Pennsylvania,COPD,Keystone Medical Center,2025-02-06,2025-02-11,Commercial,10091.76,5,Paid
P10911,27,Male,Maryland,COPD,Valley Care Hospital,2025-02-06,2025-02-08,Medicaid,8219.17,2,Paid
P10981,80,Female,Virginia,Pneumonia,Harrisburg General Hospital,2025-02-06,2025-02-17,Commercial,9230.58,11,Pending
P11018,47,Male,Pennsylvania,Heart Disease,Central PA Medical,2025-02-06,2025-02-08,Medicare,11422.11,2,Paid
P11139,70,Female,New York,Kidney Disease,Community Care Hospital,2025-02-06,2025-02-14,Commercial,12385.05,8,Paid
P11331,57,Female,Delaware,COPD,Pinecrest Medical,2025-02-06,2025-02-07,Medicare,6986.15,1,Paid
P11354,26,Female,Pennsylvania,Hypertension,Valley Care Hospital,2025-02-06,2025-02-19,Self-Pay,14255.09,13,Paid
P11426,20,Male,New Jersey,COPD,Allegheny Health Center,2025-02-06,2025-02-09,Medicaid,8741.04,3,Paid
P10086,63,Female,New Jersey,Pneumonia,Pinecrest Medical,2025-02-07,2025-02-10,Commercial,5566.72,3,Paid
P10244,44,Female,New York,Heart Disease,Allegheny Health Center,2025-02-07,2025-02-11,Commercial,9501.89,4,Pending
P10290,39,Male,Pennsylvania,High Cholesterol,Summit Health System,2025-02-07,2025-02-15,Commercial,5717.9,8,Pending
P10347,33,Male,Pennsylvania,Diabetes,Community Care Hospital,2025-02-07,2025-02-09,Commercial,3265.94,2,Paid
P10397,62,Male,Virginia,Hypertension,Summit Health System,2025-02-07,2025-02-08,Medicaid,1854.47,1,Paid
P10514,84,Female,Delaware,Pneumonia,Central PA Medical,2025-02-07,2025-02-08,Commercial,6067.3,1,Paid
P10637,41,Female,Pennsylvania,Arthritis,Keystone Medical Center,2025-02-07,2025-02-11,Self-Pay,4784.39,4,Paid
P10748,46,Female,Pennsylvania,Heart Disease,Allegheny Health Center,2025-02-07,2025-02-17,Commercial,16945.64,10,Pending
P10775,20,Male,Pennsylvania,Hypertension,Community Care Hospital,2025-02-07,2025-02-09,Medicare,2553.32,2,Paid
P10837,28,Female,Pennsylvania,Hypertension,Penn Valley Hospital,2025-02-07,2025-02-13,Medicaid,7200.59,6,Paid
P10873,82,Female,Pennsylvania,Pneumonia,Pinecrest Medical,2025-02-07,2025-02-16,Commercial,13431.26,9,Denied
P10888,71,Male,Virginia,Diabetes,Keystone Medical Center,2025-02-07,2025-02-09,Self-Pay,5111.75,2,Paid
P11202,19,Female,Pennsylvania,Heart Disease,Summit Health System,2025-02-07,2025-02-10,Commercial,11008.51,3,Paid
P11252,48,Male,New Jersey,Cancer,Central PA Medical,2025-02-07,2025-02-09,Medicare,13752.25,2,Paid
P11409,83,Female,New Jersey,Arthritis,Penn Valley Hospital,2025-02-07,2025-02-14,Medicare,7657.76,7,Paid
P10099,54,Female,Pennsylvania,Arthritis,Allegheny Health Center,2025-02-08,2025-02-10,Self-Pay,2735.86,2,Paid
P10124,77,Female,Pennsylvania,Pneumonia,Allegheny Health Center,2025-02-08,2025-02-14,Commercial,8319.9,6,Paid
P10252,45,Male,Pennsylvania,Arthritis,Penn Valley Hospital,2025-02-08,2025-02-09,Medicaid,2700.51,1,Paid
P10294,33,Male,New Jersey,Pneumonia,Central PA Medical,2025-02-08,2025-02-18,Commercial,10146.36,10,Paid
P10368,35,Female,New Jersey,Diabetes,Summit Health System,2025-02-08,2025-02-13,Medicaid,6435.85,5,Paid
P10407,29,Male,Delaware,Heart Disease,Harrisburg General Hospital,2025-02-08,2025-02-12,Commercial,12021.55,4,Pending
P10538,43,Female,Pennsylvania,Cancer,Pinecrest Medical,2025-02-08,2025-02-11,Commercial,15694.56,3,Paid
P10610,34,Male,Maryland,High Cholesterol,Valley Care Hospital,2025-02-08,2025-02-09,Medicaid,1775.66,1,Denied
P10722,38,Female,Maryland,Asthma,Summit Health System,2025-02-08,2025-02-16,Commercial,7163.91,8,Pending
P10730,34,Male,Pennsylvania,Asthma,Keystone Medical Center,2025-02-08,2025-02-16,Self-Pay,4014.61,8,Pending
P10744,85,Male,Pennsylvania,Diabetes,Penn Valley Hospital,2025-02-08,2025-02-17,Medicaid,7801.82,9,Paid
P10787,71,Female,Ohio,COPD,Community Care Hospital,2025-02-08,2025-02-20,Medicare,15475.57,12,Paid
P10866,33,Male,Ohio,Hypertension,Central PA Medical,2025-02-08,2025-02-14,Commercial,6692.27,6,Paid
P10919,66,Male,Virginia,Pneumonia,Pinecrest Medical,2025-02-08,2025-02-10,Commercial,8475.72,2,Paid
P10968,54,Female,Pennsylvania,COPD,Summit Health System,2025-02-08,2025-02-16,Commercial,11184.04,8,Paid
P11055,29,Male,Virginia,High Cholesterol,Riverside Health,2025-02-08,2025-02-15,Commercial,5475.8,7,Pending
P11220,50,Female,Pennsylvania,Cancer,Penn Valley Hospital,2025-02-08,2025-02-17,Medicare,17271.43,9,Paid
P11243,48,Female,Pennsylvania,Kidney Disease,Harrisburg General Hospital,2025-02-08,2025-02-13,Commercial,9707.6,5,Paid
P11250,40,Female,Pennsylvania,Heart Disease,Allegheny Health Center,2025-02-08,2025-02-21,Commercial,13965.49,13,Paid
P11256,23,Female,Pennsylvania,COPD,Keystone Medical Center,2025-02-08,2025-02-12,Commercial,8910.02,4,Paid
P11324,49,Male,Virginia,Asthma,Keystone Medical Center,2025-02-08,2025-02-15,Medicaid,8461.41,7,Paid
P11349,48,Female,Pennsylvania,Pneumonia,Riverside Health,2025-02-08,2025-02-11,Commercial,7373.74,3,Paid
P11376,78,Female,New Jersey,COPD,Harrisburg General Hospital,2025-02-08,2025-02-15,Commercial,11463.86,7,Paid
P10012,77,Female,Delaware,Diabetes,Community Care Hospital,2025-02-09,2025-02-15,Commercial,5473.28,6,Paid
P10029,34,Female,Maryland,Hypertension,Valley Care Hospital,2025-02-09,2025-02-11,Medicare,2995.26,2,Paid
P10291,83,Male,Delaware,Pneumonia,Harrisburg General Hospital,2025-02-09,2025-02-13,Commercial,10196.48,4,Paid
P10377,83,Male,Pennsylvania,Diabetes,Harrisburg General Hospital,2025-02-09,2025-02-14,Medicare,7335.46,5,Pending
P10708,20,Male,Ohio,COPD,Allegheny Health Center,2025-02-09,2025-02-14,Medicaid,8073.21,5,Paid
P10717,42,Female,Delaware,COPD,Penn Valley Hospital,2025-02-09,2025-02-15,Commercial,11742.45,6,Paid
P10927,59,Male,Virginia,Arthritis,Community Care Hospital,2025-02-09,2025-02-22,Commercial,11141.11,13,Paid
P11021,70,Female,New Jersey,Heart Disease,Central PA Medical,2025-02-09,2025-02-11,Commercial,11058.55,2,Denied
P11197,35,Female,Ohio,High Cholesterol,Harrisburg General Hospital,2025-02-09,2025-02-16,Self-Pay,5244.58,7,Paid
P11224,42,Male,Maryland,Heart Disease,Keystone Medical Center,2025-02-09,2025-02-12,Commercial,10393.07,3,Paid
P11323,72,Male,Ohio,Hypertension,Riverside Health,2025-02-09,2025-02-14,Commercial,6036.31,5,Pending
P11365,47,Female,Ohio,Arthritis,Summit Health System,2025-02-09,2025-02-10,Commercial,3824.99,1,Paid
P11372,82,Female,Pennsylvania,High Cholesterol,Community Care Hospital,2025-02-09,2025-02-22,Medicaid,12213.35,13,Paid
P10146,44,Male,New York,Heart Disease,Allegheny Health Center,2025-02-10,2025-02-15,Commercial,11280.5,5,Paid
P10225,23,Female,New York,COPD,Riverside Health,2025-02-10,2025-02-22,Medicaid,12011.74,12,Paid
P10276,80,Male,Pennsylvania,Diabetes,Harrisburg General Hospital,2025-02-10,2025-02-13,Commercial,6220.05,3,Pending
P10350,79,Male,New Jersey,Hypertension,Community Care Hospital,2025-02-10,2025-02-20,Medicare,9511.15,10,Paid
P10439,34,Male,New Jersey,Cancer,Allegheny Health Center,2025-02-10,2025-02-12,Commercial,13570.95,2,Paid
P10538,32,Male,Pennsylvania,Asthma,Harrisburg General Hospital,2025-02-10,2025-02-18,Medicare,6843.76,8,Pending
P10640,75,Female,Delaware,High Cholesterol,Pinecrest Medical,2025-02-10,2025-02-12,Medicare,3207.06,2,Paid
P10655,26,Female,New Jersey,Hypertension,Summit Health System,2025-02-10,2025-02-13,Commercial,3498.83,3,Paid
P10870,82,Female,Maryland,Heart Disease,Pinecrest Medical,2025-02-10,2025-02-14,Commercial,11889.89,4,Paid
P10898,29,Male,Pennsylvania,Arthritis,Pinecrest Medical,2025-02-10,2025-02-12,Medicaid,4810.53,2,Paid
P10988,64,Male,New Jersey,Hypertension,Community Care Hospital,2025-02-10,2025-02-16,Medicaid,5548.63,6,Pending
P11023,74,Male,Pennsylvania,Arthritis,Allegheny Health Center,2025-02-10,2025-02-23,Medicaid,12696.32,13,Denied
P11033,76,Male,Pennsylvania,Hypertension,Allegheny Health Center,2025-02-10,2025-02-19,Medicaid,10796.75,9,Paid
P11195,52,Male,Pennsylvania,Kidney Disease,Keystone Medical Center,2025-02-10,2025-02-11,Commercial,7562.78,1,Paid
P11336,20,Female,Ohio,Kidney Disease,Central PA Medical,2025-02-10,2025-02-11,Commercial,7364.71,1,Paid
P11340,45,Male,Pennsylvania,Heart Disease,Pinecrest Medical,2025-02-10,2025-02-19,Medicare,15592.59,9,Pending
P11363,52,Female,Delaware,Asthma,Central PA Medical,2025-02-10,2025-02-13,Commercial,4452.43,3,Paid
P11485,43,Male,Delaware,Arthritis,Valley Care Hospital,2025-02-10,2025-02-14,Commercial,4428.56,4,Paid
P10099,27,Female,Pennsylvania,Heart Disease,Summit Health System,2025-02-11,2025-02-23,Medicare,18948.19,12,Denied
P10348,76,Female,Delaware,Heart Disease,Penn Valley Hospital,2025-02-11,2025-02-12,Commercial,8366.66,1,Paid
P10376,82,Male,Pennsylvania,Cancer,Community Care Hospital,2025-02-11,2025-02-16,Medicaid,18228.63,5,Paid
P10386,50,Male,New York,Hypertension,Central PA Medical,2025-02-11,2025-02-18,Medicaid,5808.19,7,Paid
P10406,33,Male,Virginia,Pneumonia,Keystone Medical Center,2025-02-11,2025-02-13,Medicare,6722.42,2,Paid
P10571,35,Male,Pennsylvania,Pneumonia,Harrisburg General Hospital,2025-02-11,2025-02-17,Commercial,8951.01,6,Pending
P10613,51,Male,Pennsylvania,Kidney Disease,Summit Health System,2025-02-11,2025-02-24,Commercial,16647.0,13,Paid
P10615,66,Female,New York,Pneumonia,Pinecrest Medical,2025-02-11,2025-02-14,Medicaid,7081.49,3,Paid
P10655,70,Male,Pennsylvania,High Cholesterol,Penn Valley Hospital,2025-02-11,2025-02-12,Commercial,1212.24,1,Paid
P10824,85,Female,Virginia,Hypertension,Pinecrest Medical,2025-02-11,2025-02-17,Commercial,8582.79,6,Paid
P10836,30,Female,Pennsylvania,Hypertension,Penn Valley Hospital,2025-02-11,2025-02-12,Commercial,3511.93,1,Pending
P10896,37,Female,Pennsylvania,Pneumonia,Allegheny Health Center,2025-02-11,2025-02-14,Medicaid,7629.94,3,Paid
P10959,32,Male,Pennsylvania,Kidney Disease,Community Care Hospital,2025-02-11,2025-02-13,Commercial,9101.06,2,Paid
P11009,82,Male,Pennsylvania,Kidney Disease,Keystone Medical Center,2025-02-11,2025-02-13,Medicaid,7485.43,2,Pending
P11105,61,Female,Pennsylvania,Cancer,Pinecrest Medical,2025-02-11,2025-02-14,Medicare,17534.3,3,Pending
P10023,28,Female,Pennsylvania,Cancer,Penn Valley Hospital,2025-02-12,2025-02-20,Commercial,20292.44,8,Paid
P10115,55,Female,New York,Arthritis,Pinecrest Medical,2025-02-12,2025-02-14,Commercial,3652.34,2,Pending
P10461,44,Male,Pennsylvania,Kidney Disease,Central PA Medical,2025-02-12,2025-02-16,Commercial,9759.48,4,Paid
P10532,57,Male,New York,Asthma,Valley Care Hospital,2025-02-12,2025-02-13,Medicare,2307.7,1,Paid
P10920,18,Female,Pennsylvania,Hypertension,Summit Health System,2025-02-12,2025-02-21,Commercial,7245.82,9,Paid
P11024,48,Female,Maryland,Diabetes,Riverside Health,2025-02-12,2025-02-14,Commercial,4398.08,2,Paid
P11058,36,Female,Pennsylvania,Asthma,Pinecrest Medical,2025-02-12,2025-02-16,Medicare,4407.11,4,Paid
P11071,35,Male,Pennsylvania,Arthritis,Community Care Hospital,2025-02-12,2025-02-21,Medicare,7269.66,9,Paid
P11185,66,Male,Pennsylvania,High Cholesterol,Allegheny Health Center,2025-02-12,2025-02-14,Commercial,2877.3,2,Paid
P11313,54,Male,New York,Pneumonia,Valley Care Hospital,2025-02-12,2025-02-24,Medicaid,13292.96,12,Pending
P11387,53,Male,Pennsylvania,Hypertension,Riverside Health,2025-02-12,2025-02-15,Self-Pay,4107.33,3,Paid
P11411,37,Male,Pennsylvania,Cancer,Summit Health System,2025-02-12,2025-02-24,Commercial,22372.81,12,Paid
P10078,83,Male,Maryland,Arthritis,Central PA Medical,2025-02-13,2025-02-17,Medicaid,5196.2,4,Paid
P10086,37,Female,Virginia,Diabetes,Pinecrest Medical,2025-02-13,2025-02-15,Commercial,3553.59,2,Paid
P10239,79,Female,New Jersey,Kidney Disease,Allegheny Health Center,2025-02-13,2025-02-24,Medicaid,12365.2,11,Pending
P10358,24,Female,Pennsylvania,COPD,Central PA Medical,2025-02-13,2025-02-20,Commercial,9988.36,7,Paid
P10614,83,Female,Pennsylvania,Cancer,Allegheny Health Center,2025-02-13,2025-02-20,Medicaid,18983.57,7,Denied
P10727,85,Female,New York,Diabetes,Keystone Medical Center,2025-02-13,2025-02-19,Medicaid,8164.31,6,Paid
P10882,22,Male,Pennsylvania,Pneumonia,Central PA Medical,2025-02-13,2025-02-26,Commercial,10606.38,13,Paid
P10931,36,Female,Pennsylvania,High Cholesterol,Pinecrest Medical,2025-02-13,2025-02-18,Medicaid,6953.78,5,Paid
P10954,83,Female,Virginia,Asthma,Harrisburg General Hospital,2025-02-13,2025-02-17,Commercial,4677.01,4,Denied
P11102,34,Female,Pennsylvania,Heart Disease,Allegheny Health Center,2025-02-13,2025-02-15,Commercial,10017.18,2,Pending
P11375,31,Female,Pennsylvania,COPD,Riverside Health,2025-02-13,2025-02-24,Medicare,16085.92,11,Paid
P11491,77,Female,New York,Cancer,Penn Valley Hospital,2025-02-13,2025-02-17,Medicaid,19045.36,4,Paid
P10098,72,Male,Pennsylvania,Arthritis,Central PA Medical,2025-02-14,2025-02-15,Medicare,3555.53,1,Paid
P10155,24,Male,Virginia,Kidney Disease,Central PA Medical,2025-02-14,2025-02-23,Commercial,13324.5,9,Paid
P10175,24,Male,Ohio,Arthritis,Allegheny Health Center,2025-02-14,2025-02-17,Self-Pay,3879.54,3,Paid
P10181,71,Male,Pennsylvania,Hypertension,Penn Valley Hospital,2025-02-14,2025-02-17,Medicare,4159.95,3,Pending
P10254,57,Female,New York,Heart Disease,Valley Care Hospital,2025-02-14,2025-02-15,Commercial,9692.35,1,Paid
P10366,31,Female,Ohio,Hypertension,Community Care Hospital,2025-02-14,2025-02-17,Medicare,6112.47,3,Paid
P10384,51,Male,Delaware,COPD,Central PA Medical,2025-02-14,2025-02-23,Commercial,9106.35,9,Pending
P10764,45,Male,Pennsylvania,Arthritis,Central PA Medical,2025-02-14,2025-02-17,Medicaid,4015.08,3,Denied
P11046,39,Male,Pennsylvania,Asthma,Summit Health System,2025-02-14,2025-02-27,Commercial,10966.74,13,Pending
P11442,60,Female,Ohio,Asthma,Allegheny Health Center,2025-02-14,2025-02-15,Commercial,1371.91,1,Pending
P10018,85,Male,New Jersey,Pneumonia,Allegheny Health Center,2025-02-15,2025-02-18,Commercial,7849.73,3,Paid
P10290,36,Male,Pennsylvania,Hypertension,Summit Health System,2025-02-15,2025-02-17,Medicare,4050.33,2,Paid
P10319,65,Female,Pennsylvania,COPD,Penn Valley Hospital,2025-02-15,2025-02-24,Commercial,13628.16,9,Denied
P10328,30,Female,Pennsylvania,Kidney Disease,Keystone Medical Center,2025-02-15,2025-02-25,Commercial,15282.64,10,Pending
P10410,39,Female,New York,COPD,Valley Care Hospital,2025-02-15,2025-02-17,Medicare,6331.41,2,Paid
P10449,60,Female,Pennsylvania,Cancer,Community Care Hospital,2025-02-15,2025-02-24,Commercial,23931.14,9,Pending
P10489,18,Female,Virginia,Pneumonia,Harrisburg General Hospital,2025-02-15,2025-02-19,Commercial,7745.02,4,Pending
P10649,69,Male,Pennsylvania,Pneumonia,Allegheny Health Center,2025-02-15,2025-02-18,Medicare,8510.64,3,Paid
P10921,65,Male,Pennsylvania,COPD,Pinecrest Medical,2025-02-15,2025-02-16,Self-Pay,7589.03,1,Paid
P10998,55,Female,Pennsylvania,Cancer,Central PA Medical,2025-02-15,2025-02-16,Commercial,13962.39,1,Pending
P11082,69,Female,Pennsylvania,Asthma,Keystone Medical Center,2025-02-15,2025-02-16,Self-Pay,2791.98,1,Denied
P11122,59,Female,Delaware,Pneumonia,Pinecrest Medical,2025-02-15,2025-02-21,Medicaid,8905.66,6,Pending
P11189,27,Female,Pennsylvania,Pneumonia,Harrisburg General Hospital,2025-02-15,2025-02-18,Commercial,7017.14,3,Paid
P11365,62,Female,New York,High Cholesterol,Harrisburg General Hospital,2025-02-15,2025-02-16,Medicare,3533.29,1,Paid
P11386,74,Male,Pennsylvania,Diabetes,Penn Valley Hospital,2025-02-15,2025-02-18,Commercial,6294.43,3,Denied
P10006,56,Female,New Jersey,Asthma,Penn Valley Hospital,2025-02-16,2025-02-21,Medicare,3164.74,5,Pending
P10037,26,Female,Virginia,Arthritis,Harrisburg General Hospital,2025-02-16,2025-02-18,Medicare,4868.4,2,Paid
P10112,23,Male,Ohio,Arthritis,Allegheny Health Center,2025-02-16,2025-02-25,Medicaid,9077.25,9,Paid
P10166,85,Female,Maryland,COPD,Central PA Medical,2025-02-16,2025-02-24,Self-Pay,12023.09,8,Paid
P10219,47,Female,New Jersey,Pneumonia,Summit Health System,2025-02-16,2025-02-18,Commercial,9205.28,2,Paid
P10260,78,Male,Pennsylvania,Cancer,Harrisburg General Hospital,2025-02-16,2025-02-23,Medicaid,17863.35,7,Paid
P10328,50,Female,Delaware,High Cholesterol,Riverside Health,2025-02-16,2025-02-23,Medicaid,4501.72,7,Paid
P10346,33,Male,New Jersey,Pneumonia,Pinecrest Medical,2025-02-16,2025-02-21,Commercial,10617.27,5,Paid
P10373,66,Male,Pennsylvania,Arthritis,Keystone Medical Center,2025-02-16,2025-02-18,Medicaid,2884.82,2,Paid
P10390,53,Male,Pennsylvania,Hypertension,Keystone Medical Center,2025-02-16,2025-02-19,Commercial,3288.59,3,Paid
P10507,28,Female,Ohio,High Cholesterol,Valley Care Hospital,2025-02-16,2025-02-18,Medicaid,2239.68,2,Paid
P10518,19,Male,Pennsylvania,Kidney Disease,Harrisburg General Hospital,2025-02-16,2025-02-24,Medicare,10647.02,8,Paid
P10588,31,Male,New York,Pneumonia,Central PA Medical,2025-02-16,2025-02-18,Medicare,7386.52,2,Paid
P10687,72,Female,Pennsylvania,Heart Disease,Community Care Hospital,2025-02-16,2025-02-19,Commercial,8855.52,3,Paid
P10735,83,Male,Maryland,COPD,Valley Care Hospital,2025-02-16,2025-02-25,Medicare,13137.85,9,Paid
P10753,19,Male,Virginia,Arthritis,Penn Valley Hospital,2025-02-16,2025-02-24,Commercial,7322.02,8,Denied
P10787,54,Male,Pennsylvania,Heart Disease,Riverside Health,2025-02-16,2025-02-22,Medicaid,12203.54,6,Paid
P10791,58,Female,Virginia,Heart Disease,Harrisburg General Hospital,2025-02-16,2025-02-20,Commercial,11948.52,4,Paid
P10944,72,Male,Pennsylvania,Kidney Disease,Valley Care Hospital,2025-02-16,2025-02-17,Medicaid,6402.63,1,Paid
P11278,34,Male,New York,Kidney Disease,Harrisburg General Hospital,2025-02-16,2025-02-21,Commercial,12472.77,5,Paid
P11297,27,Male,Ohio,Heart Disease,Penn Valley Hospital,2025-02-16,2025-02-24,Commercial,15425.95,8,Pending
P10004,74,Female,Virginia,Kidney Disease,Harrisburg General Hospital,2025-02-17,2025-02-21,Medicare,10476.45,4,Paid
P10040,27,Female,Delaware,Heart Disease,Central PA Medical,2025-02-17,2025-03-03,Medicaid,15593.54,14,Paid
P10126,32,Male,Pennsylvania,Asthma,Keystone Medical Center,2025-02-17,2025-02-20,Commercial,4206.19,3,Paid
P10300,60,Female,Pennsylvania,Kidney Disease,Riverside Health,2025-02-17,2025-02-20,Medicare,8284.84,3,Paid
P10412,71,Female,New York,Asthma,Central PA Medical,2025-02-17,2025-02-20,Self-Pay,4578.36,3,Paid
P10508,51,Male,Pennsylvania,Pneumonia,Riverside Health,2025-02-17,2025-02-21,Medicaid,8770.96,4,Paid
P10568,36,Female,Pennsylvania,COPD,Allegheny Health Center,2025-02-17,2025-02-26,Self-Pay,9838.32,9,Pending
P10621,55,Female,Ohio,Pneumonia,Summit Health System,2025-02-17,2025-02-22,Medicaid,10081.7,5,Pending
P10705,32,Male,Pennsylvania,Cancer,Penn Valley Hospital,2025-02-17,2025-02-18,Medicare,14254.02,1,Paid
P10721,81,Female,Pennsylvania,Hypertension,Keystone Medical Center,2025-02-17,2025-02-20,Commercial,5450.6,3,Paid
P10749,71,Male,New York,Heart Disease,Harrisburg General Hospital,2025-02-17,2025-02-21,Commercial,11499.61,4,Paid
P11012,25,Male,Pennsylvania,Pneumonia,Pinecrest Medical,2025-02-17,2025-02-23,Self-Pay,7443.3,6,Paid
P11071,55,Male,Ohio,Diabetes,Allegheny Health Center,2025-02-17,2025-02-23,Commercial,5895.9,6,Paid
P11438,57,Female,Virginia,High Cholesterol,Riverside Health,2025-02-17,2025-02-18,Medicaid,1622.8,1,Pending
P10127,49,Male,Pennsylvania,Arthritis,Central PA Medical,2025-02-18,2025-02-24,Commercial,5214.05,6,Pending
P10149,83,Male,Pennsylvania,Pneumonia,Harrisburg General Hospital,2025-02-18,2025-02-20,Commercial,8049.84,2,Pending
P10243,44,Female,Maryland,Asthma,Harrisburg General Hospital,2025-02-18,2025-02-26,Commercial,5139.13,8,Paid
P10279,83,Female,Virginia,Diabetes,Riverside Health,2025-02-18,2025-02-24,Commercial,4101.05,6,Paid
P10379,27,Female,Virginia,Arthritis,Riverside Health,2025-02-18,2025-02-20,Medicaid,4182.95,2,Paid
P10439,27,Male,Pennsylvania,COPD,Keystone Medical Center,2025-02-18,2025-02-23,Self-Pay,8546.74,5,Paid
P10452,27,Female,Virginia,COPD,Riverside Health,2025-02-18,2025-02-20,Commercial,8454.27,2,Paid
P10510,36,Male,Pennsylvania,Arthritis,Allegheny Health Center,2025-02-18,2025-02-19,Medicaid,3804.83,1,Paid
P10515,26,Female,New Jersey,Cancer,Central PA Medical,2025-02-18,2025-02-23,Medicaid,18144.49,5,Paid
P10587,42,Male,Ohio,Diabetes,Riverside Health,2025-02-18,2025-02-21,Medicare,5928.5,3,Paid
P10828,43,Female,Pennsylvania,Kidney Disease,Pinecrest Medical,2025-02-18,2025-02-26,Commercial,15090.08,8,Paid
P10898,35,Male,Pennsylvania,Kidney Disease,Allegheny Health Center,2025-02-18,2025-02-27,Medicaid,16097.24,9,Pending
P10946,42,Female,Pennsylvania,Cancer,Summit Health System,2025-02-18,2025-02-21,Commercial,16252.81,3,Denied
P11242,75,Male,Virginia,Hypertension,Keystone Medical Center,2025-02-18,2025-02-23,Medicare,6706.66,5,Paid
P11321,49,Male,Delaware,Kidney Disease,Valley Care Hospital,2025-02-18,2025-02-24,Medicaid,11166.5,6,Paid
P11361,54,Male,Pennsylvania,Heart Disease,Pinecrest Medical,2025-02-18,2025-02-20,Commercial,8373.96,2,Paid
P11395,70,Female,Pennsylvania,Pneumonia,Penn Valley Hospital,2025-02-18,2025-02-19,Commercial,7912.23,1,Paid
P11398,44,Female,Virginia,Cancer,Keystone Medical Center,2025-02-18,2025-02-19,Medicaid,15193.13,1,Denied
P11486,44,Male,Pennsylvania,COPD,Central PA Medical,2025-02-18,2025-02-21,Medicaid,6158.15,3,Paid
P10415,65,Male,Pennsylvania,COPD,Allegheny Health Center,2025-02-19,2025-02-26,Commercial,8862.8,7,Paid
P10488,68,Female,Pennsylvania,Pneumonia,Community Care Hospital,2025-02-19,2025-02-22,Medicare,6361.39,3,Paid
P10524,20,Female,Ohio,Cancer,Valley Care Hospital,2025-02-19,2025-02-24,Commercial,18104.91,5,Pending
P10526,85,Female,Virginia,High Cholesterol,Penn Valley Hospital,2025-02-19,2025-02-20,Medicare,2960.07,1,Paid
P10571,30,Male,New York,Diabetes,Penn Valley Hospital,2025-02-19,2025-02-25,Medicare,6506.56,6,Paid
P10691,62,Male,New York,Diabetes,Summit Health System,2025-02-19,2025-02-20,Medicare,3725.96,1,Paid
P10835,38,Male,Virginia,High Cholesterol,Riverside Health,2025-02-19,2025-02-22,Commercial,4684.39,3,Paid
P11018,85,Female,Pennsylvania,COPD,Central PA Medical,2025-02-19,2025-03-01,Commercial,13352.74,10,Paid
P11092,61,Female,Pennsylvania,Cancer,Keystone Medical Center,2025-02-19,2025-02-20,Medicare,12298.13,1,Pending
P11209,30,Female,Pennsylvania,High Cholesterol,Allegheny Health Center,2025-02-19,2025-02-26,Medicaid,7507.35,7,Paid
P11231,74,Female,Pennsylvania,Hypertension,Penn Valley Hospital,2025-02-19,2025-02-23,Commercial,4783.34,4,Paid
P11363,67,Female,Pennsylvania,Cancer,Keystone Medical Center,2025-02-19,2025-02-21,Commercial,16198.38,2,Paid
P10175,32,Female,Pennsylvania,Heart Disease,Community Care Hospital,2025-02-20,2025-02-22,Commercial,9061.94,2,Paid
P10185,77,Female,Pennsylvania,Kidney Disease,Harrisburg General Hospital,2025-02-20,2025-02-21,Medicare,9361.63,1,Paid
P10259,27,Female,Pennsylvania,Arthritis,Community Care Hospital,2025-02-20,2025-02-22,Medicare,3383.35,2,Paid
P10285,49,Male,New York,Asthma,Riverside Health,2025-02-20,2025-02-28,Medicaid,7636.1,8,Paid
P10365,69,Female,New Jersey,High Cholesterol,Allegheny Health Center,2025-02-20,2025-02-23,Commercial,2563.33,3,Paid
P10451,21,Female,Pennsylvania,Kidney Disease,Keystone Medical Center,2025-02-20,2025-02-23,Commercial,8577.12,3,Paid
P10459,54,Male,Pennsylvania,Kidney Disease,Community Care Hospital,2025-02-20,2025-02-27,Medicare,10701.44,7,Paid
P10476,25,Female,New Jersey,Kidney Disease,Community Care Hospital,2025-02-20,2025-02-26,Medicaid,11437.73,6,Paid
P10532,53,Female,Virginia,Hypertension,Harrisburg General Hospital,2025-02-20,2025-02-23,Medicaid,3710.22,3,Pending
P10578,50,Male,Pennsylvania,Asthma,Central PA Medical,2025-02-20,2025-02-22,Commercial,3190.51,2,Paid
P10647,60,Male,New Jersey,Arthritis,Harrisburg General Hospital,2025-02-20,2025-02-23,Medicare,1941.98,3,Paid
P11009,25,Male,Delaware,COPD,Valley Care Hospital,2025-02-20,2025-02-24,Medicare,5277.69,4,Paid
P11067,62,Male,New York,Pneumonia,Keystone Medical Center,2025-02-20,2025-02-25,Medicare,7946.3,5,Paid
P11144,37,Male,Pennsylvania,Pneumonia,Riverside Health,2025-02-20,2025-02-24,Commercial,8672.38,4,Paid
P11227,23,Male,Pennsylvania,Arthritis,Allegheny Health Center,2025-02-20,2025-02-22,Commercial,2898.4,2,Paid
P11454,56,Male,New York,Arthritis,Allegheny Health Center,2025-02-20,2025-02-22,Commercial,2694.01,2,Paid
P10069,61,Male,Pennsylvania,Heart Disease,Riverside Health,2025-02-21,2025-03-05,Commercial,17405.04,12,Paid
P10255,36,Female,New York,Diabetes,Community Care Hospital,2025-02-21,2025-02-25,Medicaid,6462.41,4,Paid
P10478,21,Male,Virginia,Asthma,Harrisburg General Hospital,2025-02-21,2025-02-27,Medicare,6709.31,6,Paid
P10693,76,Female,Virginia,Asthma,Pinecrest Medical,2025-02-21,2025-02-23,Medicare,2904.28,2,Pending
P10695,41,Male,New York,Kidney Disease,Riverside Health,2025-02-21,2025-02-23,Medicare,7725.6,2,Paid
P10730,52,Female,Pennsylvania,High Cholesterol,Valley Care Hospital,2025-02-21,2025-02-24,Commercial,4701.02,3,Paid
P10809,65,Female,Maryland,Pneumonia,Allegheny Health Center,2025-02-21,2025-02-26,Commercial,9022.72,5,Pending
P10815,24,Male,Pennsylvania,Pneumonia,Keystone Medical Center,2025-02-21,2025-02-25,Commercial,8131.58,4,Paid
P10837,24,Female,Virginia,Pneumonia,Community Care Hospital,2025-02-21,2025-02-23,Commercial,6888.56,2,Paid
P11211,75,Female,Virginia,Diabetes,Summit Health System,2025-02-21,2025-02-25,Medicaid,4328.45,4,Paid
P10002,53,Female,Pennsylvania,Cancer,Riverside Health,2025-02-22,2025-03-01,Medicaid,19717.63,7,Pending
P10270,63,Male,Delaware,Kidney Disease,Pinecrest Medical,2025-02-22,2025-02-26,Self-Pay,8973.29,4,Paid
P10328,64,Male,Pennsylvania,Kidney Disease,Valley Care Hospital,2025-02-22,2025-02-25,Medicare,9688.48,3,Paid
P10355,33,Male,Ohio,High Cholesterol,Riverside Health,2025-02-22,2025-02-28,Medicaid,4500.33,6,Pending
P10471,68,Male,Pennsylvania,COPD,Pinecrest Medical,2025-02-22,2025-02-26,Medicare,10590.69,4,Pending
P10535,71,Female,Maryland,High Cholesterol,Riverside Health,2025-02-22,2025-02-25,Commercial,4539.03,3,Paid
P10674,44,Male,New Jersey,Cancer,Allegheny Health Center,2025-02-22,2025-02-23,Commercial,15376.03,1,Paid
P10746,59,Female,Pennsylvania,COPD,Harrisburg General Hospital,2025-02-22,2025-02-26,Commercial,8752.13,4,Paid
P10867,20,Male,Maryland,Heart Disease,Central PA Medical,2025-02-22,2025-02-24,Medicare,8226.84,2,Denied
P10887,70,Female,Pennsylvania,COPD,Riverside Health,2025-02-22,2025-02-24,Commercial,8508.7,2,Pending
P10952,78,Male,Virginia,Arthritis,Penn Valley Hospital,2025-02-22,2025-02-23,Commercial,3609.09,1,Paid
P11004,72,Male,Pennsylvania,Heart Disease,Riverside Health,2025-02-22,2025-02-23,Commercial,7559.52,1,Paid
P11076,75,Male,Delaware,Hypertension,Valley Care Hospital,2025-02-22,2025-02-26,Commercial,4149.74,4,Paid
P11178,64,Male,New Jersey,Diabetes,Penn Valley Hospital,2025-02-22,2025-02-24,Medicaid,4812.34,2,Paid
P11392,45,Male,Pennsylvania,Cancer,Summit Health System,2025-02-22,2025-03-03,Commercial,17932.79,9,Paid
P10253,26,Male,Ohio,Asthma,Keystone Medical Center,2025-02-23,2025-03-02,Medicaid,5518.87,7,Paid
P10317,70,Female,New Jersey,Cancer,Keystone Medical Center,2025-02-23,2025-02-27,Medicaid,18713.09,4,Paid
P10319,80,Male,Pennsylvania,Hypertension,Penn Valley Hospital,2025-02-23,2025-02-26,Commercial,4368.41,3,Pending
P10330,80,Female,Delaware,Arthritis,Allegheny Health Center,2025-02-23,2025-02-28,Medicaid,7561.96,5,Paid
P10343,62,Male,New York,High Cholesterol,Keystone Medical Center,2025-02-23,2025-02-26,Commercial,3252.86,3,Paid
P10506,30,Female,New York,Cancer,Penn Valley Hospital,2025-02-23,2025-02-28,Medicaid,19314.42,5,Paid
P10756,56,Male,Pennsylvania,Pneumonia,Central PA Medical,2025-02-23,2025-02-25,Commercial,5896.14,2,Paid
P10796,69,Male,Delaware,High Cholesterol,Pinecrest Medical,2025-02-23,2025-03-06,Commercial,6594.81,11,Paid
P10845,83,Female,Pennsylvania,Pneumonia,Allegheny Health Center,2025-02-23,2025-03-02,Commercial,7324.45,7,Paid
P10943,76,Male,Pennsylvania,Arthritis,Central PA Medical,2025-02-23,2025-02-26,Commercial,4783.16,3,Paid
P11080,22,Male,Pennsylvania,Asthma,Pinecrest Medical,2025-02-23,2025-02-27,Medicaid,4263.2,4,Pending
P11170,45,Male,New York,Heart Disease,Harrisburg General Hospital,2025-02-23,2025-03-02,Medicare,12598.9,7,Paid
P11188,41,Male,Ohio,Cancer,Penn Valley Hospital,2025-02-23,2025-02-24,Commercial,16965.2,1,Paid
P11274,35,Female,Pennsylvania,Asthma,Pinecrest Medical,2025-02-23,2025-02-28,Medicare,4021.58,5,Pending
P11363,34,Male,New York,Diabetes,Pinecrest Medical,2025-02-23,2025-02-24,Commercial,3061.04,1,Denied
P11418,63,Male,New York,Heart Disease,Harrisburg General Hospital,2025-02-23,2025-03-06,Commercial,15540.83,11,Paid
P11482,46,Female,Pennsylvania,Arthritis,Penn Valley Hospital,2025-02-23,2025-02-28,Self-Pay,5547.97,5,Paid
P10315,35,Female,Pennsylvania,Pneumonia,Riverside Health,2025-02-24,2025-03-06,Medicaid,10314.82,10,Denied
P10451,47,Male,Pennsylvania,Diabetes,Summit Health System,2025-02-24,2025-03-01,Medicaid,6734.36,5,Paid
P10724,23,Female,Pennsylvania,Cancer,Central PA Medical,2025-02-24,2025-02-26,Medicaid,15267.09,2,Paid
P10890,59,Female,Pennsylvania,Arthritis,Harrisburg General Hospital,2025-02-24,2025-03-04,Commercial,8768.81,8,Paid
P10894,64,Female,New York,COPD,Harrisburg General Hospital,2025-02-24,2025-02-26,Medicare,8539.14,2,Pending
P10906,67,Female,Virginia,High Cholesterol,Summit Health System,2025-02-24,2025-02-25,Commercial,1430.86,1,Paid
P10956,18,Male,New Jersey,Heart Disease,Allegheny Health Center,2025-02-24,2025-03-04,Commercial,15305.34,8,Paid
P11055,82,Male,Virginia,Asthma,Community Care Hospital,2025-02-24,2025-03-01,Medicare,2892.01,5,Paid
P11075,80,Female,New Jersey,Asthma,Harrisburg General Hospital,2025-02-24,2025-02-26,Commercial,2787.59,2,Paid
P11094,48,Female,Delaware,Kidney Disease,Harrisburg General Hospital,2025-02-24,2025-03-03,Medicare,10783.03,7,Paid
P11316,43,Female,Virginia,Heart Disease,Valley Care Hospital,2025-02-24,2025-03-08,Commercial,17081.13,12,Paid
P11357,39,Male,Delaware,Pneumonia,Central PA Medical,2025-02-24,2025-03-02,Commercial,12172.27,6,Paid
P11460,46,Female,Pennsylvania,Kidney Disease,Central PA Medical,2025-02-24,2025-02-27,Commercial,8911.46,3,Paid
P11488,52,Male,Pennsylvania,Hypertension,Keystone Medical Center,2025-02-24,2025-02-28,Commercial,4184.44,4,Paid
P10102,51,Female,Delaware,Pneumonia,Community Care Hospital,2025-02-25,2025-03-01,Commercial,8766.84,4,Paid
P10176,22,Female,Delaware,Hypertension,Pinecrest Medical,2025-02-25,2025-02-27,Self-Pay,2818.98,2,Paid
P10219,25,Male,New Jersey,Asthma,Penn Valley Hospital,2025-02-25,2025-02-26,Medicaid,2219.45,1,Paid
P10275,60,Female,Pennsylvania,Diabetes,Keystone Medical Center,2025-02-25,2025-03-01,Commercial,5707.29,4,Paid
P10499,37,Female,Ohio,Heart Disease,Central PA Medical,2025-02-25,2025-03-04,Medicaid,11687.58,7,Paid
P10549,22,Male,New Jersey,Pneumonia,Riverside Health,2025-02-25,2025-02-27,Self-Pay,7321.67,2,Paid
P10723,76,Male,Pennsylvania,COPD,Penn Valley Hospital,2025-02-25,2025-02-26,Commercial,5827.61,1,Pending
P11212,35,Female,Pennsylvania,Arthritis,Harrisburg General Hospital,2025-02-25,2025-03-02,Commercial,4051.37,5,Paid
P11438,43,Female,Ohio,Arthritis,Summit Health System,2025-02-25,2025-02-27,Medicare,3764.38,2,Paid
P10044,19,Male,Pennsylvania,Kidney Disease,Summit Health System,2025-02-26,2025-02-27,Medicaid,8650.74,1,Paid
P10073,25,Female,Pennsylvania,Diabetes,Central PA Medical,2025-02-26,2025-03-02,Commercial,6411.03,4,Paid
P10258,20,Female,Pennsylvania,Hypertension,Penn Valley Hospital,2025-02-26,2025-03-01,Medicaid,4222.73,3,Paid
P10360,47,Male,Pennsylvania,Heart Disease,Pinecrest Medical,2025-02-26,2025-03-02,Commercial,11454.05,4,Paid
P10417,83,Male,Virginia,High Cholesterol,Harrisburg General Hospital,2025-02-26,2025-03-02,Medicare,3799.86,4,Paid
P10724,31,Male,New York,Cancer,Allegheny Health Center,2025-02-26,2025-02-28,Medicare,16181.82,2,Paid
P10877,32,Female,Virginia,Kidney Disease,Community Care Hospital,2025-02-26,2025-03-04,Medicare,9865.52,6,Paid
P11187,45,Female,New York,Kidney Disease,Summit Health System,2025-02-26,2025-02-27,Commercial,9340.74,1,Paid
P11210,72,Female,New York,Pneumonia,Valley Care Hospital,2025-02-26,2025-03-02,Medicaid,10136.89,4,Paid
P11284,22,Female,Virginia,Kidney Disease,Summit Health System,2025-02-26,2025-02-28,Medicare,8707.43,2,Paid
P10057,72,Female,Pennsylvania,Diabetes,Penn Valley Hospital,2025-02-27,2025-03-03,Medicare,6655.26,4,Paid
P10118,62,Female,Pennsylvania,Arthritis,Summit Health System,2025-02-27,2025-03-11,Commercial,11379.99,12,Paid
P10131,31,Female,Delaware,Heart Disease,Community Care Hospital,2025-02-27,2025-03-02,Commercial,9870.67,3,Paid
P10251,70,Male,Maryland,Cancer,Harrisburg General Hospital,2025-02-27,2025-03-01,Commercial,16945.47,2,Denied
P10511,62,Male,Virginia,Diabetes,Central PA Medical,2025-02-27,2025-03-02,Medicaid,3716.48,3,Pending
P10548,84,Male,New York,Cancer,Allegheny Health Center,2025-02-27,2025-02-28,Medicaid,15705.85,1,Paid
P10566,19,Male,Virginia,Diabetes,Keystone Medical Center,2025-02-27,2025-03-05,Commercial,7358.11,6,Paid
P10703,23,Male,Maryland,Pneumonia,Riverside Health,2025-02-27,2025-03-05,Commercial,9748.82,6,Paid
P10742,82,Female,Maryland,Heart Disease,Summit Health System,2025-02-27,2025-03-04,Self-Pay,12733.75,5,Denied
P11181,49,Female,New York,Asthma,Summit Health System,2025-02-27,2025-02-28,Medicaid,2735.46,1,Paid
P11207,20,Female,New York,Cancer,Valley Care Hospital,2025-02-27,2025-03-06,Medicare,18559.31,7,Denied
P11225,24,Male,New Jersey,Heart Disease,Pinecrest Medical,2025-02-27,2025-02-28,Medicare,9016.13,1,Paid
P11298,43,Female,Pennsylvania,Hypertension,Allegheny Health Center,2025-02-27,2025-03-02,Medicaid,4891.73,3,Paid
P11455,81,Male,New York,High Cholesterol,Riverside Health,2025-02-27,2025-03-03,Medicare,3340.78,4,Paid
P10127,70,Male,New York,Diabetes,Valley Care Hospital,2025-02-28,2025-03-04,Commercial,3508.66,4,Paid
P10249,79,Female,New York,Heart Disease,Summit Health System,2025-02-28,2025-03-03,Medicare,11101.98,3,Pending
P10251,59,Female,Ohio,Diabetes,Penn Valley Hospital,2025-02-28,2025-03-05,Commercial,5304.33,5,Paid
P10252,71,Female,Pennsylvania,Arthritis,Allegheny Health Center,2025-02-28,2025-03-01,Self-Pay,2707.94,1,Paid
P10264,75,Male,New York,Arthritis,Penn Valley Hospital,2025-02-28,2025-03-01,Medicare,3822.36,1,Paid
P10369,21,Male,Pennsylvania,High Cholesterol,Harrisburg General Hospital,2025-02-28,2025-03-01,Commercial,2831.25,1,Paid
P10425,52,Female,Pennsylvania,Hypertension,Community Care Hospital,2025-02-28,2025-03-01,Medicaid,4048.61,1,Paid
P10537,34,Female,New Jersey,Diabetes,Central PA Medical,2025-02-28,2025-03-03,Commercial,5142.64,3,Pending
P10603,73,Female,Ohio,High Cholesterol,Harrisburg General Hospital,2025-02-28,2025-03-05,Commercial,3331.26,5,Paid
P10644,67,Male,Ohio,Hypertension,Penn Valley Hospital,2025-02-28,2025-03-01,Medicare,3155.94,1,Paid
P10649,71,Male,Delaware,Hypertension,Allegheny Health Center,2025-02-28,2025-03-05,Commercial,6195.03,5,Paid
P10714,76,Female,Maryland,Kidney Disease,Penn Valley Hospital,2025-02-28,2025-03-11,Medicare,16372.14,11,Denied
P10786,69,Male,Delaware,Diabetes,Central PA Medical,2025-02-28,2025-03-01,Medicaid,4770.91,1,Paid
P10811,68,Female,New York,High Cholesterol,Allegheny Health Center,2025-02-28,2025-03-01,Medicare,2325.5,1,Denied
P10870,76,Male,New Jersey,Arthritis,Pinecrest Medical,2025-02-28,2025-03-05,Commercial,5315.47,5,Paid
P10982,82,Male,Delaware,Asthma,Summit Health System,2025-02-28,2025-03-04,Medicare,3715.55,4,Paid
P11004,23,Male,Virginia,COPD,Penn Valley Hospital,2025-02-28,2025-03-03,Commercial,7229.07,3,Paid
P11168,54,Male,New York,Diabetes,Riverside Health,2025-02-28,2025-03-03,Commercial,5380.79,3,Paid
P11228,62,Female,New Jersey,Asthma,Pinecrest Medical,2025-02-28,2025-03-03,Medicare,3941.16,3,Paid
P11288,21,Female,Virginia,Asthma,Penn Valley Hospital,2025-02-28,2025-03-08,Medicare,8096.53,8,Paid
P11353,60,Female,Delaware,Heart Disease,Harrisburg General Hospital,2025-02-28,2025-03-01,Medicaid,9659.61,1,Denied
P11463,83,Female,Pennsylvania,Hypertension,Harrisburg General Hospital,2025-02-28,2025-03-07,Medicaid,8882.64,7,Paid
P11476,62,Male,Pennsylvania,Heart Disease,Keystone Medical Center,2025-02-28,2025-03-03,Commercial,11048.33,3,Pending
P11482,69,Male,Maryland,Kidney Disease,Penn Valley Hospital,2025-02-28,2025-03-06,Medicare,11848.0,6,Paid
P10100,55,Male,Pennsylvania,Diabetes,Summit Health System,2025-03-01,2025-03-06,Medicaid,4660.57,5,Paid
P10139,66,Female,Delaware,Arthritis,Riverside Health,2025-03-01,2025-03-10,Commercial,9459.4,9,Paid
P10555,33,Female,Virginia,Cancer,Allegheny Health Center,2025-03-01,2025-03-05,Medicaid,19365.82,4,Paid
P10604,45,Male,Pennsylvania,Arthritis,Riverside Health,2025-03-01,2025-03-05,Medicaid,4755.09,4,Pending
P10674,80,Female,Ohio,Heart Disease,Harrisburg General Hospital,2025-03-01,2025-03-04,Commercial,10814.83,3,Paid
P10715,36,Female,New York,Heart Disease,Community Care Hospital,2025-03-01,2025-03-09,Medicaid,14130.48,8,Paid
P11052,29,Female,Pennsylvania,Kidney Disease,Valley Care Hospital,2025-03-01,2025-03-09,Medicare,11596.32,8,Paid
P11204,52,Female,Virginia,High Cholesterol,Penn Valley Hospital,2025-03-01,2025-03-04,Self-Pay,5169.37,3,Denied
P11261,24,Female,Virginia,Arthritis,Community Care Hospital,2025-03-01,2025-03-08,Medicare,7246.89,7,Paid
P11404,76,Female,Pennsylvania,Kidney Disease,Harrisburg General Hospital,2025-03-01,2025-03-03,Medicaid,7731.72,2,Paid
P11456,25,Female,New York,High Cholesterol,Valley Care Hospital,2025-03-01,2025-03-06,Commercial,5071.34,5,Paid
P10011,77,Male,Pennsylvania,Pneumonia,Riverside Health,2025-03-02,2025-03-03,Commercial,7207.61,1,Paid
P10203,31,Male,New Jersey,Heart Disease,Allegheny Health Center,2025-03-02,2025-03-13,Commercial,15446.62,11,Paid
P10239,26,Female,New Jersey,Kidney Disease,Harrisburg General Hospital,2025-03-02,2025-03-09,Medicaid,13495.87,7,Pending
P10279,80,Male,Virginia,Arthritis,Pinecrest Medical,2025-03-02,2025-03-08,Medicare,6048.21,6,Denied
P10360,66,Female,Delaware,Kidney Disease,Community Care Hospital,2025-03-02,2025-03-04,Commercial,8531.63,2,Paid
P10422,21,Male,Ohio,Pneumonia,Harrisburg General Hospital,2025-03-02,2025-03-03,Commercial,5897.99,1,Paid
P10477,42,Male,Delaware,Diabetes,Harrisburg General Hospital,2025-03-02,2025-03-07,Medicaid,5899.2,5,Pending
P10528,73,Female,New York,Cancer,Valley Care Hospital,2025-03-02,2025-03-03,Medicaid,15679.03,1,Paid
P10531,80,Male,Ohio,Pneumonia,Riverside Health,2025-03-02,2025-03-04,Medicare,7912.2,2,Paid
P10590,55,Male,Pennsylvania,Heart Disease,Central PA Medical,2025-03-02,2025-03-06,Commercial,11144.28,4,Paid
P10877,26,Female,Pennsylvania,Pneumonia,Pinecrest Medical,2025-03-02,2025-03-07,Medicare,7029.36,5,Pending
P10972,32,Female,New York,High Cholesterol,Valley Care Hospital,2025-03-02,2025-03-09,Medicare,4605.22,7,Paid
P11042,85,Male,Pennsylvania,COPD,Central PA Medical,2025-03-02,2025-03-03,Commercial,6635.92,1,Paid
P11133,42,Female,New Jersey,Hypertension,Allegheny Health Center,2025-03-02,2025-03-03,Commercial,3043.45,1,Paid
P11168,18,Female,Pennsylvania,Pneumonia,Valley Care Hospital,2025-03-02,2025-03-15,Commercial,13359.54,13,Pending
P11205,37,Female,Pennsylvania,Cancer,Riverside Health,2025-03-02,2025-03-06,Medicare,15272.76,4,Denied
P11308,54,Male,Virginia,Asthma,Keystone Medical Center,2025-03-02,2025-03-06,Medicaid,6716.56,4,Paid
P11400,56,Female,New York,Cancer,Central PA Medical,2025-03-02,2025-03-07,Commercial,20538.21,5,Paid
P10092,61,Male,Pennsylvania,Hypertension,Central PA Medical,2025-03-03,2025-03-08,Medicare,3514.7,5,Paid
P10187,32,Female,Ohio,Heart Disease,Penn Valley Hospital,2025-03-03,2025-03-10,Commercial,15727.52,7,Paid
P10247,33,Male,Pennsylvania,Kidney Disease,Pinecrest Medical,2025-03-03,2025-03-11,Self-Pay,10947.57,8,Pending
P10324,36,Male,Pennsylvania,COPD,Summit Health System,2025-03-03,2025-03-04,Medicare,6176.44,1,Paid
P10356,75,Female,New York,Diabetes,Harrisburg General Hospital,2025-03-03,2025-03-06,Medicaid,5256.51,3,Paid
P10607,74,Female,Delaware,Hypertension,Community Care Hospital,2025-03-03,2025-03-09,Self-Pay,7255.41,6,Paid
P10687,54,Male,Pennsylvania,Pneumonia,Pinecrest Medical,2025-03-03,2025-03-09,Commercial,9898.14,6,Paid
P10762,58,Male,Pennsylvania,Diabetes,Valley Care Hospital,2025-03-03,2025-03-05,Commercial,5149.61,2,Paid
P10769,58,Female,Pennsylvania,Diabetes,Penn Valley Hospital,2025-03-03,2025-03-09,Medicare,7245.08,6,Paid
P10886,37,Female,New York,COPD,Pinecrest Medical,2025-03-03,2025-03-05,Commercial,5861.81,2,Paid
P10921,65,Male,Pennsylvania,Cancer,Community Care Hospital,2025-03-03,2025-03-04,Commercial,12890.99,1,Pending
P11054,63,Male,Pennsylvania,Hypertension,Allegheny Health Center,2025-03-03,2025-03-06,Commercial,6145.26,3,Paid
P11107,46,Male,Pennsylvania,Diabetes,Valley Care Hospital,2025-03-03,2025-03-10,Commercial,6482.79,7,Denied
P11174,39,Male,Pennsylvania,Pneumonia,Community Care Hospital,2025-03-03,2025-03-10,Medicaid,10917.41,7,Paid
P11233,41,Male,New Jersey,Kidney Disease,Community Care Hospital,2025-03-03,2025-03-04,Commercial,7271.62,1,Pending
P11285,72,Female,New Jersey,Kidney Disease,Pinecrest Medical,2025-03-03,2025-03-04,Commercial,7224.49,1,Paid
P11484,48,Female,New York,Pneumonia,Harrisburg General Hospital,2025-03-03,2025-03-06,Medicaid,6892.87,3,Paid
P11496,80,Male,New Jersey,Hypertension,Harrisburg General Hospital,2025-03-03,2025-03-07,Commercial,4492.49,4,Pending
P10096,70,Male,Pennsylvania,Cancer,Allegheny Health Center,2025-03-04,2025-03-18,Medicare,24001.1,14,Paid
P10142,38,Male,Virginia,Hypertension,Keystone Medical Center,2025-03-04,2025-03-05,Medicare,2436.52,1,Pending
P10145,59,Female,Pennsylvania,Kidney Disease,Riverside Health,2025-03-04,2025-03-12,Commercial,11304.68,8,Denied
P10228,74,Female,Ohio,Asthma,Riverside Health,2025-03-04,2025-03-08,Self-Pay,5383.2,4,Paid
P10376,83,Male,Pennsylvania,High Cholesterol,Community Care Hospital,2025-03-04,2025-03-10,Commercial,6106.06,6,Paid
P10421,53,Female,Ohio,Hypertension,Penn Valley Hospital,2025-03-04,2025-03-05,Medicare,4118.39,1,Paid
P10436,81,Female,Pennsylvania,Hypertension,Penn Valley Hospital,2025-03-04,2025-03-06,Medicare,1486.9,2,Paid
P10632,37,Male,Pennsylvania,Hypertension,Pinecrest Medical,2025-03-04,2025-03-06,Commercial,3211.05,2,Paid
P10680,57,Male,New York,Cancer,Keystone Medical Center,2025-03-04,2025-03-08,Medicare,16256.11,4,Paid
P10740,23,Female,Virginia,Heart Disease,Riverside Health,2025-03-04,2025-03-07,Commercial,10643.34,3,Paid
P10761,55,Male,New York,Heart Disease,Penn Valley Hospital,2025-03-04,2025-03-12,Self-Pay,14992.29,8,Paid
P10806,74,Male,New Jersey,Heart Disease,Keystone Medical Center,2025-03-04,2025-03-06,Medicare,8699.09,2,Paid
P10817,67,Male,Pennsylvania,COPD,Summit Health System,2025-03-04,2025-03-06,Medicaid,7613.42,2,Paid
P10878,43,Female,New Jersey,Pneumonia,Central PA Medical,2025-03-04,2025-03-06,Medicare,6284.65,2,Paid
P11070,84,Male,Virginia,Kidney Disease,Central PA Medical,2025-03-04,2025-03-13,Commercial,12339.34,9,Pending
P11076,85,Male,Pennsylvania,Cancer,Community Care Hospital,2025-03-04,2025-03-09,Commercial,18860.74,5,Paid
P11221,35,Female,New Jersey,Hypertension,Riverside Health,2025-03-04,2025-03-09,Commercial,5117.32,5,Paid
P11438,85,Male,Pennsylvania,Hypertension,Central PA Medical,2025-03-04,2025-03-08,Commercial,6398.0,4,Denied
P11455,69,Male,New Jersey,Pneumonia,Pinecrest Medical,2025-03-04,2025-03-08,Commercial,8398.67,4,Paid
P10016,24,Male,Pennsylvania,Arthritis,Keystone Medical Center,2025-03-05,2025-03-06,Commercial,2139.9,1,Paid
P10070,51,Male,Pennsylvania,COPD,Penn Valley Hospital,2025-03-05,2025-03-10,Medicare,9030.59,5,Paid
P10415,65,Male,Virginia,COPD,Summit Health System,2025-03-05,2025-03-06,Medicare,5032.1,1,Paid
P10460,36,Male,Pennsylvania,Kidney Disease,Summit Health System,2025-03-05,2025-03-08,Medicare,8083.58,3,Denied
P10861,64,Female,Pennsylvania,COPD,Penn Valley Hospital,2025-03-05,2025-03-11,Medicare,8714.96,6,Paid
P10922,40,Female,Pennsylvania,Pneumonia,Harrisburg General Hospital,2025-03-05,2025-03-07,Commercial,7538.15,2,Paid
P11278,51,Male,Pennsylvania,Heart Disease,Penn Valley Hospital,2025-03-05,2025-03-09,Medicare,10903.27,4,Paid
P11296,85,Male,Ohio,Arthritis,Keystone Medical Center,2025-03-05,2025-03-06,Medicaid,1398.77,1,Paid
P11426,47,Female,Pennsylvania,Hypertension,Allegheny Health Center,2025-03-05,2025-03-12,Commercial,6352.62,7,Paid
P10071,44,Female,Maryland,Pneumonia,Summit Health System,2025-03-06,2025-03-09,Commercial,5276.17,3,Denied
P10249,59,Male,Pennsylvania,Heart Disease,Penn Valley Hospital,2025-03-06,2025-03-09,Medicare,11970.29,3,Paid
P10368,43,Female,New York,Kidney Disease,Allegheny Health Center,2025-03-06,2025-03-13,Medicaid,11393.85,7,Paid
P10410,28,Male,New Jersey,High Cholesterol,Penn Valley Hospital,2025-03-06,2025-03-10,Medicare,4170.43,4,Paid
P10611,47,Female,Pennsylvania,Arthritis,Allegheny Health Center,2025-03-06,2025-03-08,Commercial,4112.62,2,Paid
P10650,36,Male,Pennsylvania,Heart Disease,Central PA Medical,2025-03-06,2025-03-10,Medicaid,10615.58,4,Paid
P10786,49,Male,Ohio,Pneumonia,Penn Valley Hospital,2025-03-06,2025-03-07,Medicare,7143.96,1,Paid
P10841,71,Female,Pennsylvania,Diabetes,Pinecrest Medical,2025-03-06,2025-03-10,Medicaid,4398.92,4,Pending
P10962,76,Male,Ohio,Hypertension,Harrisburg General Hospital,2025-03-06,2025-03-09,Medicare,4072.07,3,Paid
P11071,40,Male,Delaware,Kidney Disease,Keystone Medical Center,2025-03-06,2025-03-12,Medicaid,10084.42,6,Paid
P11094,82,Female,Pennsylvania,Arthritis,Pinecrest Medical,2025-03-06,2025-03-09,Medicare,7139.67,3,Paid
P11319,69,Male,Pennsylvania,Heart Disease,Harrisburg General Hospital,2025-03-06,2025-03-08,Medicaid,10495.44,2,Paid
P11343,75,Male,New Jersey,Heart Disease,Community Care Hospital,2025-03-06,2025-03-14,Medicaid,16308.74,8,Denied
P10009,20,Female,Virginia,Hypertension,Summit Health System,2025-03-07,2025-03-09,Medicaid,3803.95,2,Pending
P10132,73,Female,Pennsylvania,Diabetes,Penn Valley Hospital,2025-03-07,2025-03-11,Medicaid,5387.36,4,Paid
P10423,20,Female,Delaware,Heart Disease,Harrisburg General Hospital,2025-03-07,2025-03-17,Medicaid,16302.54,10,Paid
P10445,49,Female,Pennsylvania,Arthritis,Pinecrest Medical,2025-03-07,2025-03-08,Medicare,1992.14,1,Denied
P10779,34,Male,New Jersey,Hypertension,Central PA Medical,2025-03-07,2025-03-13,Medicaid,4474.13,6,Pending
P10925,46,Female,New Jersey,COPD,Riverside Health,2025-03-07,2025-03-12,Medicare,9464.51,5,Paid
P11066,74,Male,New Jersey,Arthritis,Community Care Hospital,2025-03-07,2025-03-20,Commercial,9989.96,13,Paid
P11369,37,Male,New Jersey,Hypertension,Riverside Health,2025-03-07,2025-03-12,Medicaid,5312.17,5,Paid
P11405,56,Female,Maryland,Cancer,Summit Health System,2025-03-07,2025-03-08,Medicare,15403.12,1,Paid
P11433,65,Female,Pennsylvania,High Cholesterol,Harrisburg General Hospital,2025-03-07,2025-03-10,Commercial,3811.35,3,Paid
P11481,83,Male,Ohio,Diabetes,Harrisburg General Hospital,2025-03-07,2025-03-14,Medicare,7351.52,7,Paid
P10056,58,Male,Pennsylvania,Heart Disease,Harrisburg General Hospital,2025-03-08,2025-03-17,Commercial,13844.44,9,Pending
P10167,66,Female,New York,Arthritis,Summit Health System,2025-03-08,2025-03-09,Commercial,1417.3,1,Paid
P10328,51,Female,Delaware,Diabetes,Penn Valley Hospital,2025-03-08,2025-03-15,Medicare,9427.02,7,Paid
P10417,65,Male,Pennsylvania,High Cholesterol,Riverside Health,2025-03-08,2025-03-11,Medicare,3056.72,3,Pending
P10458,84,Female,Pennsylvania,Diabetes,Central PA Medical,2025-03-08,2025-03-20,Medicare,9825.41,12,Pending
P10478,21,Female,New Jersey,COPD,Penn Valley Hospital,2025-03-08,2025-03-17,Medicaid,12131.27,9,Paid
P10501,63,Female,New York,Kidney Disease,Community Care Hospital,2025-03-08,2025-03-11,Commercial,10380.69,3,Paid
P10886,79,Male,New Jersey,High Cholesterol,Harrisburg General Hospital,2025-03-08,2025-03-14,Commercial,7358.43,6,Paid
P10922,21,Male,Virginia,Kidney Disease,Summit Health System,2025-03-08,2025-03-11,Medicaid,8611.45,3,Denied
P10196,36,Male,Pennsylvania,Cancer,Central PA Medical,2025-03-09,2025-03-13,Medicare,15782.72,4,Paid
P10254,38,Female,Pennsylvania,Heart Disease,Central PA Medical,2025-03-09,2025-03-16,Medicare,14431.26,7,Paid
P10670,32,Female,Pennsylvania,Pneumonia,Keystone Medical Center,2025-03-09,2025-03-15,Commercial,9278.58,6,Paid
P10801,48,Female,Maryland,High Cholesterol,Keystone Medical Center,2025-03-09,2025-03-13,Commercial,4408.59,4,Pending
P10879,81,Female,Virginia,Arthritis,Keystone Medical Center,2025-03-09,2025-03-12,Commercial,4901.82,3,Paid
P10952,46,Female,Maryland,Pneumonia,Summit Health System,2025-03-09,2025-03-23,Medicaid,12993.72,14,Paid
P10955,22,Male,New Jersey,Pneumonia,Keystone Medical Center,2025-03-09,2025-03-23,Medicare,15074.32,14,Paid
P10992,63,Male,Pennsylvania,Heart Disease,Allegheny Health Center,2025-03-09,2025-03-21,Medicare,17648.64,12,Paid
P11042,69,Female,Pennsylvania,Kidney Disease,Keystone Medical Center,2025-03-09,2025-03-12,Commercial,9525.62,3,Paid
P11045,71,Male,Pennsylvania,COPD,Keystone Medical Center,2025-03-09,2025-03-16,Commercial,11018.54,7,Paid
P11226,31,Male,Pennsylvania,High Cholesterol,Harrisburg General Hospital,2025-03-09,2025-03-11,Commercial,1903.88,2,Paid
P11329,69,Male,New York,High Cholesterol,Harrisburg General Hospital,2025-03-09,2025-03-16,Commercial,6282.97,7,Paid
P11468,44,Female,Virginia,Cancer,Allegheny Health Center,2025-03-09,2025-03-17,Commercial,20543.42,8,Paid
P11486,44,Male,Pennsylvania,Pneumonia,Harrisburg General Hospital,2025-03-09,2025-03-14,Medicare,8279.66,5,Paid
P10086,18,Female,Ohio,Cancer,Riverside Health,2025-03-10,2025-03-16,Commercial,19158.72,6,Paid
P10107,31,Male,Pennsylvania,Pneumonia,Allegheny Health Center,2025-03-10,2025-03-14,Medicaid,7634.36,4,Paid
P10527,27,Male,Virginia,Kidney Disease,Community Care Hospital,2025-03-10,2025-03-15,Medicaid,9193.13,5,Pending
P10556,77,Male,Ohio,Heart Disease,Keystone Medical Center,2025-03-10,2025-03-11,Commercial,9711.96,1,Denied
P10610,33,Female,Pennsylvania,Pneumonia,Riverside Health,2025-03-10,2025-03-18,Commercial,13141.06,8,Paid
P10653,62,Male,Pennsylvania,Cancer,Keystone Medical Center,2025-03-10,2025-03-12,Medicare,15526.39,2,Paid
P10741,46,Male,New York,High Cholesterol,Summit Health System,2025-03-10,2025-03-11,Medicare,3504.83,1,Paid
P10967,30,Female,Ohio,Arthritis,Pinecrest Medical,2025-03-10,2025-03-11,Medicare,3831.85,1,Paid
P11038,82,Male,Pennsylvania,High Cholesterol,Penn Valley Hospital,2025-03-10,2025-03-14,Medicare,5353.52,4,Denied
P11169,66,Male,New Jersey,High Cholesterol,Riverside Health,2025-03-10,2025-03-17,Medicaid,8290.73,7,Paid
P11207,48,Female,Virginia,Hypertension,Summit Health System,2025-03-10,2025-03-14,Medicaid,5109.32,4,Pending
P11233,53,Male,Pennsylvania,Arthritis,Pinecrest Medical,2025-03-10,2025-03-21,Commercial,11834.22,11,Paid
P11234,84,Male,New Jersey,Diabetes,Valley Care Hospital,2025-03-10,2025-03-14,Commercial,4596.81,4,Paid
P11239,84,Male,Virginia,Kidney Disease,Community Care Hospital,2025-03-10,2025-03-13,Medicare,8741.6,3,Paid
P11297,62,Male,New Jersey,Pneumonia,Harrisburg General Hospital,2025-03-10,2025-03-18,Medicare,9427.42,8,Denied
P11307,42,Male,New Jersey,Pneumonia,Valley Care Hospital,2025-03-10,2025-03-22,Medicaid,16412.37,12,Denied
P11388,31,Female,New York,Diabetes,Penn Valley Hospital,2025-03-10,2025-03-13,Commercial,3563.6,3,Paid
P10105,59,Female,Maryland,Hypertension,Central PA Medical,2025-03-11,2025-03-13,Commercial,3773.01,2,Paid
P10158,69,Female,Pennsylvania,Hypertension,Valley Care Hospital,2025-03-11,2025-03-21,Commercial,7985.23,10,Paid
P10371,29,Female,Ohio,Pneumonia,Summit Health System,2025-03-11,2025-03-12,Medicaid,5368.35,1,Paid
P10390,55,Male,New York,Arthritis,Pinecrest Medical,2025-03-11,2025-03-12,Medicare,2652.62,1,Paid
P10493,51,Female,Delaware,Cancer,Summit Health System,2025-03-11,2025-03-16,Commercial,18090.0,5,Paid
P10708,21,Male,Pennsylvania,Pneumonia,Keystone Medical Center,2025-03-11,2025-03-16,Medicare,8803.16,5,Paid
P10954,65,Female,Pennsylvania,Diabetes,Valley Care Hospital,2025-03-11,2025-03-14,Medicare,5140.49,3,Paid
P11146,21,Male,Pennsylvania,Asthma,Central PA Medical,2025-03-11,2025-03-15,Self-Pay,4450.11,4,Paid
P11149,84,Female,New Jersey,Cancer,Penn Valley Hospital,2025-03-11,2025-03-16,Self-Pay,18792.88,5,Paid
P11231,22,Female,New Jersey,Hypertension,Summit Health System,2025-03-11,2025-03-13,Commercial,1449.14,2,Paid
P11384,67,Female,Pennsylvania,Arthritis,Riverside Health,2025-03-11,2025-03-14,Commercial,2063.0,3,Paid
P11400,48,Male,Maryland,Pneumonia,Allegheny Health Center,2025-03-11,2025-03-12,Medicaid,6733.5,1,Pending
P10109,22,Female,Pennsylvania,Hypertension,Harrisburg General Hospital,2025-03-12,2025-03-13,Commercial,4134.54,1,Paid
P10148,68,Male,Delaware,Arthritis,Valley Care Hospital,2025-03-12,2025-03-20,Commercial,7667.74,8,Paid
P10371,42,Female,New Jersey,Heart Disease,Allegheny Health Center,2025-03-12,2025-03-18,Medicare,12234.91,6,Pending
P10803,27,Male,New York,Pneumonia,Penn Valley Hospital,2025-03-12,2025-03-17,Commercial,6327.26,5,Paid
P11219,79,Male,Pennsylvania,Kidney Disease,Pinecrest Medical,2025-03-12,2025-03-13,Commercial,6602.12,1,Paid
P11311,61,Female,Pennsylvania,COPD,Valley Care Hospital,2025-03-12,2025-03-14,Commercial,6216.91,2,Paid
P10212,23,Male,Ohio,Diabetes,Riverside Health,2025-03-13,2025-03-18,Medicaid,4816.54,5,Paid
P10214,68,Female,New York,Cancer,Pinecrest Medical,2025-03-13,2025-03-27,Medicaid,24119.46,14,Denied
P10612,31,Male,Pennsylvania,Heart Disease,Central PA Medical,2025-03-13,2025-03-19,Medicaid,11292.62,6,Paid
P10618,46,Female,Maryland,Arthritis,Central PA Medical,2025-03-13,2025-03-15,Commercial,3050.49,2,Denied
P10631,48,Male,Pennsylvania,Arthritis,Penn Valley Hospital,2025-03-13,2025-03-17,Medicare,3386.46,4,Paid
P10634,64,Male,New Jersey,Diabetes,Penn Valley Hospital,2025-03-13,2025-03-27,Medicaid,11693.76,14,Denied
P10644,70,Male,Pennsylvania,Arthritis,Riverside Health,2025-03-13,2025-03-17,Medicare,2994.82,4,Paid
P10777,34,Male,Pennsylvania,Pneumonia,Allegheny Health Center,2025-03-13,2025-03-14,Medicaid,7507.82,1,Pending
P10939,38,Female,Pennsylvania,COPD,Summit Health System,2025-03-13,2025-03-16,Medicaid,8063.57,3,Paid
P10944,54,Female,New Jersey,Diabetes,Community Care Hospital,2025-03-13,2025-03-16,Commercial,5732.57,3,Paid
P11076,83,Male,Pennsylvania,Hypertension,Community Care Hospital,2025-03-13,2025-03-14,Medicare,2149.86,1,Paid
P11147,26,Male,New York,Heart Disease,Penn Valley Hospital,2025-03-13,2025-03-27,Commercial,14808.43,14,Paid
P11439,49,Male,Maryland,Pneumonia,Harrisburg General Hospital,2025-03-13,2025-03-14,Commercial,6175.81,1,Paid
P11457,21,Female,Maryland,Heart Disease,Community Care Hospital,2025-03-13,2025-03-22,Commercial,13592.84,9,Paid
P10032,34,Male,Maryland,Diabetes,Summit Health System,2025-03-14,2025-03-17,Medicare,3645.21,3,Paid
P10072,28,Male,Delaware,Diabetes,Community Care Hospital,2025-03-14,2025-03-16,Commercial,4462.71,2,Paid
P10094,40,Female,New Jersey,Arthritis,Valley Care Hospital,2025-03-14,2025-03-15,Commercial,3802.26,1,Denied
P10208,68,Male,Maryland,Kidney Disease,Penn Valley Hospital,2025-03-14,2025-03-21,Medicare,12078.79,7,Paid
P10254,69,Female,Virginia,Asthma,Central PA Medical,2025-03-14,2025-03-18,Commercial,5225.54,4,Paid
P10302,76,Male,New Jersey,Asthma,Community Care Hospital,2025-03-14,2025-03-18,Medicaid,4608.05,4,Paid
P10403,20,Male,Pennsylvania,Cancer,Summit Health System,2025-03-14,2025-03-21,Commercial,18810.08,7,Paid
P10494,62,Female,New Jersey,Diabetes,Allegheny Health Center,2025-03-14,2025-03-18,Commercial,5855.4,4,Paid
P10516,43,Male,Ohio,Cancer,Community Care Hospital,2025-03-14,2025-03-22,Medicaid,17949.92,8,Paid
P10559,30,Male,Virginia,Pneumonia,Harrisburg General Hospital,2025-03-14,2025-03-23,Commercial,13540.57,9,Pending
P10586,81,Female,Maryland,Diabetes,Penn Valley Hospital,2025-03-14,2025-03-17,Commercial,5674.9,3,Paid
P10618,44,Female,Maryland,Pneumonia,Harrisburg General Hospital,2025-03-14,2025-03-21,Medicare,9709.31,7,Paid
P10674,78,Male,New York,Diabetes,Keystone Medical Center,2025-03-14,2025-03-25,Commercial,7380.05,11,Pending
P10765,20,Male,New Jersey,Arthritis,Summit Health System,2025-03-14,2025-03-22,Medicaid,7315.75,8,Paid
P11025,74,Female,Pennsylvania,Cancer,Community Care Hospital,2025-03-14,2025-03-19,Commercial,16772.42,5,Paid
P11034,74,Male,Pennsylvania,High Cholesterol,Penn Valley Hospital,2025-03-14,2025-03-18,Medicaid,5630.82,4,Paid
P11221,78,Male,Delaware,Asthma,Riverside Health,2025-03-14,2025-03-20,Medicare,4399.93,6,Pending
P10173,40,Female,New York,Diabetes,Summit Health System,2025-03-15,2025-03-21,Commercial,6045.66,6,Paid
P10246,55,Female,Delaware,High Cholesterol,Central PA Medical,2025-03-15,2025-03-17,Commercial,2070.62,2,Paid
P10536,52,Male,Delaware,Heart Disease,Harrisburg General Hospital,2025-03-15,2025-03-22,Medicaid,12508.8,7,Paid
P10622,32,Male,Delaware,Asthma,Valley Care Hospital,2025-03-15,2025-03-17,Commercial,1284.28,2,Paid
P10766,28,Female,Pennsylvania,Pneumonia,Penn Valley Hospital,2025-03-15,2025-03-16,Medicare,5457.62,1,Paid
P10860,24,Male,Pennsylvania,COPD,Keystone Medical Center,2025-03-15,2025-03-17,Medicaid,6223.81,2,Paid
P10886,65,Female,New Jersey,Hypertension,Central PA Medical,2025-03-15,2025-03-17,Medicaid,3925.26,2,Paid
P11065,32,Male,Ohio,Hypertension,Allegheny Health Center,2025-03-15,2025-03-20,Commercial,4151.3,5,Paid
P11369,23,Female,Maryland,Cancer,Allegheny Health Center,2025-03-15,2025-03-20,Commercial,16951.6,5,Paid
P11407,22,Female,New York,COPD,Harrisburg General Hospital,2025-03-15,2025-03-27,Medicare,15476.95,12,Paid
P11496,25,Female,Pennsylvania,COPD,Community Care Hospital,2025-03-15,2025-03-17,Medicaid,5597.7,2,Paid
P10036,39,Female,Pennsylvania,Arthritis,Summit Health System,2025-03-16,2025-03-22,Medicare,4184.65,6,Paid
P10139,32,Male,Pennsylvania,Cancer,Harrisburg General Hospital,2025-03-16,2025-03-17,Medicaid,13363.18,1,Paid
P10362,39,Male,New Jersey,Arthritis,Keystone Medical Center,2025-03-16,2025-03-24,Medicaid,9955.55,8,Paid
P10403,20,Female,Pennsylvania,Arthritis,Valley Care Hospital,2025-03-16,2025-03-19,Commercial,4596.01,3,Paid
P10404,34,Female,Pennsylvania,Arthritis,Keystone Medical Center,2025-03-16,2025-03-21,Medicare,4277.98,5,Paid
P10522,61,Female,Pennsylvania,Kidney Disease,Community Care Hospital,2025-03-16,2025-03-24,Medicare,11405.49,8,Paid
P10813,20,Male,Pennsylvania,Heart Disease,Keystone Medical Center,2025-03-16,2025-03-18,Commercial,8899.27,2,Denied
P10985,65,Male,New York,Cancer,Penn Valley Hospital,2025-03-16,2025-03-20,Medicare,18030.81,4,Paid
P11005,45,Male,Pennsylvania,Pneumonia,Valley Care Hospital,2025-03-16,2025-03-18,Medicare,7645.12,2,Paid
P11018,22,Female,Virginia,Cancer,Valley Care Hospital,2025-03-16,2025-03-20,Medicaid,15442.89,4,Paid
P11057,39,Male,Virginia,Hypertension,Pinecrest Medical,2025-03-16,2025-03-21,Commercial,4697.68,5,Paid
P11165,46,Female,Pennsylvania,Arthritis,Valley Care Hospital,2025-03-16,2025-03-17,Commercial,1108.49,1,Paid
P11320,59,Male,Pennsylvania,Arthritis,Keystone Medical Center,2025-03-16,2025-03-30,Commercial,9415.21,14,Pending
P11345,31,Male,Pennsylvania,Kidney Disease,Pinecrest Medical,2025-03-16,2025-03-19,Medicare,9470.08,3,Paid
P11352,34,Male,Pennsylvania,COPD,Summit Health System,2025-03-16,2025-03-20,Commercial,6385.47,4,Paid
P11363,50,Male,New York,Arthritis,Harrisburg General Hospital,2025-03-16,2025-03-20,Medicare,4814.15,4,Paid
P11404,83,Male,Delaware,Heart Disease,Penn Valley Hospital,2025-03-16,2025-03-23,Medicaid,14766.49,7,Paid
P10235,77,Male,Ohio,Diabetes,Allegheny Health Center,2025-03-17,2025-03-21,Commercial,5553.31,4,Paid
P10472,73,Male,Pennsylvania,Heart Disease,Allegheny Health Center,2025-03-17,2025-03-23,Medicare,11467.58,6,Denied
P10510,25,Male,Pennsylvania,Diabetes,Harrisburg General Hospital,2025-03-17,2025-03-21,Medicaid,5909.33,4,Paid
P10601,70,Female,Maryland,Arthritis,Pinecrest Medical,2025-03-17,2025-03-23,Commercial,5592.68,6,Paid
P10615,56,Male,Delaware,Heart Disease,Keystone Medical Center,2025-03-17,2025-03-22,Medicaid,12647.53,5,Paid
P10698,54,Female,New Jersey,Arthritis,Valley Care Hospital,2025-03-17,2025-03-20,Medicare,2385.61,3,Paid
P10743,45,Female,Pennsylvania,Pneumonia,Valley Care Hospital,2025-03-17,2025-03-19,Medicare,6465.27,2,Paid
P10754,53,Male,New York,Hypertension,Keystone Medical Center,2025-03-17,2025-03-20,Medicare,4110.71,3,Pending
P10829,73,Female,New Jersey,Diabetes,Pinecrest Medical,2025-03-17,2025-03-22,Commercial,4731.97,5,Paid
P10962,40,Female,Virginia,Pneumonia,Allegheny Health Center,2025-03-17,2025-03-19,Commercial,5928.44,2,Paid
P10978,65,Male,Ohio,High Cholesterol,Harrisburg General Hospital,2025-03-17,2025-03-19,Medicaid,3221.81,2,Paid
P11200,47,Female,New Jersey,Asthma,Summit Health System,2025-03-17,2025-03-23,Commercial,7120.6,6,Paid
P11211,62,Male,Delaware,Heart Disease,Harrisburg General Hospital,2025-03-17,2025-03-21,Medicaid,12085.61,4,Paid
P11244,29,Female,Delaware,Hypertension,Community Care Hospital,2025-03-17,2025-03-22,Medicare,4727.71,5,Paid
P11249,71,Female,Ohio,COPD,Valley Care Hospital,2025-03-17,2025-03-20,Medicare,7799.22,3,Paid
P11396,74,Female,Pennsylvania,Diabetes,Summit Health System,2025-03-17,2025-03-19,Medicare,5027.97,2,Paid
P10057,33,Male,New York,High Cholesterol,Harrisburg General Hospital,2025-03-18,2025-03-20,Medicare,2714.54,2,Paid
P10079,43,Female,New York,Diabetes,Community Care Hospital,2025-03-18,2025-03-21,Commercial,5935.04,3,Paid
P10124,34,Male,New York,Diabetes,Riverside Health,2025-03-18,2025-03-21,Medicaid,3828.8,3,Paid
P10213,75,Male,Pennsylvania,Asthma,Harrisburg General Hospital,2025-03-18,2025-03-22,Medicare,4517.83,4,Paid
P10248,31,Female,Maryland,Cancer,Pinecrest Medical,2025-03-18,2025-03-23,Medicaid,18013.41,5,Denied
P10584,39,Female,New Jersey,Diabetes,Riverside Health,2025-03-18,2025-03-19,Commercial,3965.23,1,Paid
P11082,36,Female,Pennsylvania,Arthritis,Keystone Medical Center,2025-03-18,2025-03-19,Medicare,3324.96,1,Paid
P11317,26,Female,New York,Pneumonia,Keystone Medical Center,2025-03-18,2025-03-20,Medicaid,7265.49,2,Paid
P10176,67,Female,Maryland,Heart Disease,Community Care Hospital,2025-03-19,2025-03-21,Medicaid,8816.44,2,Pending
P10338,51,Female,Maryland,Heart Disease,Riverside Health,2025-03-19,2025-03-30,Commercial,15390.95,11,Paid
P10342,57,Male,Virginia,Cancer,Pinecrest Medical,2025-03-19,2025-03-22,Commercial,17256.4,3,Pending
P10408,61,Male,Virginia,Hypertension,Summit Health System,2025-03-19,2025-03-30,Commercial,6857.22,11,Paid
P10594,64,Male,Ohio,Diabetes,Keystone Medical Center,2025-03-19,2025-03-24,Medicaid,6860.22,5,Paid
P10844,18,Female,Pennsylvania,Pneumonia,Penn Valley Hospital,2025-03-19,2025-03-21,Commercial,6779.33,2,Paid
P10946,30,Female,Pennsylvania,High Cholesterol,Riverside Health,2025-03-19,2025-03-21,Commercial,4490.29,2,Paid
P11166,52,Female,New York,Cancer,Community Care Hospital,2025-03-19,2025-03-28,Medicaid,22928.04,9,Paid
P11218,50,Male,Virginia,Arthritis,Riverside Health,2025-03-19,2025-03-20,Commercial,3445.58,1,Paid
P11387,56,Female,Pennsylvania,Asthma,Riverside Health,2025-03-19,2025-03-31,Commercial,10316.19,12,Paid
P11395,76,Female,Pennsylvania,Asthma,Penn Valley Hospital,2025-03-19,2025-03-21,Medicare,2421.16,2,Denied
P10060,40,Male,Maryland,Hypertension,Community Care Hospital,2025-03-20,2025-03-26,Commercial,6787.45,6,Paid
P10078,81,Female,Ohio,Kidney Disease,Allegheny Health Center,2025-03-20,2025-03-24,Commercial,8177.58,4,Paid
P10152,61,Female,Pennsylvania,Heart Disease,Central PA Medical,2025-03-20,2025-03-31,Medicaid,15951.64,11,Paid
P10393,74,Female,New York,Diabetes,Allegheny Health Center,2025-03-20,2025-03-27,Medicaid,8441.0,7,Pending
P10540,64,Female,Pennsylvania,Diabetes,Community Care Hospital,2025-03-20,2025-03-21,Medicaid,3133.11,1,Paid
P10554,37,Male,Pennsylvania,COPD,Summit Health System,2025-03-20,2025-03-26,Commercial,9907.71,6,Paid
P10595,54,Male,Pennsylvania,Pneumonia,Valley Care Hospital,2025-03-20,2025-03-24,Commercial,6679.08,4,Paid
P10855,79,Male,Pennsylvania,COPD,Pinecrest Medical,2025-03-20,2025-03-29,Commercial,11502.37,9,Paid
P11217,67,Female,Pennsylvania,Pneumonia,Valley Care Hospital,2025-03-20,2025-03-23,Commercial,6689.77,3,Paid
P11253,69,Male,Pennsylvania,Kidney Disease,Allegheny Health Center,2025-03-20,2025-03-22,Commercial,8442.26,2,Paid
P11401,77,Male,Pennsylvania,Cancer,Penn Valley Hospital,2025-03-20,2025-03-29,Commercial,18794.24,9,Paid
P10197,68,Male,New York,Heart Disease,Allegheny Health Center,2025-03-21,2025-03-24,Medicaid,9546.27,3,Paid
P10684,39,Female,New Jersey,Arthritis,Allegheny Health Center,2025-03-21,2025-03-28,Medicare,8706.14,7,Paid
P10711,35,Female,Virginia,Arthritis,Valley Care Hospital,2025-03-21,2025-03-25,Commercial,3548.59,4,Pending
P10971,59,Male,New Jersey,COPD,Harrisburg General Hospital,2025-03-21,2025-03-23,Commercial,7998.72,2,Paid
P11254,77,Female,Pennsylvania,Asthma,Keystone Medical Center,2025-03-21,2025-03-22,Medicaid,2778.46,1,Denied
P11464,58,Female,New York,Hypertension,Penn Valley Hospital,2025-03-21,2025-03-26,Medicare,6011.56,5,Paid
P10362,73,Male,Delaware,Cancer,Valley Care Hospital,2025-03-22,2025-03-26,Commercial,17195.41,4,Paid
P10504,84,Male,Pennsylvania,Asthma,Keystone Medical Center,2025-03-22,2025-04-02,Commercial,7292.86,11,Paid
P10621,71,Male,Maryland,Hypertension,Community Care Hospital,2025-03-22,2025-03-23,Medicare,2532.09,1,Paid
P10841,47,Male,Pennsylvania,Kidney Disease,Riverside Health,2025-03-22,2025-03-29,Medicare,9066.87,7,Paid
P10898,61,Male,Virginia,Hypertension,Summit Health System,2025-03-22,2025-03-24,Medicare,2645.35,2,Paid
P10996,68,Female,Ohio,Pneumonia,Penn Valley Hospital,2025-03-22,2025-03-27,Medicaid,9294.98,5,Paid
P11132,45,Female,New Jersey,Cancer,Allegheny Health Center,2025-03-22,2025-03-26,Commercial,15919.12,4,Paid
P11216,65,Male,New York,Kidney Disease,Summit Health System,2025-03-22,2025-03-24,Commercial,9550.07,2,Pending
P11237,54,Male,New Jersey,COPD,Summit Health System,2025-03-22,2025-03-25,Medicaid,7565.04,3,Paid
P11264,35,Male,Virginia,Kidney Disease,Penn Valley Hospital,2025-03-22,2025-03-23,Commercial,7459.02,1,Pending
P11348,25,Female,Pennsylvania,Pneumonia,Community Care Hospital,2025-03-22,2025-04-03,Medicaid,15816.58,12,Denied
P11395,23,Female,New Jersey,High Cholesterol,Harrisburg General Hospital,2025-03-22,2025-03-26,Commercial,2947.79,4,Pending
P11476,63,Male,Pennsylvania,Pneumonia,Harrisburg General Hospital,2025-03-22,2025-04-02,Medicaid,14920.13,11,Denied
P10090,80,Male,New York,Asthma,Allegheny Health Center,2025-03-23,2025-03-26,Medicaid,2794.33,3,Paid
P10230,55,Male,Pennsylvania,Heart Disease,Allegheny Health Center,2025-03-23,2025-04-01,Medicaid,13289.88,9,Paid
P10388,43,Male,Pennsylvania,Asthma,Summit Health System,2025-03-23,2025-03-30,Commercial,7424.25,7,Pending
P10449,72,Female,Pennsylvania,Pneumonia,Summit Health System,2025-03-23,2025-03-24,Medicaid,6079.7,1,Paid
P10500,74,Male,Pennsylvania,Cancer,Penn Valley Hospital,2025-03-23,2025-03-25,Commercial,15243.08,2,Pending
P10557,23,Female,Pennsylvania,High Cholesterol,Riverside Health,2025-03-23,2025-03-27,Medicaid,2350.45,4,Paid
P10655,44,Female,Pennsylvania,Arthritis,Allegheny Health Center,2025-03-23,2025-03-30,Self-Pay,4374.65,7,Paid
P10855,81,Male,Pennsylvania,High Cholesterol,Community Care Hospital,2025-03-23,2025-03-29,Commercial,4900.28,6,Pending
P10965,44,Female,New York,Hypertension,Riverside Health,2025-03-23,2025-03-26,Commercial,3060.95,3,Paid
P11054,55,Male,Pennsylvania,Arthritis,Keystone Medical Center,2025-03-23,2025-03-31,Commercial,4345.76,8,Paid
P11078,76,Female,Virginia,Cancer,Penn Valley Hospital,2025-03-23,2025-03-26,Medicaid,16185.23,3,Paid
P11130,61,Female,Maryland,Asthma,Summit Health System,2025-03-23,2025-03-26,Medicare,4771.91,3,Denied
P11198,79,Female,New Jersey,Pneumonia,Harrisburg General Hospital,2025-03-23,2025-03-28,Medicare,10460.65,5,Paid
P11354,77,Male,Delaware,Hypertension,Summit Health System,2025-03-23,2025-03-25,Commercial,3414.92,2,Paid
P11410,27,Female,Pennsylvania,COPD,Keystone Medical Center,2025-03-23,2025-03-28,Commercial,10539.57,5,Denied
P10099,38,Female,Maryland,Arthritis,Keystone Medical Center,2025-03-24,2025-03-27,Commercial,5442.46,3,Paid
P10475,34,Female,Pennsylvania,Heart Disease,Valley Care Hospital,2025-03-24,2025-03-26,Commercial,10847.99,2,Pending
P10555,79,Male,Maryland,Arthritis,Community Care Hospital,2025-03-24,2025-03-26,Commercial,3140.3,2,Denied
P10807,43,Female,Pennsylvania,Arthritis,Valley Care Hospital,2025-03-24,2025-04-02,Commercial,7019.1,9,Paid
P10919,20,Male,Pennsylvania,High Cholesterol,Keystone Medical Center,2025-03-24,2025-04-01,Commercial,6867.52,8,Pending
P11063,46,Male,Pennsylvania,COPD,Harrisburg General Hospital,2025-03-24,2025-04-01,Medicaid,13396.06,8,Paid
P11215,26,Female,Maryland,Arthritis,Harrisburg General Hospital,2025-03-24,2025-04-01,Medicare,7527.89,8,Paid
P11355,65,Male,Pennsylvania,Heart Disease,Riverside Health,2025-03-24,2025-03-29,Medicare,10824.86,5,Paid
P11369,20,Male,New York,Heart Disease,Community Care Hospital,2025-03-24,2025-03-26,Commercial,9556.77,2,Paid
P11425,36,Female,Pennsylvania,High Cholesterol,Allegheny Health Center,2025-03-24,2025-03-26,Commercial,3189.63,2,Paid
P10046,33,Male,New Jersey,COPD,Central PA Medical,2025-03-25,2025-03-26,Medicare,6155.04,1,Paid
P10184,60,Female,Virginia,COPD,Summit Health System,2025-03-25,2025-03-30,Medicare,12125.2,5,Paid
P10194,69,Male,Pennsylvania,Pneumonia,Harrisburg General Hospital,2025-03-25,2025-03-29,Medicare,7718.0,4,Paid
P10205,62,Female,Pennsylvania,Arthritis,Harrisburg General Hospital,2025-03-25,2025-03-26,Medicaid,3722.25,1,Paid
P10216,40,Male,Virginia,Asthma,Central PA Medical,2025-03-25,2025-03-28,Commercial,2086.7,3,Paid
P10258,68,Female,Pennsylvania,High Cholesterol,Penn Valley Hospital,2025-03-25,2025-03-27,Medicare,1992.27,2,Denied
P10455,64,Female,Pennsylvania,Kidney Disease,Community Care Hospital,2025-03-25,2025-03-30,Commercial,10586.75,5,Paid
P10522,61,Female,Virginia,Heart Disease,Penn Valley Hospital,2025-03-25,2025-03-26,Medicare,10059.87,1,Paid
P10603,43,Male,Ohio,Heart Disease,Allegheny Health Center,2025-03-25,2025-04-03,Medicare,13679.46,9,Paid
P10637,28,Male,Delaware,Diabetes,Harrisburg General Hospital,2025-03-25,2025-03-28,Commercial,3679.77,3,Pending
P10727,79,Female,Pennsylvania,Pneumonia,Harrisburg General Hospital,2025-03-25,2025-03-28,Medicaid,7317.26,3,Paid
P10733,18,Female,Pennsylvania,Asthma,Central PA Medical,2025-03-25,2025-04-04,Medicaid,8796.66,10,Paid
P10759,58,Female,Pennsylvania,Kidney Disease,Community Care Hospital,2025-03-25,2025-04-01,Medicaid,9729.71,7,Paid
P10896,31,Female,Pennsylvania,Diabetes,Summit Health System,2025-03-25,2025-04-05,Commercial,9399.36,11,Paid
P10943,72,Male,Pennsylvania,Diabetes,Allegheny Health Center,2025-03-25,2025-03-31,Medicare,8701.92,6,Paid
P10951,81,Female,Delaware,High Cholesterol,Harrisburg General Hospital,2025-03-25,2025-04-04,Commercial,8738.42,10,Paid
P10968,54,Male,Pennsylvania,Hypertension,Valley Care Hospital,2025-03-25,2025-03-28,Medicare,4552.51,3,Paid
P11119,77,Female,New York,Cancer,Central PA Medical,2025-03-25,2025-03-29,Commercial,18508.04,4,Paid
P11176,66,Male,Pennsylvania,Hypertension,Allegheny Health Center,2025-03-25,2025-03-28,Medicaid,3751.42,3,Paid
P11230,75,Female,New Jersey,Asthma,Keystone Medical Center,2025-03-25,2025-03-27,Medicare,2076.63,2,Paid
P11293,85,Male,Pennsylvania,Diabetes,Allegheny Health Center,2025-03-25,2025-04-06,Commercial,10110.41,12,Denied
P11313,34,Female,Pennsylvania,High Cholesterol,Penn Valley Hospital,2025-03-25,2025-03-30,Commercial,3344.21,5,Paid
P10142,70,Male,Maryland,Pneumonia,Keystone Medical Center,2025-03-26,2025-03-27,Commercial,6716.8,1,Paid
P10406,79,Male,Virginia,Kidney Disease,Central PA Medical,2025-03-26,2025-03-31,Commercial,10608.81,5,Paid
P10619,53,Male,New Jersey,High Cholesterol,Pinecrest Medical,2025-03-26,2025-03-27,Commercial,1705.14,1,Denied
P10657,59,Male,Virginia,Pneumonia,Summit Health System,2025-03-26,2025-03-31,Commercial,6846.78,5,Paid
P10741,43,Female,New York,Cancer,Central PA Medical,2025-03-26,2025-04-05,Medicaid,21471.08,10,Paid
P10836,34,Female,New York,Arthritis,Allegheny Health Center,2025-03-26,2025-04-08,Medicaid,10802.91,13,Pending
P11364,65,Female,Pennsylvania,COPD,Community Care Hospital,2025-03-26,2025-04-02,Medicaid,10180.44,7,Paid
P10062,68,Male,Ohio,Diabetes,Community Care Hospital,2025-03-27,2025-04-01,Commercial,7611.21,5,Paid
P10109,52,Male,Pennsylvania,High Cholesterol,Keystone Medical Center,2025-03-27,2025-04-06,Medicare,10553.7,10,Paid
P10214,50,Female,Pennsylvania,COPD,Allegheny Health Center,2025-03-27,2025-03-29,Medicaid,7450.63,2,Paid
P10231,34,Female,Pennsylvania,Pneumonia,Valley Care Hospital,2025-03-27,2025-04-01,Medicare,8666.33,5,Paid
P10300,27,Female,Pennsylvania,Pneumonia,Penn Valley Hospital,2025-03-27,2025-03-28,Commercial,5223.0,1,Paid
P10319,56,Female,Pennsylvania,Diabetes,Harrisburg General Hospital,2025-03-27,2025-04-09,Medicare,13084.57,13,Paid
P10719,54,Male,New York,COPD,Harrisburg General Hospital,2025-03-27,2025-03-30,Commercial,7170.18,3,Paid
P10890,32,Female,New Jersey,COPD,Community Care Hospital,2025-03-27,2025-03-28,Medicaid,5174.74,1,Paid
P10949,85,Male,Maryland,Hypertension,Summit Health System,2025-03-27,2025-03-29,Medicaid,3182.6,2,Paid
P10961,72,Male,Maryland,Kidney Disease,Keystone Medical Center,2025-03-27,2025-03-30,Commercial,9490.57,3,Paid
P10986,35,Female,New Jersey,Pneumonia,Central PA Medical,2025-03-27,2025-03-29,Commercial,6645.03,2,Paid
P11032,83,Female,New Jersey,Kidney Disease,Pinecrest Medical,2025-03-27,2025-03-29,Medicare,9650.45,2,Paid
P11082,27,Male,Virginia,Kidney Disease,Allegheny Health Center,2025-03-27,2025-04-03,Commercial,11485.45,7,Paid
P11181,38,Male,Pennsylvania,Arthritis,Pinecrest Medical,2025-03-27,2025-03-31,Medicare,4607.94,4,Paid
P11202,42,Female,Delaware,COPD,Penn Valley Hospital,2025-03-27,2025-04-02,Commercial,10277.44,6,Pending
P11211,21,Male,New York,High Cholesterol,Pinecrest Medical,2025-03-27,2025-04-04,Medicare,5955.36,8,Paid
P11320,25,Female,Maryland,Heart Disease,Summit Health System,2025-03-27,2025-04-03,Medicare,11090.68,7,Paid
P11435,48,Male,Ohio,High Cholesterol,Central PA Medical,2025-03-27,2025-03-31,Commercial,3618.25,4,Paid
P10128,68,Female,New Jersey,Hypertension,Pinecrest Medical,2025-03-28,2025-03-30,Medicaid,6348.25,2,Paid
P10492,28,Female,Pennsylvania,Cancer,Summit Health System,2025-03-28,2025-04-06,Medicaid,20722.25,9,Pending
P10778,48,Male,Ohio,Cancer,Pinecrest Medical,2025-03-28,2025-04-01,Commercial,18020.17,4,Paid
P10785,70,Male,Delaware,Pneumonia,Harrisburg General Hospital,2025-03-28,2025-04-03,Medicaid,9951.81,6,Paid
P10807,32,Female,Pennsylvania,Cancer,Pinecrest Medical,2025-03-28,2025-03-29,Commercial,14685.49,1,Paid
P10823,47,Male,Pennsylvania,High Cholesterol,Summit Health System,2025-03-28,2025-04-04,Medicare,7474.74,7,Paid
P11054,64,Male,Ohio,Diabetes,Community Care Hospital,2025-03-28,2025-03-30,Medicare,5534.61,2,Paid
P11160,46,Male,Pennsylvania,Arthritis,Central PA Medical,2025-03-28,2025-03-31,Self-Pay,3878.37,3,Paid
P11367,83,Female,New Jersey,Arthritis,Allegheny Health Center,2025-03-28,2025-04-04,Commercial,4687.45,7,Denied
P11384,21,Male,New York,Hypertension,Harrisburg General Hospital,2025-03-28,2025-03-31,Medicare,5925.42,3,Paid
P11399,28,Female,New Jersey,Hypertension,Central PA Medical,2025-03-28,2025-04-09,Medicare,10924.5,12,Paid
P10035,75,Female,Pennsylvania,High Cholesterol,Summit Health System,2025-03-29,2025-04-02,Medicaid,4410.01,4,Paid
P10182,28,Female,New Jersey,Kidney Disease,Valley Care Hospital,2025-03-29,2025-04-11,Commercial,11640.81,13,Paid
P10331,75,Male,Pennsylvania,Pneumonia,Central PA Medical,2025-03-29,2025-04-08,Medicare,10558.7,10,Paid
P10737,74,Male,Maryland,Diabetes,Penn Valley Hospital,2025-03-29,2025-03-30,Commercial,3501.08,1,Paid
P10762,61,Female,New Jersey,Kidney Disease,Harrisburg General Hospital,2025-03-29,2025-03-30,Medicaid,6746.06,1,Paid
P10883,83,Male,Delaware,Asthma,Pinecrest Medical,2025-03-29,2025-04-05,Medicare,5823.04,7,Paid
P10989,85,Male,Ohio,Diabetes,Harrisburg General Hospital,2025-03-29,2025-04-03,Commercial,6321.43,5,Paid
P11046,64,Female,Pennsylvania,Kidney Disease,Harrisburg General Hospital,2025-03-29,2025-03-31,Commercial,8877.47,2,Paid
P11443,24,Male,Virginia,Kidney Disease,Riverside Health,2025-03-29,2025-03-31,Commercial,8179.44,2,Denied
P10347,70,Male,Virginia,Asthma,Penn Valley Hospital,2025-03-30,2025-04-03,Commercial,5461.14,4,Paid
P10360,59,Female,Delaware,COPD,Harrisburg General Hospital,2025-03-30,2025-04-01,Medicaid,7788.66,2,Paid
P10400,65,Female,New Jersey,COPD,Pinecrest Medical,2025-03-30,2025-04-06,Medicare,10977.37,7,Paid
P10471,49,Female,Delaware,Kidney Disease,Central PA Medical,2025-03-30,2025-04-01,Self-Pay,6717.76,2,Paid
P10503,27,Male,Virginia,Arthritis,Riverside Health,2025-03-30,2025-04-08,Medicare,10684.25,9,Denied
P10518,46,Female,Maryland,Pneumonia,Penn Valley Hospital,2025-03-30,2025-04-02,Medicaid,7631.17,3,Paid
P10902,80,Female,Pennsylvania,COPD,Riverside Health,2025-03-30,2025-04-04,Commercial,9037.7,5,Paid
P10923,35,Female,New Jersey,Arthritis,Riverside Health,2025-03-30,2025-03-31,Medicare,596.73,1,Paid
P11011,19,Male,Virginia,Hypertension,Community Care Hospital,2025-03-30,2025-04-03,Medicare,5193.03,4,Paid
P11050,73,Male,Pennsylvania,High Cholesterol,Community Care Hospital,2025-03-30,2025-04-03,Commercial,2384.97,4,Paid
P11245,45,Male,Pennsylvania,Cancer,Pinecrest Medical,2025-03-30,2025-04-02,Commercial,14363.65,3,Paid
P11324,48,Female,Pennsylvania,Arthritis,Valley Care Hospital,2025-03-30,2025-04-04,Medicare,6609.63,5,Paid
P11346,27,Female,Pennsylvania,Diabetes,Community Care Hospital,2025-03-30,2025-04-03,Medicare,5527.24,4,Paid
P10026,35,Male,Ohio,Arthritis,Central PA Medical,2025-03-31,2025-04-06,Medicare,6455.01,6,Paid
P10041,84,Female,Ohio,Pneumonia,Harrisburg General Hospital,2025-03-31,2025-04-04,Medicaid,9671.59,4,Paid
P10203,28,Female,Pennsylvania,Arthritis,Valley Care Hospital,2025-03-31,2025-04-13,Medicare,9683.51,13,Denied
P10513,25,Female,Pennsylvania,Pneumonia,Keystone Medical Center,2025-03-31,2025-04-02,Medicare,6630.58,2,Denied
P10545,70,Male,Maryland,Arthritis,Penn Valley Hospital,2025-03-31,2025-04-01,Commercial,1605.13,1,Pending
P10550,65,Male,Pennsylvania,High Cholesterol,Allegheny Health Center,2025-03-31,2025-04-06,Commercial,4241.92,6,Denied
P10581,48,Female,Delaware,Cancer,Riverside Health,2025-03-31,2025-04-07,Medicare,18103.12,7,Paid
P10654,29,Male,Pennsylvania,Hypertension,Harrisburg General Hospital,2025-03-31,2025-04-02,Medicaid,2065.99,2,Paid
P10711,26,Female,New Jersey,Cancer,Valley Care Hospital,2025-03-31,2025-04-07,Medicaid,17688.58,7,Paid
P10734,63,Female,Pennsylvania,Hypertension,Valley Care Hospital,2025-03-31,2025-04-01,Medicare,3885.46,1,Paid
P11119,79,Female,New York,Pneumonia,Riverside Health,2025-03-31,2025-04-06,Medicare,7141.44,6,Paid
P11282,46,Male,Pennsylvania,Hypertension,Valley Care Hospital,2025-03-31,2025-04-02,Commercial,3057.54,2,Paid
P11293,38,Female,Ohio,Arthritis,Summit Health System,2025-03-31,2025-04-05,Self-Pay,5112.23,5,Paid
P11300,23,Female,Pennsylvania,Asthma,Harrisburg General Hospital,2025-03-31,2025-04-01,Medicare,1619.08,1,Paid
P11326,61,Female,Pennsylvania,Cancer,Summit Health System,2025-03-31,2025-04-07,Commercial,20093.8,7,Paid
P11346,75,Female,Maryland,Hypertension,Allegheny Health Center,2025-03-31,2025-04-08,Commercial,9438.41,8,Paid
P11397,67,Female,Pennsylvania,Hypertension,Pinecrest Medical,2025-03-31,2025-04-03,Commercial,5074.46,3,Pending
P11499,81,Female,Pennsylvania,Diabetes,Pinecrest Medical,2025-03-31,2025-04-02,Medicaid,6716.18,2,Paid
P10079,21,Male,Pennsylvania,COPD,Summit Health System,2025-04-01,2025-04-11,Commercial,9611.26,10,Paid
P10111,79,Female,Pennsylvania,Pneumonia,Valley Care Hospital,2025-04-01,2025-04-02,Commercial,6655.8,1,Paid
P10355,34,Female,Pennsylvania,Pneumonia,Community Care Hospital,2025-04-01,2025-04-02,Commercial,6983.87,1,Paid
P10634,84,Male,New Jersey,Cancer,Pinecrest Medical,2025-04-01,2025-04-05,Medicaid,17391.52,4,Paid
P10825,78,Male,Maryland,High Cholesterol,Valley Care Hospital,2025-04-01,2025-04-05,Commercial,5654.18,4,Paid
P10826,50,Male,New York,Heart Disease,Penn Valley Hospital,2025-04-01,2025-04-03,Commercial,8506.4,2,Pending
P11157,74,Male,Pennsylvania,Asthma,Central PA Medical,2025-04-01,2025-04-02,Commercial,3751.97,1,Paid
P11462,31,Male,New Jersey,COPD,Summit Health System,2025-04-01,2025-04-02,Commercial,7158.48,1,Paid
P10265,40,Male,Virginia,High Cholesterol,Penn Valley Hospital,2025-04-02,2025-04-04,Medicare,1756.07,2,Paid
P10290,36,Male,Virginia,COPD,Keystone Medical Center,2025-04-02,2025-04-04,Commercial,8338.77,2,Paid
P10350,21,Female,New Jersey,Kidney Disease,Pinecrest Medical,2025-04-02,2025-04-05,Commercial,8161.61,3,Denied
P10377,27,Female,Maryland,Pneumonia,Keystone Medical Center,2025-04-02,2025-04-04,Medicaid,6584.16,2,Paid
P10438,69,Male,New Jersey,Cancer,Keystone Medical Center,2025-04-02,2025-04-09,Medicare,18476.33,7,Paid
P10457,65,Female,Ohio,Arthritis,Keystone Medical Center,2025-04-02,2025-04-03,Commercial,4090.18,1,Denied
P10623,24,Female,Pennsylvania,Asthma,Keystone Medical Center,2025-04-02,2025-04-03,Medicare,770.13,1,Paid
P10689,57,Male,Virginia,COPD,Central PA Medical,2025-04-02,2025-04-05,Commercial,7094.22,3,Paid
P10753,19,Female,Pennsylvania,Diabetes,Community Care Hospital,2025-04-02,2025-04-07,Medicaid,6289.16,5,Paid
P10792,44,Male,Delaware,Pneumonia,Allegheny Health Center,2025-04-02,2025-04-16,Medicare,17158.83,14,Paid
P10792,62,Female,Pennsylvania,Arthritis,Community Care Hospital,2025-04-02,2025-04-09,Commercial,5952.79,7,Paid
P10936,35,Female,Pennsylvania,High Cholesterol,Central PA Medical,2025-04-02,2025-04-04,Commercial,1852.96,2,Paid
P11079,78,Male,Virginia,Arthritis,Penn Valley Hospital,2025-04-02,2025-04-03,Medicare,2133.27,1,Paid
P11111,44,Male,New Jersey,Diabetes,Central PA Medical,2025-04-02,2025-04-10,Medicaid,7198.63,8,Denied
P11441,83,Female,Maryland,Pneumonia,Riverside Health,2025-04-02,2025-04-09,Commercial,11354.64,7,Paid
P11460,51,Female,Maryland,Hypertension,Allegheny Health Center,2025-04-02,2025-04-13,Commercial,10854.23,11,Paid
P11468,30,Male,Delaware,High Cholesterol,Valley Care Hospital,2025-04-02,2025-04-09,Self-Pay,3739.86,7,Paid
P10077,85,Female,Ohio,COPD,Keystone Medical Center,2025-04-03,2025-04-07,Self-Pay,8652.36,4,Paid
P10142,78,Male,Maryland,High Cholesterol,Community Care Hospital,2025-04-03,2025-04-08,Medicaid,2817.83,5,Denied
P10197,43,Female,Pennsylvania,Asthma,Pinecrest Medical,2025-04-03,2025-04-08,Medicare,3257.11,5,Paid
P10324,75,Female,New Jersey,COPD,Riverside Health,2025-04-03,2025-04-06,Medicaid,7680.13,3,Paid
P10324,32,Female,Pennsylvania,COPD,Pinecrest Medical,2025-04-03,2025-04-05,Self-Pay,7458.53,2,Paid
P10341,60,Male,Pennsylvania,Arthritis,Summit Health System,2025-04-03,2025-04-11,Medicaid,4558.0,8,Paid
P10427,22,Female,New Jersey,Kidney Disease,Pinecrest Medical,2025-04-03,2025-04-05,Commercial,7605.94,2,Denied
P10469,71,Female,New York,High Cholesterol,Allegheny Health Center,2025-04-03,2025-04-10,Commercial,6069.46,7,Paid
P10545,41,Female,Pennsylvania,COPD,Harrisburg General Hospital,2025-04-03,2025-04-05,Medicaid,7105.54,2,Paid
P10671,20,Male,Maryland,High Cholesterol,Summit Health System,2025-04-03,2025-04-05,Commercial,2492.41,2,Paid
P10729,61,Female,Virginia,Arthritis,Allegheny Health Center,2025-04-03,2025-04-13,Commercial,8012.49,10,Paid
P10990,46,Male,Pennsylvania,Asthma,Community Care Hospital,2025-04-03,2025-04-10,Medicaid,7955.28,7,Paid
P11014,84,Female,Ohio,Kidney Disease,Pinecrest Medical,2025-04-03,2025-04-11,Commercial,10173.66,8,Paid
P11191,73,Female,Pennsylvania,Asthma,Penn Valley Hospital,2025-04-03,2025-04-06,Medicaid,6963.68,3,Paid
P11226,30,Male,Maryland,Asthma,Allegheny Health Center,2025-04-03,2025-04-10,Medicare,6625.67,7,Paid
P11355,53,Female,Ohio,Kidney Disease,Keystone Medical Center,2025-04-03,2025-04-04,Commercial,5853.24,1,Paid
P11467,35,Female,New Jersey,Diabetes,Riverside Health,2025-04-03,2025-04-11,Commercial,7925.08,8,Paid
P10084,32,Female,Ohio,Cancer,Central PA Medical,2025-04-04,2025-04-10,Medicare,16762.11,6,Paid
P10119,25,Male,Maryland,Arthritis,Valley Care Hospital,2025-04-04,2025-04-05,Commercial,2985.98,1,Pending
P10125,64,Female,Pennsylvania,Cancer,Summit Health System,2025-04-04,2025-04-06,Medicaid,16819.14,2,Paid
P10172,79,Female,New Jersey,COPD,Keystone Medical Center,2025-04-04,2025-04-06,Medicare,7269.78,2,Paid
P10622,84,Female,Delaware,High Cholesterol,Allegheny Health Center,2025-04-04,2025-04-09,Medicaid,4806.86,5,Pending
P10644,64,Female,Pennsylvania,COPD,Harrisburg General Hospital,2025-04-04,2025-04-07,Commercial,7304.04,3,Paid
P10874,39,Male,Pennsylvania,Hypertension,Pinecrest Medical,2025-04-04,2025-04-06,Self-Pay,3327.78,2,Paid
P10983,48,Female,New York,Pneumonia,Harrisburg General Hospital,2025-04-04,2025-04-06,Commercial,6413.9,2,Paid
P11085,43,Male,Maryland,Hypertension,Penn Valley Hospital,2025-04-04,2025-04-08,Medicaid,7850.83,4,Paid
P11471,80,Male,New Jersey,High Cholesterol,Penn Valley Hospital,2025-04-04,2025-04-10,Commercial,4695.88,6,Paid
P10352,38,Male,Pennsylvania,Cancer,Riverside Health,2025-04-05,2025-04-07,Medicare,15572.81,2,Pending
P10437,48,Male,New York,High Cholesterol,Central PA Medical,2025-04-05,2025-04-07,Commercial,4310.07,2,Paid
P10703,37,Female,Maryland,Arthritis,Penn Valley Hospital,2025-04-05,2025-04-06,Commercial,4163.18,1,Pending
P10851,34,Female,Pennsylvania,Hypertension,Valley Care Hospital,2025-04-05,2025-04-07,Medicaid,2051.4,2,Pending
P10888,45,Male,Pennsylvania,High Cholesterol,Allegheny Health Center,2025-04-05,2025-04-07,Commercial,2933.88,2,Paid
P10946,35,Female,Delaware,Arthritis,Community Care Hospital,2025-04-05,2025-04-07,Commercial,2254.29,2,Paid
P10971,20,Male,Pennsylvania,Asthma,Penn Valley Hospital,2025-04-05,2025-04-06,Medicaid,1647.84,1,Pending
P11104,84,Female,Pennsylvania,High Cholesterol,Community Care Hospital,2025-04-05,2025-04-14,Medicaid,10724.24,9,Paid
P11124,82,Female,New York,High Cholesterol,Keystone Medical Center,2025-04-05,2025-04-17,Medicaid,5680.93,12,Paid
P11193,69,Female,New York,Pneumonia,Allegheny Health Center,2025-04-05,2025-04-10,Commercial,8515.35,5,Paid
P11234,77,Female,New Jersey,Arthritis,Pinecrest Medical,2025-04-05,2025-04-08,Medicare,2764.91,3,Denied
P11491,24,Male,Pennsylvania,Heart Disease,Community Care Hospital,2025-04-05,2025-04-10,Self-Pay,10068.59,5,Paid
P10110,34,Female,New Jersey,Kidney Disease,Valley Care Hospital,2025-04-06,2025-04-07,Commercial,7586.08,1,Paid
P10130,70,Male,Pennsylvania,COPD,Central PA Medical,2025-04-06,2025-04-09,Commercial,6457.67,3,Pending
P10455,23,Female,New York,High Cholesterol,Central PA Medical,2025-04-06,2025-04-08,Commercial,3742.11,2,Paid
P10923,83,Female,New Jersey,Arthritis,Community Care Hospital,2025-04-06,2025-04-15,Commercial,8205.17,9,Paid
P10989,22,Male,Pennsylvania,Arthritis,Keystone Medical Center,2025-04-06,2025-04-08,Medicaid,4759.71,2,Paid
P10993,57,Female,New Jersey,High Cholesterol,Riverside Health,2025-04-06,2025-04-07,Commercial,2465.82,1,Paid
P11029,28,Female,Pennsylvania,Pneumonia,Riverside Health,2025-04-06,2025-04-14,Medicaid,10318.14,8,Paid
P11041,70,Male,Ohio,Kidney Disease,Allegheny Health Center,2025-04-06,2025-04-09,Medicaid,7847.89,3,Paid
P11124,44,Male,Maryland,Asthma,Pinecrest Medical,2025-04-06,2025-04-12,Commercial,7291.55,6,Paid
P11219,27,Male,Pennsylvania,Kidney Disease,Harrisburg General Hospital,2025-04-06,2025-04-13,Medicaid,11625.84,7,Paid
P11299,27,Male,Pennsylvania,Cancer,Pinecrest Medical,2025-04-06,2025-04-12,Commercial,17401.02,6,Paid
P11309,78,Female,Ohio,COPD,Harrisburg General Hospital,2025-04-06,2025-04-08,Commercial,6582.53,2,Denied
P11342,69,Male,Ohio,Hypertension,Valley Care Hospital,2025-04-06,2025-04-11,Commercial,5611.15,5,Paid
P11404,25,Male,New York,Diabetes,Central PA Medical,2025-04-06,2025-04-12,Medicare,7215.93,6,Paid
P10306,37,Female,Maryland,Hypertension,Allegheny Health Center,2025-04-07,2025-04-10,Commercial,4513.47,3,Paid
P10388,84,Male,Maryland,Asthma,Summit Health System,2025-04-07,2025-04-10,Medicare,4229.72,3,Paid
P10525,61,Female,Pennsylvania,Hypertension,Community Care Hospital,2025-04-07,2025-04-10,Medicare,4654.07,3,Paid
P10700,79,Male,Maryland,Cancer,Pinecrest Medical,2025-04-07,2025-04-10,Commercial,19177.08,3,Paid
P10895,79,Male,Pennsylvania,High Cholesterol,Penn Valley Hospital,2025-04-07,2025-04-13,Self-Pay,7726.53,6,Denied
P10918,36,Male,Maryland,Heart Disease,Valley Care Hospital,2025-04-07,2025-04-19,Medicare,12771.24,12,Paid
P11145,41,Female,Delaware,High Cholesterol,Central PA Medical,2025-04-07,2025-04-14,Medicaid,7395.69,7,Paid
P11211,57,Female,Pennsylvania,High Cholesterol,Community Care Hospital,2025-04-07,2025-04-10,Medicaid,2402.69,3,Paid
P11221,58,Female,Pennsylvania,Arthritis,Summit Health System,2025-04-07,2025-04-11,Medicare,4694.9,4,Paid
P10068,84,Male,Delaware,Hypertension,Riverside Health,2025-04-08,2025-04-10,Commercial,2772.54,2,Paid
P10091,73,Male,Pennsylvania,Arthritis,Valley Care Hospital,2025-04-08,2025-04-20,Medicaid,12777.63,12,Paid
P10168,55,Female,New York,Heart Disease,Keystone Medical Center,2025-04-08,2025-04-10,Medicaid,8782.95,2,Paid
P10372,38,Female,Virginia,Hypertension,Community Care Hospital,2025-04-08,2025-04-10,Medicare,3655.33,2,Paid
P10393,37,Female,New York,High Cholesterol,Riverside Health,2025-04-08,2025-04-11,Medicaid,5484.53,3,Paid
P10429,72,Female,New Jersey,Asthma,Central PA Medical,2025-04-08,2025-04-12,Commercial,4264.93,4,Paid
P10574,20,Male,New Jersey,Cancer,Pinecrest Medical,2025-04-08,2025-04-10,Commercial,16471.28,2,Paid
P10590,36,Male,Virginia,High Cholesterol,Keystone Medical Center,2025-04-08,2025-04-09,Medicaid,3680.57,1,Paid
P10706,53,Female,Pennsylvania,Asthma,Riverside Health,2025-04-08,2025-04-13,Self-Pay,5245.58,5,Pending
P10736,43,Male,Ohio,High Cholesterol,Pinecrest Medical,2025-04-08,2025-04-11,Medicare,3927.33,3,Paid
P10758,75,Female,Ohio,Asthma,Valley Care Hospital,2025-04-08,2025-04-12,Medicaid,4252.24,4,Denied
P10947,72,Male,New York,Heart Disease,Harrisburg General Hospital,2025-04-08,2025-04-09,Commercial,10340.84,1,Paid
P11090,45,Male,Delaware,Asthma,Community Care Hospital,2025-04-08,2025-04-15,Medicaid,4717.57,7,Paid
P11170,57,Female,Pennsylvania,Cancer,Penn Valley Hospital,2025-04-08,2025-04-11,Commercial,15365.87,3,Paid
P11197,33,Male,New Jersey,Kidney Disease,Allegheny Health Center,2025-04-08,2025-04-16,Commercial,10391.03,8,Paid
P11384,79,Male,Pennsylvania,Pneumonia,Central PA Medical,2025-04-08,2025-04-11,Commercial,8213.17,3,Paid
P10014,46,Female,New Jersey,Hypertension,Valley Care Hospital,2025-04-09,2025-04-21,Medicare,12756.24,12,Denied
P10141,43,Female,Pennsylvania,Arthritis,Pinecrest Medical,2025-04-09,2025-04-11,Commercial,5200.19,2,Paid
P10472,71,Female,Ohio,Asthma,Valley Care Hospital,2025-04-09,2025-04-13,Medicare,4318.57,4,Paid
P10578,76,Male,Virginia,Asthma,Harrisburg General Hospital,2025-04-09,2025-04-11,Medicare,3410.05,2,Paid
P10623,40,Female,New Jersey,Diabetes,Central PA Medical,2025-04-09,2025-04-12,Medicare,7894.42,3,Paid
P10633,62,Male,Ohio,Kidney Disease,Keystone Medical Center,2025-04-09,2025-04-10,Commercial,8096.99,1,Paid
P10645,43,Female,Maryland,Heart Disease,Valley Care Hospital,2025-04-09,2025-04-16,Medicare,11925.6,7,Paid
P10729,63,Female,Pennsylvania,COPD,Riverside Health,2025-04-09,2025-04-12,Medicaid,7348.33,3,Paid
P10732,21,Male,Pennsylvania,High Cholesterol,Summit Health System,2025-04-09,2025-04-11,Commercial,3518.68,2,Paid
P10763,63,Male,Pennsylvania,Diabetes,Community Care Hospital,2025-04-09,2025-04-11,Commercial,6945.27,2,Pending
P10786,37,Female,Ohio,High Cholesterol,Community Care Hospital,2025-04-09,2025-04-11,Self-Pay,1098.41,2,Paid
P10799,61,Female,New Jersey,Diabetes,Riverside Health,2025-04-09,2025-04-16,Medicare,5148.45,7,Paid
P10878,26,Male,Virginia,Pneumonia,Summit Health System,2025-04-09,2025-04-18,Medicare,11392.33,9,Paid
P11110,69,Female,Pennsylvania,Asthma,Penn Valley Hospital,2025-04-09,2025-04-12,Medicare,4618.4,3,Paid
P11351,49,Male,Ohio,High Cholesterol,Pinecrest Medical,2025-04-09,2025-04-10,Commercial,3651.34,1,Pending
P11380,44,Female,New York,High Cholesterol,Community Care Hospital,2025-04-09,2025-04-14,Commercial,3504.68,5,Pending
P11446,38,Male,New York,Heart Disease,Pinecrest Medical,2025-04-09,2025-04-19,Medicaid,16133.97,10,Pending
P10004,32,Male,New York,Pneumonia,Community Care Hospital,2025-04-10,2025-04-16,Commercial,9072.86,6,Paid
P10155,38,Male,Virginia,Kidney Disease,Summit Health System,2025-04-10,2025-04-14,Medicare,8734.58,4,Paid
P10166,52,Male,New Jersey,Cancer,Community Care Hospital,2025-04-10,2025-04-13,Commercial,18883.41,3,Paid
P10282,32,Male,Ohio,Pneumonia,Summit Health System,2025-04-10,2025-04-11,Commercial,7184.17,1,Paid
P10302,53,Female,Pennsylvania,Cancer,Central PA Medical,2025-04-10,2025-04-11,Medicaid,14885.23,1,Paid
P10520,64,Male,New York,Arthritis,Pinecrest Medical,2025-04-10,2025-04-20,Commercial,10395.39,10,Paid
P10654,58,Male,Pennsylvania,Heart Disease,Pinecrest Medical,2025-04-10,2025-04-12,Commercial,8253.68,2,Paid
P10716,51,Male,New York,Asthma,Valley Care Hospital,2025-04-10,2025-04-14,Medicare,2774.76,4,Paid
P10766,31,Female,New York,Asthma,Penn Valley Hospital,2025-04-10,2025-04-14,Medicaid,3549.06,4,Paid
P10861,77,Male,Virginia,High Cholesterol,Pinecrest Medical,2025-04-10,2025-04-11,Medicare,2816.26,1,Pending
P11005,44,Male,Maryland,Kidney Disease,Pinecrest Medical,2025-04-10,2025-04-15,Commercial,10240.97,5,Paid
P11016,34,Male,Delaware,Diabetes,Riverside Health,2025-04-10,2025-04-12,Medicaid,5803.32,2,Denied
P11236,85,Male,New Jersey,Hypertension,Harrisburg General Hospital,2025-04-10,2025-04-13,Medicaid,4123.2,3,Denied
P11322,65,Male,New York,Diabetes,Central PA Medical,2025-04-10,2025-04-22,Self-Pay,9243.46,12,Paid
P10055,51,Male,Pennsylvania,Pneumonia,Harrisburg General Hospital,2025-04-11,2025-04-12,Medicare,5166.64,1,Paid
P10074,47,Female,Maryland,Arthritis,Community Care Hospital,2025-04-11,2025-04-21,Medicare,6603.54,10,Pending
P10085,19,Female,Delaware,Heart Disease,Central PA Medical,2025-04-11,2025-04-15,Medicare,10372.35,4,Paid
P10108,70,Female,Maryland,Arthritis,Pinecrest Medical,2025-04-11,2025-04-16,Commercial,5793.6,5,Paid
P10112,42,Female,Ohio,Diabetes,Harrisburg General Hospital,2025-04-11,2025-04-12,Commercial,2962.73,1,Paid
P10194,36,Male,Maryland,Asthma,Central PA Medical,2025-04-11,2025-04-16,Commercial,5407.57,5,Denied
P10253,49,Male,Pennsylvania,Cancer,Summit Health System,2025-04-11,2025-04-18,Self-Pay,18877.81,7,Paid
P10468,24,Female,Ohio,COPD,Keystone Medical Center,2025-04-11,2025-04-16,Self-Pay,8792.56,5,Paid
P10469,79,Female,New Jersey,Arthritis,Keystone Medical Center,2025-04-11,2025-04-15,Medicare,5641.47,4,Paid
P10497,31,Male,Pennsylvania,Kidney Disease,Valley Care Hospital,2025-04-11,2025-04-12,Commercial,7231.41,1,Paid
P10561,63,Female,New Jersey,Hypertension,Summit Health System,2025-04-11,2025-04-17,Medicaid,6967.1,6,Paid
P10648,54,Male,New Jersey,High Cholesterol,Allegheny Health Center,2025-04-11,2025-04-12,Medicaid,2258.41,1,Paid
P10995,22,Female,Ohio,Pneumonia,Pinecrest Medical,2025-04-11,2025-04-13,Self-Pay,7535.49,2,Paid
P11029,82,Male,Pennsylvania,Diabetes,Keystone Medical Center,2025-04-11,2025-04-24,Medicare,9294.38,13,Paid
P11079,71,Male,Pennsylvania,Arthritis,Allegheny Health Center,2025-04-11,2025-04-13,Commercial,4193.3,2,Paid
P11095,33,Male,Maryland,COPD,Harrisburg General Hospital,2025-04-11,2025-04-14,Medicaid,8809.39,3,Paid
P11302,77,Male,Pennsylvania,Cancer,Riverside Health,2025-04-11,2025-04-21,Medicare,19699.85,10,Paid
P11315,35,Male,Ohio,High Cholesterol,Summit Health System,2025-04-11,2025-04-14,Medicaid,5285.25,3,Paid
P11434,76,Female,Pennsylvania,Heart Disease,Harrisburg General Hospital,2025-04-11,2025-04-19,Medicare,10134.49,8,Pending
P10121,62,Male,Ohio,Kidney Disease,Pinecrest Medical,2025-04-12,2025-04-14,Medicare,8606.92,2,Paid
P10185,22,Male,Virginia,Asthma,Pinecrest Medical,2025-04-12,2025-04-15,Self-Pay,4307.04,3,Paid
P10282,84,Female,Virginia,Diabetes,Community Care Hospital,2025-04-12,2025-04-13,Commercial,3560.14,1,Paid
P10340,36,Male,New Jersey,Pneumonia,Summit Health System,2025-04-12,2025-04-18,Medicare,9307.84,6,Paid
P10446,37,Male,Pennsylvania,Diabetes,Central PA Medical,2025-04-12,2025-04-13,Commercial,3391.55,1,Paid
P10525,24,Male,Pennsylvania,Heart Disease,Harrisburg General Hospital,2025-04-12,2025-04-16,Medicare,10195.65,4,Paid
P10574,23,Male,Maryland,Kidney Disease,Keystone Medical Center,2025-04-12,2025-04-14,Medicare,8291.75,2,Paid
P11012,83,Male,Pennsylvania,Hypertension,Riverside Health,2025-04-12,2025-04-17,Medicare,5977.4,5,Paid
P11022,54,Female,New Jersey,High Cholesterol,Penn Valley Hospital,2025-04-12,2025-04-16,Commercial,2618.48,4,Pending
P11061,67,Female,Pennsylvania,Hypertension,Riverside Health,2025-04-12,2025-04-20,Commercial,6491.02,8,Paid
P11165,85,Male,New Jersey,COPD,Community Care Hospital,2025-04-12,2025-04-16,Medicaid,10456.23,4,Paid
P11246,74,Female,Pennsylvania,Hypertension,Keystone Medical Center,2025-04-12,2025-04-19,Medicare,3647.71,7,Paid
P11271,75,Male,Pennsylvania,Hypertension,Valley Care Hospital,2025-04-12,2025-04-19,Medicare,6089.32,7,Paid
P11294,73,Female,New York,Cancer,Keystone Medical Center,2025-04-12,2025-04-15,Medicare,16653.49,3,Paid
P11357,76,Female,New Jersey,Hypertension,Allegheny Health Center,2025-04-12,2025-04-13,Medicaid,3547.6,1,Paid
P10078,30,Male,Pennsylvania,Kidney Disease,Harrisburg General Hospital,2025-04-13,2025-04-17,Commercial,7057.42,4,Paid
P10440,81,Male,New York,COPD,Keystone Medical Center,2025-04-13,2025-04-18,Medicaid,10548.79,5,Paid
P10556,32,Female,New Jersey,Pneumonia,Riverside Health,2025-04-13,2025-04-14,Commercial,6554.57,1,Paid
P10609,23,Female,New Jersey,Kidney Disease,Harrisburg General Hospital,2025-04-13,2025-04-14,Medicare,6782.53,1,Paid
P10896,85,Female,Pennsylvania,High Cholesterol,Riverside Health,2025-04-13,2025-04-18,Medicare,4150.94,5,Pending
P10948,51,Male,Ohio,Pneumonia,Community Care Hospital,2025-04-13,2025-04-21,Commercial,11893.55,8,Pending
P10963,24,Female,Pennsylvania,COPD,Riverside Health,2025-04-13,2025-04-22,Commercial,12019.07,9,Paid
P11224,74,Female,New Jersey,Kidney Disease,Allegheny Health Center,2025-04-13,2025-04-15,Medicare,6536.65,2,Paid
P11231,61,Female,Virginia,Kidney Disease,Central PA Medical,2025-04-13,2025-04-24,Medicaid,14803.37,11,Paid
P11275,59,Female,Maryland,Kidney Disease,Pinecrest Medical,2025-04-13,2025-04-17,Medicare,9698.03,4,Paid
P11327,75,Male,Pennsylvania,Kidney Disease,Allegheny Health Center,2025-04-13,2025-04-22,Medicare,11819.18,9,Paid
P10036,36,Male,Pennsylvania,High Cholesterol,Penn Valley Hospital,2025-04-14,2025-04-18,Medicaid,1911.97,4,Paid
P10084,52,Female,New Jersey,High Cholesterol,Keystone Medical Center,2025-04-14,2025-04-17,Commercial,3782.27,3,Pending
P10084,78,Female,Pennsylvania,Arthritis,Allegheny Health Center,2025-04-14,2025-04-15,Commercial,2258.84,1,Paid
P10207,53,Male,Virginia,Asthma,Community Care Hospital,2025-04-14,2025-04-16,Medicare,1574.2,2,Paid
P10263,69,Female,New York,Pneumonia,Summit Health System,2025-04-14,2025-04-22,Medicaid,9568.32,8,Paid
P10263,65,Female,Pennsylvania,COPD,Community Care Hospital,2025-04-14,2025-04-21,Commercial,13243.92,7,Paid
P10305,79,Male,Virginia,Kidney Disease,Harrisburg General Hospital,2025-04-14,2025-04-24,Commercial,15613.59,10,Paid
P10378,51,Male,Pennsylvania,Arthritis,Harrisburg General Hospital,2025-04-14,2025-04-22,Medicare,7628.12,8,Paid
P10438,38,Female,Pennsylvania,Cancer,Allegheny Health Center,2025-04-14,2025-04-17,Medicare,14802.42,3,Paid
P10539,19,Male,Pennsylvania,Diabetes,Summit Health System,2025-04-14,2025-04-19,Medicaid,4994.56,5,Paid
P10556,38,Female,New Jersey,Cancer,Summit Health System,2025-04-14,2025-04-25,Medicare,22639.87,11,Paid
P10578,51,Male,Ohio,Pneumonia,Harrisburg General Hospital,2025-04-14,2025-04-19,Medicare,8349.43,5,Denied
P10850,61,Female,Virginia,Diabetes,Penn Valley Hospital,2025-04-14,2025-04-19,Medicare,7702.82,5,Pending
P10855,63,Male,Pennsylvania,Cancer,Keystone Medical Center,2025-04-14,2025-04-16,Commercial,16377.54,2,Paid
P10866,62,Female,Pennsylvania,Heart Disease,Community Care Hospital,2025-04-14,2025-04-17,Commercial,11420.26,3,Paid
P10887,31,Female,New Jersey,COPD,Keystone Medical Center,2025-04-14,2025-04-15,Medicare,5623.6,1,Paid
P10923,42,Male,Delaware,COPD,Riverside Health,2025-04-14,2025-04-16,Self-Pay,7661.28,2,Paid
P10950,22,Female,Pennsylvania,COPD,Valley Care Hospital,2025-04-14,2025-04-17,Medicare,7457.21,3,Paid
P10985,30,Female,Pennsylvania,Asthma,Central PA Medical,2025-04-14,2025-04-15,Medicare,2866.89,1,Pending
P11182,61,Male,Pennsylvania,Hypertension,Harrisburg General Hospital,2025-04-14,2025-04-17,Medicaid,5296.33,3,Pending
P11484,60,Male,Maryland,Cancer,Pinecrest Medical,2025-04-14,2025-04-19,Medicare,17947.4,5,Paid
P10029,41,Male,Pennsylvania,Hypertension,Keystone Medical Center,2025-04-15,2025-04-16,Medicaid,2970.68,1,Pending
P10272,59,Female,New Jersey,High Cholesterol,Community Care Hospital,2025-04-15,2025-04-21,Medicare,5582.14,6,Paid
P10347,78,Female,Pennsylvania,Diabetes,Harrisburg General Hospital,2025-04-15,2025-04-23,Medicaid,7691.17,8,Denied
P10451,82,Male,Pennsylvania,High Cholesterol,Valley Care Hospital,2025-04-15,2025-04-16,Commercial,2277.77,1,Paid
P10535,64,Female,Pennsylvania,High Cholesterol,Valley Care Hospital,2025-04-15,2025-04-21,Commercial,6429.89,6,Pending
P11150,53,Female,New York,Diabetes,Central PA Medical,2025-04-15,2025-04-17,Medicare,5443.1,2,Pending
P11155,25,Female,New York,Hypertension,Valley Care Hospital,2025-04-15,2025-04-16,Commercial,2145.12,1,Pending
P11159,47,Male,Pennsylvania,COPD,Penn Valley Hospital,2025-04-15,2025-04-18,Medicare,8677.45,3,Paid
P10006,39,Female,Pennsylvania,Kidney Disease,Pinecrest Medical,2025-04-16,2025-04-26,Commercial,16132.05,10,Paid
P10014,35,Male,Virginia,High Cholesterol,Valley Care Hospital,2025-04-16,2025-04-22,Commercial,3867.9,6,Paid
P10215,66,Male,New Jersey,Arthritis,Central PA Medical,2025-04-16,2025-04-19,Commercial,5162.09,3,Paid
P10337,78,Female,Virginia,Pneumonia,Central PA Medical,2025-04-16,2025-04-17,Medicaid,6972.24,1,Paid
P10499,72,Female,Delaware,Kidney Disease,Pinecrest Medical,2025-04-16,2025-04-25,Medicaid,13777.09,9,Pending
P10622,77,Female,New Jersey,Pneumonia,Penn Valley Hospital,2025-04-16,2025-04-18,Medicaid,6199.4,2,Paid
P10800,76,Male,Pennsylvania,Kidney Disease,Allegheny Health Center,2025-04-16,2025-04-22,Medicaid,13613.44,6,Pending
P10952,46,Male,New York,COPD,Summit Health System,2025-04-16,2025-04-26,Commercial,11598.61,10,Paid
P11058,33,Male,New Jersey,Kidney Disease,Central PA Medical,2025-04-16,2025-04-25,Commercial,14034.16,9,Paid
P11118,73,Female,New Jersey,Arthritis,Penn Valley Hospital,2025-04-16,2025-04-19,Medicaid,5096.06,3,Paid
P11134,67,Male,Maryland,Heart Disease,Valley Care Hospital,2025-04-16,2025-04-27,Commercial,13749.25,11,Paid
P10078,20,Male,Maryland,Hypertension,Riverside Health,2025-04-17,2025-04-19,Commercial,4006.52,2,Paid
P10269,20,Male,Virginia,Cancer,Harrisburg General Hospital,2025-04-17,2025-04-24,Commercial,17195.96,7,Paid
P10275,44,Male,Pennsylvania,Kidney Disease,Valley Care Hospital,2025-04-17,2025-04-19,Self-Pay,7799.87,2,Paid
P10471,20,Male,Pennsylvania,Diabetes,Harrisburg General Hospital,2025-04-17,2025-04-21,Commercial,5597.01,4,Paid
P10514,35,Male,Pennsylvania,Asthma,Penn Valley Hospital,2025-04-17,2025-04-18,Commercial,4329.91,1,Paid
P10856,27,Female,Virginia,Hypertension,Harrisburg General Hospital,2025-04-17,2025-04-23,Medicare,9168.43,6,Paid
P10891,57,Female,New Jersey,Diabetes,Pinecrest Medical,2025-04-17,2025-04-22,Medicare,6270.15,5,Paid
P11227,38,Male,Delaware,High Cholesterol,Summit Health System,2025-04-17,2025-04-18,Commercial,1991.2,1,Paid
P11306,78,Female,Pennsylvania,Heart Disease,Community Care Hospital,2025-04-17,2025-04-20,Self-Pay,8201.15,3,Pending
P11333,75,Male,Pennsylvania,Heart Disease,Allegheny Health Center,2025-04-17,2025-04-19,Commercial,8376.15,2,Paid
P11365,55,Male,Maryland,Diabetes,Penn Valley Hospital,2025-04-17,2025-04-20,Medicare,3877.35,3,Paid
P11372,36,Male,Pennsylvania,Pneumonia,Penn Valley Hospital,2025-04-17,2025-04-28,Commercial,13526.29,11,Denied
P11415,34,Male,Pennsylvania,Diabetes,Allegheny Health Center,2025-04-17,2025-04-18,Commercial,2795.4,1,Paid
P11465,59,Male,Maryland,High Cholesterol,Riverside Health,2025-04-17,2025-04-22,Commercial,3926.6,5,Paid
P10136,55,Male,Pennsylvania,Asthma,Allegheny Health Center,2025-04-18,2025-04-20,Commercial,3134.01,2,Paid
P10304,27,Male,New York,Heart Disease,Harrisburg General Hospital,2025-04-18,2025-04-22,Medicaid,8389.73,4,Pending
P10442,20,Female,Virginia,Arthritis,Valley Care Hospital,2025-04-18,2025-04-28,Commercial,9345.25,10,Paid
P10603,48,Male,New Jersey,Pneumonia,Harrisburg General Hospital,2025-04-18,2025-04-22,Commercial,8798.33,4,Paid
P10627,49,Male,Pennsylvania,Asthma,Community Care Hospital,2025-04-18,2025-04-21,Medicare,4289.33,3,Paid
P10698,85,Female,Maryland,COPD,Valley Care Hospital,2025-04-18,2025-04-22,Commercial,9894.15,4,Paid
P10709,63,Male,Virginia,Heart Disease,Keystone Medical Center,2025-04-18,2025-04-21,Medicaid,9672.84,3,Paid
P10731,60,Female,Pennsylvania,Pneumonia,Riverside Health,2025-04-18,2025-04-20,Commercial,6093.62,2,Paid
P10821,62,Male,New York,Cancer,Allegheny Health Center,2025-04-18,2025-04-22,Commercial,18984.6,4,Paid
P10848,52,Female,Pennsylvania,Cancer,Summit Health System,2025-04-18,2025-04-25,Medicare,19715.27,7,Pending
P10870,45,Female,Pennsylvania,High Cholesterol,Allegheny Health Center,2025-04-18,2025-04-20,Medicaid,2753.74,2,Paid
P10955,45,Male,Ohio,Kidney Disease,Allegheny Health Center,2025-04-18,2025-04-19,Medicare,7719.95,1,Denied
P10983,30,Female,Pennsylvania,Pneumonia,Keystone Medical Center,2025-04-18,2025-04-24,Medicaid,10042.57,6,Paid
P11110,46,Female,Pennsylvania,COPD,Valley Care Hospital,2025-04-18,2025-04-21,Self-Pay,6974.76,3,Paid
P11425,41,Male,New York,Arthritis,Allegheny Health Center,2025-04-18,2025-04-19,Commercial,2127.94,1,Paid
P11435,19,Male,Virginia,COPD,Community Care Hospital,2025-04-18,2025-04-20,Medicaid,7719.51,2,Pending
P10042,52,Female,Pennsylvania,Cancer,Allegheny Health Center,2025-04-19,2025-04-25,Commercial,16609.27,6,Pending
P10219,22,Female,New Jersey,Cancer,Pinecrest Medical,2025-04-19,2025-04-24,Commercial,19924.34,5,Denied
P10242,39,Male,New York,Diabetes,Pinecrest Medical,2025-04-19,2025-04-24,Medicare,7872.13,5,Paid
P10477,65,Female,Virginia,Heart Disease,Harrisburg General Hospital,2025-04-19,2025-04-30,Medicaid,15869.92,11,Paid
P10654,61,Female,New Jersey,High Cholesterol,Riverside Health,2025-04-19,2025-04-25,Medicare,6827.76,6,Pending
P10661,24,Male,New Jersey,Hypertension,Allegheny Health Center,2025-04-19,2025-04-26,Commercial,6019.75,7,Paid
P10754,38,Female,New Jersey,High Cholesterol,Community Care Hospital,2025-04-19,2025-04-22,Medicaid,4738.63,3,Paid
P10895,29,Male,Pennsylvania,Diabetes,Allegheny Health Center,2025-04-19,2025-04-23,Commercial,4813.0,4,Denied
P10945,85,Male,Maryland,COPD,Riverside Health,2025-04-19,2025-04-21,Medicare,6997.89,2,Paid
P10962,65,Male,Maryland,Hypertension,Summit Health System,2025-04-19,2025-04-25,Commercial,4827.89,6,Paid
P10968,48,Female,Delaware,Heart Disease,Penn Valley Hospital,2025-04-19,2025-04-24,Medicaid,11901.14,5,Denied
P11022,42,Female,Pennsylvania,Asthma,Pinecrest Medical,2025-04-19,2025-04-25,Commercial,6738.93,6,Denied
P11036,54,Female,Pennsylvania,Cancer,Summit Health System,2025-04-19,2025-04-23,Self-Pay,17297.65,4,Denied
P11183,66,Male,Pennsylvania,Asthma,Penn Valley Hospital,2025-04-19,2025-04-22,Commercial,4913.15,3,Paid
P11205,70,Female,Delaware,Cancer,Summit Health System,2025-04-19,2025-04-24,Medicare,15351.36,5,Paid
P11320,39,Female,Virginia,Kidney Disease,Penn Valley Hospital,2025-04-19,2025-04-20,Commercial,6352.09,1,Paid
P11471,69,Female,New York,Asthma,Pinecrest Medical,2025-04-19,2025-04-22,Medicare,4110.53,3,Paid
P10030,85,Female,Ohio,COPD,Riverside Health,2025-04-20,2025-04-21,Medicare,8592.15,1,Paid
P10133,80,Male,New Jersey,COPD,Allegheny Health Center,2025-04-20,2025-04-26,Commercial,11217.87,6,Paid
P10273,84,Female,New York,Pneumonia,Allegheny Health Center,2025-04-20,2025-04-22,Medicaid,7135.42,2,Paid
P10485,69,Male,Pennsylvania,High Cholesterol,Summit Health System,2025-04-20,2025-04-21,Commercial,3314.16,1,Paid
P10501,41,Male,New York,Cancer,Harrisburg General Hospital,2025-04-20,2025-04-21,Medicaid,14565.01,1,Paid
P10582,23,Male,Pennsylvania,COPD,Riverside Health,2025-04-20,2025-04-22,Commercial,7568.58,2,Pending
P10672,43,Female,Pennsylvania,Diabetes,Valley Care Hospital,2025-04-20,2025-04-24,Self-Pay,7357.02,4,Paid
P10879,55,Male,Virginia,Hypertension,Pinecrest Medical,2025-04-20,2025-04-29,Medicaid,5825.32,9,Paid
P11343,18,Male,Virginia,Arthritis,Penn Valley Hospital,2025-04-20,2025-04-24,Commercial,4911.25,4,Paid
P10088,38,Female,Pennsylvania,Hypertension,Pinecrest Medical,2025-04-21,2025-04-26,Commercial,4629.82,5,Paid
P10134,66,Female,Virginia,Cancer,Summit Health System,2025-04-21,2025-04-28,Medicaid,15240.55,7,Paid
P10206,80,Male,Pennsylvania,High Cholesterol,Harrisburg General Hospital,2025-04-21,2025-04-25,Medicaid,5132.84,4,Paid
P10306,27,Female,Pennsylvania,Pneumonia,Community Care Hospital,2025-04-21,2025-04-27,Medicaid,10444.25,6,Paid
P10386,48,Female,New Jersey,COPD,Pinecrest Medical,2025-04-21,2025-05-05,Medicaid,17411.88,14,Paid
P10423,23,Male,Maryland,Hypertension,Pinecrest Medical,2025-04-21,2025-04-22,Medicare,3849.44,1,Paid
P10540,59,Female,New Jersey,Asthma,Allegheny Health Center,2025-04-21,2025-04-24,Medicaid,3592.38,3,Paid
P10556,36,Female,Pennsylvania,COPD,Pinecrest Medical,2025-04-21,2025-04-25,Medicaid,11014.02,4,Paid
P10590,45,Female,Pennsylvania,Pneumonia,Summit Health System,2025-04-21,2025-04-24,Commercial,8218.58,3,Paid
P10603,33,Female,Pennsylvania,Kidney Disease,Riverside Health,2025-04-21,2025-04-26,Commercial,11498.38,5,Paid
P10676,73,Female,Delaware,Kidney Disease,Summit Health System,2025-04-21,2025-04-23,Medicaid,8737.37,2,Paid
P10800,80,Female,Pennsylvania,High Cholesterol,Riverside Health,2025-04-21,2025-05-01,Medicaid,5352.82,10,Paid
P10801,84,Female,Ohio,Cancer,Community Care Hospital,2025-04-21,2025-05-01,Medicaid,21229.52,10,Paid
P10903,23,Female,Ohio,Cancer,Allegheny Health Center,2025-04-21,2025-05-01,Commercial,20545.35,10,Denied
P10972,43,Female,New York,Heart Disease,Penn Valley Hospital,2025-04-21,2025-04-23,Commercial,8723.99,2,Paid
P11223,70,Male,Ohio,COPD,Harrisburg General Hospital,2025-04-21,2025-04-27,Commercial,9924.74,6,Denied
P11319,22,Male,New York,Heart Disease,Summit Health System,2025-04-21,2025-04-30,Commercial,12166.06,9,Paid
P11373,20,Female,Pennsylvania,Hypertension,Central PA Medical,2025-04-21,2025-04-24,Commercial,4112.4,3,Paid
P11486,30,Male,New Jersey,COPD,Central PA Medical,2025-04-21,2025-04-28,Commercial,10585.39,7,Denied
P10057,71,Female,New Jersey,Diabetes,Allegheny Health Center,2025-04-22,2025-04-27,Medicare,7911.49,5,Paid
P10221,21,Female,New York,Cancer,Harrisburg General Hospital,2025-04-22,2025-04-26,Medicare,16412.25,4,Paid
P10260,32,Female,Virginia,Hypertension,Harrisburg General Hospital,2025-04-22,2025-04-23,Medicare,3369.38,1,Paid
P10360,73,Female,New Jersey,Diabetes,Valley Care Hospital,2025-04-22,2025-04-26,Commercial,5789.23,4,Paid
P10368,70,Male,Virginia,Kidney Disease,Pinecrest Medical,2025-04-22,2025-04-28,Commercial,12211.69,6,Pending
P10588,61,Male,New York,Hypertension,Community Care Hospital,2025-04-22,2025-04-27,Commercial,5355.87,5,Paid
P10694,39,Male,Pennsylvania,High Cholesterol,Summit Health System,2025-04-22,2025-04-24,Commercial,4004.98,2,Paid
P10710,65,Male,Ohio,Heart Disease,Valley Care Hospital,2025-04-22,2025-05-04,Medicare,15103.3,12,Paid
P10805,33,Female,Pennsylvania,Asthma,Community Care Hospital,2025-04-22,2025-05-01,Medicare,10145.99,9,Pending
P10959,18,Male,New Jersey,Asthma,Allegheny Health Center,2025-04-22,2025-05-01,Medicaid,4975.03,9,Paid
P11092,75,Female,New Jersey,Cancer,Central PA Medical,2025-04-22,2025-04-25,Commercial,15608.77,3,Paid
P11152,35,Male,Virginia,Kidney Disease,Summit Health System,2025-04-22,2025-05-01,Commercial,13940.69,9,Pending
P11263,60,Female,Pennsylvania,Heart Disease,Allegheny Health Center,2025-04-22,2025-05-03,Commercial,13898.36,11,Paid
P10040,77,Male,New Jersey,Hypertension,Riverside Health,2025-04-23,2025-05-02,Commercial,6185.94,9,Paid
P10055,38,Male,Virginia,High Cholesterol,Riverside Health,2025-04-23,2025-04-25,Medicaid,2235.48,2,Paid
P10341,47,Female,Pennsylvania,Pneumonia,Central PA Medical,2025-04-23,2025-04-25,Medicare,8212.35,2,Pending
P10361,59,Male,New Jersey,COPD,Community Care Hospital,2025-04-23,2025-04-30,Self-Pay,10609.33,7,Paid
P10476,67,Male,Maryland,High Cholesterol,Central PA Medical,2025-04-23,2025-05-04,Medicare,7970.56,11,Paid
P10549,23,Male,Pennsylvania,High Cholesterol,Riverside Health,2025-04-23,2025-05-02,Medicare,3421.75,9,Paid
P10673,36,Female,Pennsylvania,Asthma,Pinecrest Medical,2025-04-23,2025-04-28,Medicaid,6139.65,5,Paid
P10724,25,Female,New Jersey,Kidney Disease,Summit Health System,2025-04-23,2025-05-04,Commercial,14846.76,11,Paid
P10725,75,Male,Pennsylvania,Asthma,Community Care Hospital,2025-04-23,2025-05-03,Commercial,7730.94,10,Paid
P10732,29,Male,Virginia,Kidney Disease,Penn Valley Hospital,2025-04-23,2025-04-28,Commercial,9308.87,5,Paid
P10752,49,Female,New York,Arthritis,Summit Health System,2025-04-23,2025-04-26,Commercial,3106.07,3,Paid
P10774,50,Female,Pennsylvania,Pneumonia,Summit Health System,2025-04-23,2025-04-24,Commercial,7672.6,1,Paid
P10860,71,Male,Pennsylvania,Arthritis,Penn Valley Hospital,2025-04-23,2025-04-27,Commercial,4398.02,4,Paid
P10901,21,Male,Pennsylvania,Cancer,Harrisburg General Hospital,2025-04-23,2025-05-01,Commercial,18711.02,8,Paid
P10939,18,Male,Pennsylvania,COPD,Keystone Medical Center,2025-04-23,2025-04-24,Medicaid,7589.12,1,Paid
P10941,48,Female,Pennsylvania,Hypertension,Central PA Medical,2025-04-23,2025-04-29,Self-Pay,5622.08,6,Pending
P10994,65,Female,New Jersey,Diabetes,Allegheny Health Center,2025-04-23,2025-05-06,Commercial,10826.79,13,Pending
P10997,65,Female,New Jersey,Arthritis,Pinecrest Medical,2025-04-23,2025-04-26,Self-Pay,4874.83,3,Pending
P11045,79,Female,New York,Arthritis,Riverside Health,2025-04-23,2025-04-27,Commercial,4148.07,4,Paid
P11186,30,Male,Pennsylvania,Diabetes,Pinecrest Medical,2025-04-23,2025-04-24,Self-Pay,3947.23,1,Paid
P11500,80,Male,Maryland,Asthma,Pinecrest Medical,2025-04-23,2025-04-24,Commercial,3316.63,1,Pending
P10009,50,Male,Pennsylvania,Arthritis,Riverside Health,2025-04-24,2025-05-06,Medicare,6549.12,12,Paid
P10170,79,Female,Maryland,Diabetes,Allegheny Health Center,2025-04-24,2025-04-27,Commercial,6649.75,3,Denied
P10180,21,Female,Pennsylvania,COPD,Community Care Hospital,2025-04-24,2025-05-07,Commercial,15727.73,13,Pending
P10194,19,Female,Virginia,Cancer,Valley Care Hospital,2025-04-24,2025-04-29,Self-Pay,17430.48,5,Paid
P10257,28,Male,Delaware,Kidney Disease,Penn Valley Hospital,2025-04-24,2025-04-27,Medicare,9432.42,3,Paid
P10365,74,Female,Pennsylvania,Hypertension,Keystone Medical Center,2025-04-24,2025-04-27,Medicare,5575.64,3,Paid
P10496,38,Female,Virginia,Heart Disease,Allegheny Health Center,2025-04-24,2025-04-30,Medicare,13286.54,6,Paid
P10646,29,Male,New York,Asthma,Harrisburg General Hospital,2025-04-24,2025-04-28,Commercial,2826.12,4,Paid
P10687,31,Female,Delaware,Heart Disease,Keystone Medical Center,2025-04-24,2025-04-25,Medicare,7528.19,1,Pending
P10722,22,Female,Pennsylvania,Kidney Disease,Harrisburg General Hospital,2025-04-24,2025-05-04,Commercial,11561.61,10,Paid
P11134,30,Female,New Jersey,COPD,Community Care Hospital,2025-04-24,2025-04-27,Commercial,8895.51,3,Pending
P11320,64,Female,Pennsylvania,Hypertension,Summit Health System,2025-04-24,2025-05-02,Medicare,5325.69,8,Paid
P11348,21,Male,New Jersey,Asthma,Riverside Health,2025-04-24,2025-05-03,Commercial,6947.4,9,Paid
P10264,71,Female,New Jersey,COPD,Pinecrest Medical,2025-04-25,2025-05-02,Commercial,7177.89,7,Denied
P10317,27,Female,Ohio,High Cholesterol,Community Care Hospital,2025-04-25,2025-05-04,Self-Pay,5108.02,9,Denied
P10400,26,Female,Delaware,Heart Disease,Community Care Hospital,2025-04-25,2025-05-08,Self-Pay,17418.01,13,Paid
P10593,69,Male,Pennsylvania,High Cholesterol,Penn Valley Hospital,2025-04-25,2025-04-30,Commercial,6952.53,5,Paid
P10742,40,Female,New Jersey,High Cholesterol,Allegheny Health Center,2025-04-25,2025-04-27,Commercial,1325.5,2,Paid
P10923,51,Female,Pennsylvania,High Cholesterol,Harrisburg General Hospital,2025-04-25,2025-04-29,Medicaid,4481.66,4,Pending
P11153,64,Male,New York,Diabetes,Harrisburg General Hospital,2025-04-25,2025-05-04,Commercial,10097.53,9,Paid
P10056,35,Female,Pennsylvania,Kidney Disease,Harrisburg General Hospital,2025-04-26,2025-04-29,Commercial,11367.91,3,Paid
P10106,26,Male,Pennsylvania,Diabetes,Keystone Medical Center,2025-04-26,2025-04-30,Self-Pay,7119.42,4,Paid
P10181,71,Male,Ohio,High Cholesterol,Penn Valley Hospital,2025-04-26,2025-04-28,Commercial,3910.93,2,Paid
P10196,51,Female,Pennsylvania,Hypertension,Valley Care Hospital,2025-04-26,2025-05-03,Medicaid,8637.36,7,Paid
P10296,33,Male,Pennsylvania,Hypertension,Community Care Hospital,2025-04-26,2025-04-28,Commercial,4688.29,2,Paid
P10350,30,Male,Delaware,Arthritis,Central PA Medical,2025-04-26,2025-05-01,Commercial,6122.78,5,Paid
P10367,36,Female,Ohio,High Cholesterol,Pinecrest Medical,2025-04-26,2025-05-05,Medicare,7275.58,9,Paid
P10419,20,Male,Pennsylvania,Kidney Disease,Keystone Medical Center,2025-04-26,2025-04-29,Commercial,9147.87,3,Pending
P10423,52,Female,Delaware,Cancer,Penn Valley Hospital,2025-04-26,2025-04-28,Commercial,15170.7,2,Paid
P10948,65,Female,Pennsylvania,High Cholesterol,Harrisburg General Hospital,2025-04-26,2025-05-02,Medicare,6019.3,6,Pending
P10996,63,Female,Pennsylvania,Heart Disease,Community Care Hospital,2025-04-26,2025-04-28,Commercial,10433.0,2,Denied
P11042,53,Male,New York,COPD,Riverside Health,2025-04-26,2025-05-01,Commercial,9055.65,5,Paid
P11067,20,Male,New Jersey,Cancer,Allegheny Health Center,2025-04-26,2025-04-28,Commercial,14912.37,2,Denied
P11087,61,Female,Pennsylvania,Diabetes,Harrisburg General Hospital,2025-04-26,2025-05-01,Commercial,7500.38,5,Paid
P11148,21,Male,Pennsylvania,COPD,Riverside Health,2025-04-26,2025-05-02,Commercial,8663.32,6,Paid
P11218,54,Female,Pennsylvania,Cancer,Central PA Medical,2025-04-26,2025-04-30,Commercial,16341.87,4,Paid
P10092,36,Male,Pennsylvania,Pneumonia,Harrisburg General Hospital,2025-04-27,2025-05-04,Commercial,9904.89,7,Paid
P10188,41,Female,New York,COPD,Keystone Medical Center,2025-04-27,2025-05-03,Commercial,9656.56,6,Paid
P10209,30,Female,Maryland,Pneumonia,Pinecrest Medical,2025-04-27,2025-04-30,Medicare,7051.8,3,Pending
P10215,45,Female,Pennsylvania,High Cholesterol,Summit Health System,2025-04-27,2025-05-01,Medicaid,4581.24,4,Paid
P10250,39,Male,New Jersey,Diabetes,Harrisburg General Hospital,2025-04-27,2025-05-03,Commercial,4328.18,6,Paid
P10347,77,Male,Pennsylvania,Heart Disease,Keystone Medical Center,2025-04-27,2025-05-02,Commercial,12501.52,5,Paid
P10543,55,Male,Pennsylvania,Kidney Disease,Community Care Hospital,2025-04-27,2025-04-28,Commercial,9247.58,1,Pending
P10560,20,Female,Pennsylvania,High Cholesterol,Valley Care Hospital,2025-04-27,2025-05-02,Commercial,4398.86,5,Denied
P10675,66,Female,New York,High Cholesterol,Allegheny Health Center,2025-04-27,2025-04-29,Medicare,3338.34,2,Paid
P10820,79,Male,Pennsylvania,Cancer,Penn Valley Hospital,2025-04-27,2025-04-29,Medicaid,14682.8,2,Paid
P10932,74,Female,Pennsylvania,Pneumonia,Penn Valley Hospital,2025-04-27,2025-05-06,Commercial,12264.69,9,Denied
P11038,40,Female,Pennsylvania,Pneumonia,Central PA Medical,2025-04-27,2025-04-29,Medicare,7449.39,2,Paid
P11123,49,Female,Delaware,Cancer,Community Care Hospital,2025-04-27,2025-04-29,Commercial,15083.87,2,Paid
P11230,27,Female,Pennsylvania,Arthritis,Central PA Medical,2025-04-27,2025-05-04,Medicare,6393.83,7,Paid
P11320,61,Female,Pennsylvania,Arthritis,Keystone Medical Center,2025-04-27,2025-04-30,Medicare,3458.01,3,Paid
P11361,68,Female,New Jersey,COPD,Allegheny Health Center,2025-04-27,2025-04-30,Medicare,7517.45,3,Paid
P11400,22,Female,Pennsylvania,Kidney Disease,Pinecrest Medical,2025-04-27,2025-05-03,Commercial,11026.94,6,Paid
P11426,55,Female,Pennsylvania,Asthma,Allegheny Health Center,2025-04-27,2025-04-29,Medicaid,1931.13,2,Paid
P10006,67,Male,Pennsylvania,Heart Disease,Community Care Hospital,2025-04-28,2025-05-09,Medicare,13995.35,11,Paid
P10006,52,Female,New York,Cancer,Central PA Medical,2025-04-28,2025-05-03,Medicaid,15997.05,5,Paid
P10293,38,Female,Delaware,High Cholesterol,Valley Care Hospital,2025-04-28,2025-05-03,Medicare,5700.31,5,Paid
P10302,48,Male,New Jersey,Pneumonia,Central PA Medical,2025-04-28,2025-05-02,Medicaid,8291.28,4,Paid
P10567,37,Male,New York,COPD,Riverside Health,2025-04-28,2025-05-02,Commercial,8425.08,4,Paid
P10620,62,Female,New Jersey,Cancer,Pinecrest Medical,2025-04-28,2025-04-29,Medicare,15805.45,1,Paid
P10657,69,Male,New York,High Cholesterol,Allegheny Health Center,2025-04-28,2025-05-03,Medicaid,5027.84,5,Paid
P10788,51,Male,New York,Asthma,Keystone Medical Center,2025-04-28,2025-04-30,Medicare,1914.26,2,Paid
P10831,62,Female,Virginia,Heart Disease,Harrisburg General Hospital,2025-04-28,2025-04-29,Commercial,9909.75,1,Paid
P10840,65,Male,Virginia,Diabetes,Pinecrest Medical,2025-04-28,2025-04-29,Medicare,4326.65,1,Paid
P10985,44,Female,Pennsylvania,Hypertension,Riverside Health,2025-04-28,2025-05-01,Medicaid,3191.04,3,Denied
P11034,23,Male,Virginia,Diabetes,Community Care Hospital,2025-04-28,2025-05-02,Commercial,6203.08,4,Pending
P11054,69,Male,New Jersey,COPD,Allegheny Health Center,2025-04-28,2025-05-02,Commercial,7967.71,4,Paid
P11096,29,Male,Virginia,Hypertension,Community Care Hospital,2025-04-28,2025-05-09,Medicare,5326.76,11,Paid
P11105,45,Male,New Jersey,Kidney Disease,Valley Care Hospital,2025-04-28,2025-05-03,Self-Pay,10164.3,5,Paid
P11115,72,Male,Maryland,Hypertension,Central PA Medical,2025-04-28,2025-04-30,Medicare,3846.32,2,Pending
P11177,41,Male,Pennsylvania,Hypertension,Allegheny Health Center,2025-04-28,2025-04-29,Medicaid,3166.08,1,Paid
P11221,38,Male,Pennsylvania,Cancer,Riverside Health,2025-04-28,2025-05-04,Medicaid,17338.52,6,Paid
P11259,32,Male,Pennsylvania,Heart Disease,Riverside Health,2025-04-28,2025-04-30,Medicaid,9722.86,2,Paid
P11317,26,Female,Pennsylvania,Cancer,Central PA Medical,2025-04-28,2025-05-06,Commercial,18862.39,8,Paid
P11338,69,Female,Virginia,COPD,Community Care Hospital,2025-04-28,2025-05-02,Commercial,10176.98,4,Paid
P10063,32,Female,New York,Asthma,Riverside Health,2025-04-29,2025-04-30,Medicaid,2650.98,1,Paid
P10070,60,Male,Maryland,Hypertension,Keystone Medical Center,2025-04-29,2025-05-01,Medicare,3514.23,2,Paid
P10265,38,Male,Ohio,Asthma,Keystone Medical Center,2025-04-29,2025-05-01,Medicare,4524.03,2,Paid
P10366,84,Male,New Jersey,Cancer,Allegheny Health Center,2025-04-29,2025-05-05,Medicaid,18332.86,6,Paid
P10611,25,Female,Pennsylvania,COPD,Penn Valley Hospital,2025-04-29,2025-05-01,Commercial,6400.37,2,Paid
P10616,84,Male,Pennsylvania,Heart Disease,Central PA Medical,2025-04-29,2025-05-02,Commercial,11278.28,3,Paid
P10631,70,Male,Virginia,Arthritis,Pinecrest Medical,2025-04-29,2025-04-30,Medicare,3845.47,1,Pending
P10878,23,Female,Maryland,Pneumonia,Pinecrest Medical,2025-04-29,2025-05-11,Commercial,10814.03,12,Paid
P10936,20,Female,Pennsylvania,Hypertension,Central PA Medical,2025-04-29,2025-05-03,Medicare,6992.4,4,Paid
P10957,35,Female,New York,Asthma,Keystone Medical Center,2025-04-29,2025-05-01,Medicaid,2758.25,2,Denied
P11030,65,Male,New Jersey,Heart Disease,Summit Health System,2025-04-29,2025-05-03,Commercial,11356.55,4,Paid
P11077,19,Male,Maryland,High Cholesterol,Valley Care Hospital,2025-04-29,2025-05-02,Commercial,4931.02,3,Paid
P11201,39,Female,Virginia,Asthma,Riverside Health,2025-04-29,2025-05-02,Medicare,2666.6,3,Pending
P11398,20,Male,Pennsylvania,COPD,Harrisburg General Hospital,2025-04-29,2025-05-03,Medicaid,7955.45,4,Paid
P11453,79,Male,Pennsylvania,Diabetes,Valley Care Hospital,2025-04-29,2025-04-30,Commercial,5314.01,1,Paid
P10139,68,Male,New York,Arthritis,Central PA Medical,2025-04-30,2025-05-04,Medicaid,5625.85,4,Paid
P10221,28,Male,Pennsylvania,Heart Disease,Riverside Health,2025-04-30,2025-05-05,Medicare,13631.8,5,Paid
P10268,23,Male,Virginia,Arthritis,Valley Care Hospital,2025-04-30,2025-05-04,Commercial,5212.04,4,Paid
P10324,23,Male,Pennsylvania,Kidney Disease,Keystone Medical Center,2025-04-30,2025-05-08,Medicare,10247.48,8,Paid
P10431,31,Female,Virginia,Arthritis,Valley Care Hospital,2025-04-30,2025-05-03,Medicaid,4123.11,3,Denied
P10490,56,Male,New Jersey,Asthma,Keystone Medical Center,2025-04-30,2025-05-07,Commercial,6670.73,7,Denied
P10496,62,Male,Pennsylvania,Heart Disease,Pinecrest Medical,2025-04-30,2025-05-02,Commercial,9528.68,2,Paid
P10545,68,Male,Pennsylvania,Pneumonia,Penn Valley Hospital,2025-04-30,2025-05-11,Medicaid,9590.88,11,Paid
P10593,82,Female,Maryland,Hypertension,Harrisburg General Hospital,2025-04-30,2025-05-01,Self-Pay,2560.27,1,Paid
P10667,64,Male,Pennsylvania,Diabetes,Allegheny Health Center,2025-04-30,2025-05-03,Self-Pay,4218.96,3,Paid
P10713,73,Female,Pennsylvania,Asthma,Riverside Health,2025-04-30,2025-05-06,Commercial,4358.49,6,Paid
P10771,48,Male,Pennsylvania,Hypertension,Allegheny Health Center,2025-04-30,2025-05-07,Commercial,5271.57,7,Pending
P11012,74,Male,Pennsylvania,Asthma,Allegheny Health Center,2025-04-30,2025-05-03,Commercial,1954.49,3,Pending
P11168,18,Female,Pennsylvania,Diabetes,Keystone Medical Center,2025-04-30,2025-05-02,Commercial,3472.14,2,Paid
P11385,75,Male,Pennsylvania,COPD,Penn Valley Hospital,2025-04-30,2025-05-02,Medicaid,8034.0,2,Paid
P10052,75,Female,Maryland,Pneumonia,Allegheny Health Center,2025-05-01,2025-05-10,Medicaid,12745.75,9,Paid
P10519,33,Male,Virginia,Arthritis,Pinecrest Medical,2025-05-01,2025-05-06,Commercial,4176.94,5,Paid
P10733,60,Male,Virginia,COPD,Pinecrest Medical,2025-05-01,2025-05-02,Medicaid,7684.45,1,Paid
P10822,31,Female,Pennsylvania,Cancer,Penn Valley Hospital,2025-05-01,2025-05-08,Commercial,18418.47,7,Pending
P11140,60,Female,Pennsylvania,Diabetes,Valley Care Hospital,2025-05-01,2025-05-04,Commercial,5536.15,3,Pending
P11148,67,Female,Virginia,High Cholesterol,Community Care Hospital,2025-05-01,2025-05-03,Medicaid,4239.25,2,Pending
P11209,60,Male,Pennsylvania,Cancer,Community Care Hospital,2025-05-01,2025-05-04,Medicaid,16250.76,3,Pending
P11240,61,Male,Pennsylvania,Heart Disease,Keystone Medical Center,2025-05-01,2025-05-05,Medicaid,11052.06,4,Paid
P11273,68,Male,Pennsylvania,High Cholesterol,Summit Health System,2025-05-01,2025-05-02,Commercial,2172.64,1,Paid
P11488,45,Male,Virginia,COPD,Community Care Hospital,2025-05-01,2025-05-02,Medicare,6530.95,1,Paid
P10232,73,Male,New York,COPD,Valley Care Hospital,2025-05-02,2025-05-04,Commercial,9117.87,2,Pending
P10358,26,Male,New York,High Cholesterol,Valley Care Hospital,2025-05-02,2025-05-05,Commercial,4540.79,3,Paid
P10415,55,Female,Ohio,Cancer,Keystone Medical Center,2025-05-02,2025-05-05,Medicare,15974.7,3,Paid
P10602,24,Male,Pennsylvania,Arthritis,Valley Care Hospital,2025-05-02,2025-05-03,Medicaid,2321.26,1,Denied
P10620,65,Male,Ohio,COPD,Summit Health System,2025-05-02,2025-05-11,Medicaid,12943.55,9,Paid
P10672,34,Male,New York,Arthritis,Allegheny Health Center,2025-05-02,2025-05-08,Medicare,6343.32,6,Paid
P10854,41,Female,Pennsylvania,Pneumonia,Community Care Hospital,2025-05-02,2025-05-04,Commercial,8598.13,2,Denied
P11021,82,Female,Pennsylvania,Kidney Disease,Keystone Medical Center,2025-05-02,2025-05-06,Medicare,8420.48,4,Paid
P11028,38,Male,Virginia,Asthma,Community Care Hospital,2025-05-02,2025-05-09,Medicare,5955.57,7,Paid
P11070,70,Female,New Jersey,Hypertension,Keystone Medical Center,2025-05-02,2025-05-06,Commercial,4854.24,4,Paid
P11179,84,Female,New York,Cancer,Harrisburg General Hospital,2025-05-02,2025-05-07,Medicaid,18649.17,5,Paid
P11260,43,Male,New Jersey,Cancer,Central PA Medical,2025-05-02,2025-05-06,Medicare,19185.67,4,Paid
P11367,80,Male,Pennsylvania,High Cholesterol,Harrisburg General Hospital,2025-05-02,2025-05-05,Commercial,4727.6,3,Paid
P11461,26,Female,Pennsylvania,Pneumonia,Harrisburg General Hospital,2025-05-02,2025-05-07,Commercial,6371.56,5,Paid
P11469,27,Female,New Jersey,Asthma,Harrisburg General Hospital,2025-05-02,2025-05-08,Medicaid,4875.7,6,Pending
P10303,19,Female,New Jersey,Kidney Disease,Pinecrest Medical,2025-05-03,2025-05-06,Commercial,6724.28,3,Pending
P10341,33,Female,Virginia,Kidney Disease,Valley Care Hospital,2025-05-03,2025-05-08,Commercial,13624.45,5,Paid
P10524,38,Male,Maryland,Asthma,Central PA Medical,2025-05-03,2025-05-14,Medicare,6881.08,11,Paid
P10687,55,Male,Pennsylvania,Cancer,Riverside Health,2025-05-03,2025-05-06,Commercial,15557.7,3,Paid
P10787,51,Female,Pennsylvania,Asthma,Riverside Health,2025-05-03,2025-05-13,Commercial,9619.75,10,Paid
P10993,32,Female,Pennsylvania,Diabetes,Valley Care Hospital,2025-05-03,2025-05-08,Commercial,8073.48,5,Pending
P11097,67,Female,Pennsylvania,Diabetes,Pinecrest Medical,2025-05-03,2025-05-06,Medicare,5205.24,3,Paid
P11114,78,Female,Pennsylvania,Pneumonia,Penn Valley Hospital,2025-05-03,2025-05-11,Medicare,10143.31,8,Paid
P10020,45,Male,Pennsylvania,Asthma,Community Care Hospital,2025-05-04,2025-05-05,Self-Pay,2905.88,1,Paid
P10129,70,Male,New Jersey,COPD,Valley Care Hospital,2025-05-04,2025-05-10,Medicare,8835.1,6,Paid
P10254,71,Female,Maryland,Arthritis,Pinecrest Medical,2025-05-04,2025-05-05,Medicare,2282.62,1,Paid
P10402,22,Female,Pennsylvania,Hypertension,Riverside Health,2025-05-04,2025-05-10,Medicare,5113.16,6,Paid
P10435,48,Male,Pennsylvania,Asthma,Pinecrest Medical,2025-05-04,2025-05-08,Commercial,3250.18,4,Paid
P10648,82,Female,Pennsylvania,Diabetes,Riverside Health,2025-05-04,2025-05-09,Commercial,5171.57,5,Paid
P10796,25,Male,Maryland,Hypertension,Riverside Health,2025-05-04,2025-05-07,Medicare,5894.43,3,Paid
P10796,73,Female,Pennsylvania,Cancer,Riverside Health,2025-05-04,2025-05-05,Medicaid,15233.27,1,Paid
P10891,61,Female,New Jersey,Diabetes,Central PA Medical,2025-05-04,2025-05-10,Medicaid,4507.96,6,Paid
P10929,44,Male,New Jersey,Heart Disease,Riverside Health,2025-05-04,2025-05-08,Medicare,11332.88,4,Paid
P10967,31,Male,New Jersey,Kidney Disease,Penn Valley Hospital,2025-05-04,2025-05-08,Commercial,9865.75,4,Paid
P11123,37,Male,Pennsylvania,Arthritis,Allegheny Health Center,2025-05-04,2025-05-05,Commercial,2369.53,1,Paid
P11172,26,Female,New Jersey,COPD,Pinecrest Medical,2025-05-04,2025-05-06,Commercial,6798.56,2,Paid
P11422,45,Female,Virginia,Arthritis,Summit Health System,2025-05-04,2025-05-13,Commercial,7976.98,9,Pending
P10433,21,Female,Ohio,Kidney Disease,Riverside Health,2025-05-05,2025-05-09,Medicare,9170.74,4,Pending
P10503,44,Male,Maryland,Diabetes,Penn Valley Hospital,2025-05-05,2025-05-08,Commercial,5171.93,3,Paid
P10593,64,Male,New Jersey,Heart Disease,Summit Health System,2025-05-05,2025-05-06,Medicare,9041.41,1,Paid
P10723,61,Female,Delaware,Heart Disease,Valley Care Hospital,2025-05-05,2025-05-08,Commercial,10677.15,3,Paid
P10842,67,Female,Pennsylvania,Diabetes,Valley Care Hospital,2025-05-05,2025-05-13,Medicaid,7315.17,8,Paid
P10855,64,Female,Virginia,Cancer,Allegheny Health Center,2025-05-05,2025-05-06,Commercial,14023.1,1,Paid
P10859,84,Female,New Jersey,High Cholesterol,Penn Valley Hospital,2025-05-05,2025-05-06,Medicare,1755.79,1,Paid
P10924,85,Female,Maryland,High Cholesterol,Community Care Hospital,2025-05-05,2025-05-09,Commercial,4562.37,4,Paid
P11043,19,Female,New York,Diabetes,Central PA Medical,2025-05-05,2025-05-07,Commercial,4203.27,2,Denied
P11170,53,Male,New York,Kidney Disease,Harrisburg General Hospital,2025-05-05,2025-05-10,Commercial,12086.53,5,Paid
P11303,35,Female,New York,Diabetes,Harrisburg General Hospital,2025-05-05,2025-05-13,Medicare,8280.28,8,Paid
P11304,80,Female,Virginia,Asthma,Riverside Health,2025-05-05,2025-05-06,Commercial,1386.13,1,Paid
P10036,82,Male,Delaware,Heart Disease,Riverside Health,2025-05-06,2025-05-08,Commercial,11845.0,2,Pending
P10174,63,Male,Pennsylvania,Cancer,Summit Health System,2025-05-06,2025-05-10,Medicare,17752.03,4,Denied
P10229,43,Male,Pennsylvania,Hypertension,Pinecrest Medical,2025-05-06,2025-05-10,Medicaid,5491.77,4,Paid
P10260,26,Female,Delaware,Cancer,Keystone Medical Center,2025-05-06,2025-05-11,Commercial,17021.02,5,Paid
P10493,81,Male,Pennsylvania,Asthma,Community Care Hospital,2025-05-06,2025-05-14,Medicaid,7890.68,8,Paid
P10567,43,Female,Ohio,Kidney Disease,Summit Health System,2025-05-06,2025-05-20,Medicare,16873.42,14,Paid
P10695,40,Male,Virginia,Diabetes,Riverside Health,2025-05-06,2025-05-09,Commercial,5932.49,3,Paid
P10742,63,Female,Pennsylvania,High Cholesterol,Valley Care Hospital,2025-05-06,2025-05-11,Medicare,5650.74,5,Paid
P10762,42,Male,New York,Cancer,Valley Care Hospital,2025-05-06,2025-05-08,Commercial,16880.97,2,Paid
P10799,48,Male,Pennsylvania,High Cholesterol,Harrisburg General Hospital,2025-05-06,2025-05-09,Medicare,2678.46,3,Pending
P10893,60,Male,Virginia,Arthritis,Pinecrest Medical,2025-05-06,2025-05-14,Medicaid,7259.51,8,Paid
P10958,23,Male,Maryland,COPD,Allegheny Health Center,2025-05-06,2025-05-07,Medicaid,7678.88,1,Paid
P11081,48,Male,Delaware,Diabetes,Harrisburg General Hospital,2025-05-06,2025-05-08,Commercial,3839.42,2,Paid
P11201,36,Female,Pennsylvania,Hypertension,Riverside Health,2025-05-06,2025-05-12,Medicare,8384.59,6,Paid
P11265,83,Female,Pennsylvania,Heart Disease,Harrisburg General Hospital,2025-05-06,2025-05-11,Medicaid,11205.79,5,Paid
P11324,61,Female,Pennsylvania,Heart Disease,Penn Valley Hospital,2025-05-06,2025-05-09,Commercial,10106.93,3,Paid
P11360,81,Male,Ohio,Kidney Disease,Valley Care Hospital,2025-05-06,2025-05-09,Medicare,8918.2,3,Paid
P11447,46,Female,Ohio,COPD,Valley Care Hospital,2025-05-06,2025-05-09,Medicare,8962.62,3,Paid
P10113,23,Female,New York,High Cholesterol,Riverside Health,2025-05-07,2025-05-11,Commercial,5933.77,4,Paid
P10137,39,Male,Pennsylvania,Cancer,Penn Valley Hospital,2025-05-07,2025-05-10,Medicare,16471.86,3,Pending
P10153,67,Male,Pennsylvania,Hypertension,Harrisburg General Hospital,2025-05-07,2025-05-12,Medicaid,3899.5,5,Paid
P10158,22,Female,Pennsylvania,Kidney Disease,Harrisburg General Hospital,2025-05-07,2025-05-09,Medicaid,9788.98,2,Paid
P10285,52,Male,Pennsylvania,Arthritis,Valley Care Hospital,2025-05-07,2025-05-14,Medicare,5131.59,7,Paid
P10646,44,Male,New York,Heart Disease,Harrisburg General Hospital,2025-05-07,2025-05-14,Medicaid,14740.38,7,Paid
P10776,76,Male,New Jersey,Pneumonia,Community Care Hospital,2025-05-07,2025-05-11,Self-Pay,8848.36,4,Pending
P10875,46,Male,Virginia,Pneumonia,Allegheny Health Center,2025-05-07,2025-05-13,Commercial,9088.83,6,Paid
P11102,79,Female,New York,Cancer,Riverside Health,2025-05-07,2025-05-10,Medicare,17597.38,3,Paid
P11144,59,Female,Ohio,Pneumonia,Central PA Medical,2025-05-07,2025-05-10,Commercial,7999.06,3,Pending
P11170,40,Female,Delaware,Asthma,Summit Health System,2025-05-07,2025-05-16,Commercial,8291.25,9,Paid
P11174,67,Male,Pennsylvania,High Cholesterol,Valley Care Hospital,2025-05-07,2025-05-09,Medicaid,3253.78,2,Paid
P11405,39,Female,New Jersey,Hypertension,Harrisburg General Hospital,2025-05-07,2025-05-16,Medicaid,11488.78,9,Paid
P11435,51,Male,Maryland,Kidney Disease,Harrisburg General Hospital,2025-05-07,2025-05-10,Commercial,9224.32,3,Paid
P11494,64,Female,Pennsylvania,Kidney Disease,Central PA Medical,2025-05-07,2025-05-15,Medicare,10955.53,8,Paid
P10184,55,Female,Pennsylvania,Kidney Disease,Summit Health System,2025-05-08,2025-05-12,Commercial,8313.19,4,Pending
P10210,49,Female,Pennsylvania,Diabetes,Keystone Medical Center,2025-05-08,2025-05-14,Medicare,5336.67,6,Paid
P10224,28,Female,Maryland,Diabetes,Central PA Medical,2025-05-08,2025-05-19,Commercial,9600.16,11,Paid
P10409,59,Female,New York,Asthma,Valley Care Hospital,2025-05-08,2025-05-14,Medicaid,3077.43,6,Pending
P10464,39,Male,Maryland,Asthma,Valley Care Hospital,2025-05-08,2025-05-09,Medicare,2000.63,1,Paid
P10550,22,Male,Pennsylvania,Asthma,Riverside Health,2025-05-08,2025-05-19,Medicaid,10383.45,11,Denied
P10864,78,Male,Pennsylvania,Heart Disease,Keystone Medical Center,2025-05-08,2025-05-14,Medicare,13475.33,6,Pending
P10921,21,Male,New Jersey,Cancer,Harrisburg General Hospital,2025-05-08,2025-05-10,Commercial,15433.15,2,Paid
P10930,43,Female,Pennsylvania,Kidney Disease,Community Care Hospital,2025-05-08,2025-05-19,Commercial,11852.38,11,Paid
P10946,42,Male,Virginia,COPD,Keystone Medical Center,2025-05-08,2025-05-18,Medicaid,8108.18,10,Paid
P11032,22,Female,Pennsylvania,Kidney Disease,Central PA Medical,2025-05-08,2025-05-10,Commercial,8722.58,2,Paid
P11079,37,Male,Pennsylvania,Arthritis,Community Care Hospital,2025-05-08,2025-05-10,Medicare,5399.62,2,Paid
P11096,41,Female,New York,Kidney Disease,Pinecrest Medical,2025-05-08,2025-05-10,Medicaid,8338.14,2,Paid
P11106,26,Male,Pennsylvania,Heart Disease,Summit Health System,2025-05-08,2025-05-09,Commercial,8346.39,1,Paid
P11406,71,Male,Maryland,Hypertension,Summit Health System,2025-05-08,2025-05-19,Medicare,7589.05,11,Paid
P11466,53,Male,Pennsylvania,Heart Disease,Valley Care Hospital,2025-05-08,2025-05-19,Medicaid,14305.74,11,Paid
P10103,20,Female,Virginia,Hypertension,Valley Care Hospital,2025-05-09,2025-05-11,Self-Pay,4537.25,2,Paid
P10191,82,Female,Pennsylvania,Asthma,Keystone Medical Center,2025-05-09,2025-05-12,Medicaid,2630.09,3,Denied
P10224,25,Male,Pennsylvania,Asthma,Valley Care Hospital,2025-05-09,2025-05-10,Medicaid,1708.12,1,Paid
P10383,82,Male,Virginia,Pneumonia,Central PA Medical,2025-05-09,2025-05-11,Medicaid,7261.28,2,Denied
P10441,41,Male,New Jersey,Asthma,Community Care Hospital,2025-05-09,2025-05-13,Medicare,5957.37,4,Paid
P10481,18,Female,Pennsylvania,Pneumonia,Harrisburg General Hospital,2025-05-09,2025-05-12,Medicare,8033.57,3,Denied
P10526,78,Female,Pennsylvania,Heart Disease,Summit Health System,2025-05-09,2025-05-22,Medicaid,13409.18,13,Pending
P10706,63,Female,Ohio,Cancer,Harrisburg General Hospital,2025-05-09,2025-05-14,Commercial,18564.49,5,Pending
P10723,55,Female,Pennsylvania,Diabetes,Pinecrest Medical,2025-05-09,2025-05-12,Medicaid,5460.67,3,Paid
P10738,67,Female,Ohio,Arthritis,Harrisburg General Hospital,2025-05-09,2025-05-16,Medicaid,7541.4,7,Paid
P10873,65,Female,Pennsylvania,High Cholesterol,Riverside Health,2025-05-09,2025-05-13,Commercial,5621.45,4,Paid
P10880,27,Female,Pennsylvania,Kidney Disease,Keystone Medical Center,2025-05-09,2025-05-10,Medicare,6891.44,1,Paid
P11297,44,Female,New Jersey,Hypertension,Valley Care Hospital,2025-05-09,2025-05-15,Commercial,5896.42,6,Paid
P11343,25,Female,New Jersey,Arthritis,Community Care Hospital,2025-05-09,2025-05-17,Commercial,8736.39,8,Paid
P11418,42,Female,Ohio,Arthritis,Riverside Health,2025-05-09,2025-05-17,Commercial,4841.92,8,Paid
P10030,65,Female,Pennsylvania,COPD,Valley Care Hospital,2025-05-10,2025-05-12,Medicaid,6779.16,2,Paid
P10041,39,Male,Delaware,High Cholesterol,Central PA Medical,2025-05-10,2025-05-16,Medicare,4862.24,6,Paid
P10207,19,Female,Pennsylvania,Pneumonia,Harrisburg General Hospital,2025-05-10,2025-05-14,Commercial,9380.51,4,Paid
P10378,59,Female,New York,Asthma,Community Care Hospital,2025-05-10,2025-05-22,Medicare,9235.07,12,Denied
P10473,55,Female,Maryland,Pneumonia,Valley Care Hospital,2025-05-10,2025-05-14,Medicaid,8351.78,4,Paid
P10731,32,Male,Pennsylvania,Diabetes,Pinecrest Medical,2025-05-10,2025-05-15,Commercial,6149.94,5,Paid
P10910,37,Male,Virginia,High Cholesterol,Community Care Hospital,2025-05-10,2025-05-13,Medicaid,2234.2,3,Paid
P11009,66,Female,Virginia,Heart Disease,Keystone Medical Center,2025-05-10,2025-05-18,Medicare,14535.67,8,Denied
P11015,24,Male,Pennsylvania,Pneumonia,Penn Valley Hospital,2025-05-10,2025-05-11,Medicaid,6395.62,1,Paid
P11017,52,Male,Pennsylvania,COPD,Penn Valley Hospital,2025-05-10,2025-05-21,Commercial,11790.1,11,Paid
P11319,60,Female,Pennsylvania,Cancer,Summit Health System,2025-05-10,2025-05-14,Medicare,16332.38,4,Paid
P11363,50,Male,Pennsylvania,High Cholesterol,Harrisburg General Hospital,2025-05-10,2025-05-13,Commercial,3942.28,3,Paid
P11427,40,Male,Virginia,Asthma,Central PA Medical,2025-05-10,2025-05-14,Medicaid,5145.64,4,Pending
P11451,21,Female,Delaware,Diabetes,Keystone Medical Center,2025-05-10,2025-05-21,Medicare,10993.35,11,Paid
P10106,72,Male,Pennsylvania,High Cholesterol,Keystone Medical Center,2025-05-11,2025-05-19,Medicaid,5519.26,8,Paid
P10198,84,Male,Pennsylvania,Diabetes,Pinecrest Medical,2025-05-11,2025-05-14,Commercial,4289.18,3,Paid
P10357,62,Female,Pennsylvania,High Cholesterol,Penn Valley Hospital,2025-05-11,2025-05-17,Medicare,6779.0,6,Paid
P10360,54,Male,Pennsylvania,Pneumonia,Penn Valley Hospital,2025-05-11,2025-05-12,Commercial,6351.5,1,Denied
P10473,40,Female,New York,Diabetes,Riverside Health,2025-05-11,2025-05-12,Medicare,4192.54,1,Paid
P10646,32,Male,Pennsylvania,Pneumonia,Allegheny Health Center,2025-05-11,2025-05-16,Medicare,9251.44,5,Paid
P10731,43,Male,Pennsylvania,Hypertension,Riverside Health,2025-05-11,2025-05-14,Medicaid,4847.05,3,Paid
P10753,57,Male,Maryland,Pneumonia,Riverside Health,2025-05-11,2025-05-12,Medicaid,6882.93,1,Paid
P10861,33,Female,Virginia,Asthma,Harrisburg General Hospital,2025-05-11,2025-05-16,Commercial,4655.65,5,Paid
P10914,48,Female,Pennsylvania,Asthma,Pinecrest Medical,2025-05-11,2025-05-16,Medicare,6661.11,5,Paid
P11103,58,Female,New York,Pneumonia,Penn Valley Hospital,2025-05-11,2025-05-14,Medicare,8502.9,3,Paid
P11301,52,Female,New York,Hypertension,Central PA Medical,2025-05-11,2025-05-19,Medicaid,5949.3,8,Paid
P11343,29,Female,Pennsylvania,Hypertension,Riverside Health,2025-05-11,2025-05-15,Medicare,5533.85,4,Paid
P10004,55,Female,Virginia,Pneumonia,Penn Valley Hospital,2025-05-12,2025-05-22,Medicare,10937.99,10,Pending
P10438,63,Male,Maryland,Kidney Disease,Allegheny Health Center,2025-05-12,2025-05-19,Medicare,13809.26,7,Paid
P10452,52,Female,Virginia,Cancer,Penn Valley Hospital,2025-05-12,2025-05-16,Commercial,16898.68,4,Paid
P10504,64,Female,Virginia,COPD,Valley Care Hospital,2025-05-12,2025-05-15,Medicare,8106.16,3,Paid
P10591,44,Female,Pennsylvania,Cancer,Valley Care Hospital,2025-05-12,2025-05-14,Medicare,15597.74,2,Pending
P10699,27,Female,Pennsylvania,Cancer,Allegheny Health Center,2025-05-12,2025-05-17,Commercial,16962.81,5,Paid
P10960,71,Male,Pennsylvania,Cancer,Pinecrest Medical,2025-05-12,2025-05-13,Commercial,14547.35,1,Pending
P11065,38,Female,Virginia,Hypertension,Pinecrest Medical,2025-05-12,2025-05-16,Commercial,3684.3,4,Paid
P11109,60,Male,Virginia,COPD,Central PA Medical,2025-05-12,2025-05-19,Medicare,11252.32,7,Paid
P11246,82,Male,Pennsylvania,Hypertension,Allegheny Health Center,2025-05-12,2025-05-17,Medicaid,6799.44,5,Pending
P11330,49,Male,Ohio,Kidney Disease,Community Care Hospital,2025-05-12,2025-05-17,Commercial,10284.67,5,Paid
P11467,72,Male,Virginia,Kidney Disease,Keystone Medical Center,2025-05-12,2025-05-17,Medicare,9183.49,5,Paid
P10085,25,Male,New Jersey,Kidney Disease,Pinecrest Medical,2025-05-13,2025-05-15,Medicaid,9458.49,2,Paid
P10145,64,Female,New Jersey,Asthma,Pinecrest Medical,2025-05-13,2025-05-14,Commercial,5004.36,1,Denied
P10285,73,Male,New York,Heart Disease,Summit Health System,2025-05-13,2025-05-17,Medicare,11506.53,4,Paid
P10343,51,Male,Virginia,Diabetes,Central PA Medical,2025-05-13,2025-05-19,Medicare,7064.74,6,Paid
P10473,85,Male,Pennsylvania,Diabetes,Summit Health System,2025-05-13,2025-05-16,Commercial,6425.31,3,Paid
P10495,20,Male,Pennsylvania,Asthma,Pinecrest Medical,2025-05-13,2025-05-18,Commercial,4990.85,5,Paid
P10516,70,Female,Pennsylvania,Pneumonia,Riverside Health,2025-05-13,2025-05-17,Medicare,6761.26,4,Paid
P10690,45,Male,Pennsylvania,Arthritis,Valley Care Hospital,2025-05-13,2025-05-20,Medicare,5596.46,7,Paid
P10757,67,Male,Pennsylvania,Diabetes,Allegheny Health Center,2025-05-13,2025-05-14,Medicaid,2917.74,1,Paid
P10798,41,Male,Pennsylvania,Asthma,Allegheny Health Center,2025-05-13,2025-05-19,Medicare,4000.7,6,Paid
P10829,41,Female,New Jersey,High Cholesterol,Community Care Hospital,2025-05-13,2025-05-20,Commercial,8317.26,7,Paid
P11031,29,Male,New Jersey,Hypertension,Pinecrest Medical,2025-05-13,2025-05-14,Medicaid,3621.22,1,Paid
P11239,46,Female,Virginia,Heart Disease,Summit Health System,2025-05-13,2025-05-14,Commercial,8706.72,1,Paid
P11273,46,Female,Pennsylvania,Hypertension,Penn Valley Hospital,2025-05-13,2025-05-14,Self-Pay,2455.79,1,Paid
P11276,78,Female,New Jersey,Arthritis,Riverside Health,2025-05-13,2025-05-17,Commercial,5097.86,4,Paid
P11344,32,Female,Pennsylvania,Pneumonia,Pinecrest Medical,2025-05-13,2025-05-24,Commercial,13987.1,11,Paid
P10084,32,Female,Virginia,Pneumonia,Allegheny Health Center,2025-05-14,2025-05-17,Medicare,7055.24,3,Denied
P10183,85,Female,Pennsylvania,Asthma,Summit Health System,2025-05-14,2025-05-19,Commercial,4804.21,5,Paid
P10228,79,Female,Pennsylvania,Diabetes,Central PA Medical,2025-05-14,2025-05-20,Medicare,5879.1,6,Pending
P10280,51,Male,Pennsylvania,Arthritis,Pinecrest Medical,2025-05-14,2025-05-18,Medicare,2532.18,4,Pending
P10317,48,Male,New York,Cancer,Valley Care Hospital,2025-05-14,2025-05-26,Commercial,24467.78,12,Paid
P10365,48,Female,New Jersey,COPD,Summit Health System,2025-05-14,2025-05-20,Commercial,10370.93,6,Paid
P10370,19,Female,Maryland,Diabetes,Harrisburg General Hospital,2025-05-14,2025-05-17,Medicaid,4852.92,3,Denied
P10393,30,Male,Pennsylvania,Heart Disease,Valley Care Hospital,2025-05-14,2025-05-26,Commercial,15858.24,12,Paid
P10588,23,Male,Pennsylvania,Diabetes,Central PA Medical,2025-05-14,2025-05-18,Medicaid,5387.84,4,Paid
P10601,76,Male,New York,Cancer,Central PA Medical,2025-05-14,2025-05-18,Medicare,16560.11,4,Paid
P10919,18,Male,Pennsylvania,Kidney Disease,Riverside Health,2025-05-14,2025-05-20,Medicare,11198.55,6,Pending
P11124,82,Male,Pennsylvania,Hypertension,Harrisburg General Hospital,2025-05-14,2025-05-17,Commercial,4736.98,3,Paid
P11270,53,Female,Maryland,Diabetes,Allegheny Health Center,2025-05-14,2025-05-17,Commercial,5520.79,3,Paid
P11406,65,Male,Delaware,COPD,Allegheny Health Center,2025-05-14,2025-05-16,Medicare,6594.09,2,Paid
P10183,19,Female,New York,Asthma,Valley Care Hospital,2025-05-15,2025-05-19,Commercial,6283.09,4,Paid
P10359,20,Male,Pennsylvania,Arthritis,Central PA Medical,2025-05-15,2025-05-17,Medicaid,2829.16,2,Paid
P10655,39,Male,Delaware,Hypertension,Harrisburg General Hospital,2025-05-15,2025-05-22,Commercial,7996.12,7,Paid
P10898,79,Male,New Jersey,Pneumonia,Keystone Medical Center,2025-05-15,2025-05-20,Commercial,10167.93,5,Paid
P10899,41,Male,Pennsylvania,Cancer,Harrisburg General Hospital,2025-05-15,2025-05-24,Medicaid,20977.63,9,Pending
P11263,61,Female,Pennsylvania,Arthritis,Community Care Hospital,2025-05-15,2025-05-26,Medicare,7861.57,11,Paid
P11452,51,Female,Pennsylvania,Pneumonia,Riverside Health,2025-05-15,2025-05-21,Commercial,11042.68,6,Paid
P10098,42,Male,Pennsylvania,Heart Disease,Allegheny Health Center,2025-05-16,2025-05-19,Medicaid,10032.67,3,Pending
P10120,67,Male,New York,Cancer,Pinecrest Medical,2025-05-16,2025-05-18,Commercial,14083.67,2,Paid
P10215,36,Male,Pennsylvania,Cancer,Community Care Hospital,2025-05-16,2025-05-17,Medicare,14366.44,1,Paid
P10266,32,Female,New York,COPD,Pinecrest Medical,2025-05-16,2025-05-17,Commercial,6817.69,1,Paid
P10414,77,Female,Ohio,Arthritis,Riverside Health,2025-05-16,2025-05-17,Medicare,3289.08,1,Paid
P10438,75,Female,New York,Pneumonia,Penn Valley Hospital,2025-05-16,2025-05-22,Medicare,8420.54,6,Paid
P10483,67,Female,Maryland,Cancer,Community Care Hospital,2025-05-16,2025-05-19,Commercial,15883.46,3,Paid
P10544,39,Female,Pennsylvania,Diabetes,Central PA Medical,2025-05-16,2025-05-19,Medicare,5291.38,3,Paid
P10700,20,Female,Pennsylvania,Heart Disease,Allegheny Health Center,2025-05-16,2025-05-19,Commercial,10980.53,3,Paid
P10773,74,Female,New York,Heart Disease,Summit Health System,2025-05-16,2025-05-22,Commercial,13664.65,6,Paid
P10824,78,Female,Pennsylvania,Diabetes,Keystone Medical Center,2025-05-16,2025-05-21,Commercial,6567.47,5,Denied
P10877,69,Female,Maryland,Kidney Disease,Allegheny Health Center,2025-05-16,2025-05-22,Medicare,12360.47,6,Paid
P10946,19,Female,Pennsylvania,COPD,Valley Care Hospital,2025-05-16,2025-05-29,Medicaid,13400.03,13,Paid
P11195,26,Male,New Jersey,COPD,Central PA Medical,2025-05-16,2025-05-21,Medicaid,8664.84,5,Paid
P11353,18,Male,New York,Hypertension,Riverside Health,2025-05-16,2025-05-24,Commercial,5676.65,8,Paid
P10020,39,Male,Pennsylvania,Heart Disease,Penn Valley Hospital,2025-05-17,2025-05-24,Commercial,14051.98,7,Pending
P10031,48,Female,Pennsylvania,Cancer,Riverside Health,2025-05-17,2025-05-28,Commercial,22560.96,11,Paid
P10128,53,Male,Pennsylvania,Hypertension,Pinecrest Medical,2025-05-17,2025-05-22,Medicare,5169.86,5,Paid
P10139,75,Male,Pennsylvania,Heart Disease,Community Care Hospital,2025-05-17,2025-05-19,Self-Pay,10213.18,2,Paid
P10227,46,Male,Pennsylvania,Heart Disease,Riverside Health,2025-05-17,2025-05-20,Medicare,9643.87,3,Paid
P10268,59,Male,Delaware,Kidney Disease,Valley Care Hospital,2025-05-17,2025-05-20,Commercial,10307.26,3,Paid
P10536,33,Female,New Jersey,Hypertension,Summit Health System,2025-05-17,2025-05-31,Medicaid,8506.76,14,Paid
P10704,33,Male,Pennsylvania,Kidney Disease,Harrisburg General Hospital,2025-05-17,2025-05-27,Medicaid,15419.34,10,Pending
P10845,33,Male,New York,Asthma,Central PA Medical,2025-05-17,2025-05-20,Medicare,3243.51,3,Paid
P11086,48,Male,Ohio,Hypertension,Allegheny Health Center,2025-05-17,2025-05-20,Medicare,2839.71,3,Paid
P11113,30,Male,Delaware,Pneumonia,Allegheny Health Center,2025-05-17,2025-05-21,Medicare,8064.22,4,Paid
P11298,20,Female,New Jersey,Pneumonia,Allegheny Health Center,2025-05-17,2025-05-22,Medicare,7834.22,5,Paid
P11406,68,Male,Pennsylvania,Heart Disease,Allegheny Health Center,2025-05-17,2025-05-22,Commercial,12131.23,5,Paid
P11435,18,Male,Delaware,Arthritis,Valley Care Hospital,2025-05-17,2025-05-21,Medicare,5568.66,4,Paid
P11446,24,Male,New York,Arthritis,Valley Care Hospital,2025-05-17,2025-05-18,Commercial,4737.68,1,Paid
P10028,72,Male,Ohio,Hypertension,Keystone Medical Center,2025-05-18,2025-05-20,Commercial,2830.73,2,Paid
P10121,37,Female,New York,Asthma,Central PA Medical,2025-05-18,2025-05-23,Medicare,3917.78,5,Paid
P10395,63,Male,Virginia,Asthma,Community Care Hospital,2025-05-18,2025-05-21,Medicare,3189.71,3,Paid
P10486,21,Female,New Jersey,Arthritis,Harrisburg General Hospital,2025-05-18,2025-05-19,Medicaid,2620.1,1,Paid
P10559,22,Female,New Jersey,Hypertension,Keystone Medical Center,2025-05-18,2025-05-25,Commercial,7349.29,7,Paid
P10582,20,Female,Pennsylvania,Diabetes,Central PA Medical,2025-05-18,2025-05-21,Commercial,4622.23,3,Paid
P10585,80,Female,Ohio,Pneumonia,Community Care Hospital,2025-05-18,2025-05-20,Medicare,5979.91,2,Pending
P10763,35,Female,Virginia,Pneumonia,Valley Care Hospital,2025-05-18,2025-05-21,Medicaid,7405.97,3,Paid
P11111,63,Female,Virginia,Arthritis,Riverside Health,2025-05-18,2025-05-21,Self-Pay,2151.08,3,Denied
P11176,60,Female,Virginia,Arthritis,Community Care Hospital,2025-05-18,2025-05-21,Commercial,4677.8,3,Paid
P11186,30,Male,Pennsylvania,Arthritis,Allegheny Health Center,2025-05-18,2025-05-26,Commercial,5395.86,8,Paid
P11206,31,Female,Virginia,Asthma,Valley Care Hospital,2025-05-18,2025-05-21,Medicaid,3334.36,3,Paid
P11212,32,Female,Virginia,Diabetes,Riverside Health,2025-05-18,2025-05-22,Self-Pay,5851.57,4,Paid
P11428,22,Female,Maryland,Cancer,Community Care Hospital,2025-05-18,2025-05-23,Commercial,17254.19,5,Paid
P11436,66,Female,Maryland,Cancer,Summit Health System,2025-05-18,2025-05-24,Commercial,19466.94,6,Paid
P10016,49,Male,Ohio,Heart Disease,Allegheny Health Center,2025-05-19,2025-05-26,Commercial,13549.12,7,Paid
P10137,20,Female,Virginia,Kidney Disease,Riverside Health,2025-05-19,2025-05-29,Commercial,12515.58,10,Paid
P10451,80,Male,Pennsylvania,High Cholesterol,Riverside Health,2025-05-19,2025-05-22,Medicare,2225.9,3,Pending
P10547,39,Female,New York,Pneumonia,Central PA Medical,2025-05-19,2025-05-21,Medicare,6186.74,2,Paid
P10620,53,Male,Pennsylvania,Kidney Disease,Summit Health System,2025-05-19,2025-05-21,Medicare,9849.36,2,Paid
P10882,70,Male,Delaware,Diabetes,Pinecrest Medical,2025-05-19,2025-05-31,Commercial,11667.76,12,Denied
P11008,39,Female,Pennsylvania,Pneumonia,Central PA Medical,2025-05-19,2025-05-21,Commercial,7305.36,2,Paid
P11032,65,Male,New Jersey,Arthritis,Keystone Medical Center,2025-05-19,2025-05-21,Medicare,2740.74,2,Paid
P11074,21,Male,Maryland,Arthritis,Summit Health System,2025-05-19,2025-05-22,Medicaid,4514.52,3,Paid
P11082,83,Male,Pennsylvania,Hypertension,Valley Care Hospital,2025-05-19,2025-05-22,Commercial,5614.97,3,Paid
P11086,64,Female,New York,Heart Disease,Harrisburg General Hospital,2025-05-19,2025-05-26,Commercial,14195.03,7,Paid
P11304,26,Female,New Jersey,Diabetes,Penn Valley Hospital,2025-05-19,2025-05-25,Commercial,6812.91,6,Paid
P11397,21,Female,Pennsylvania,Cancer,Penn Valley Hospital,2025-05-19,2025-05-21,Medicaid,14540.78,2,Denied
P10011,37,Male,Virginia,Heart Disease,Riverside Health,2025-05-20,2025-05-25,Medicaid,12070.58,5,Paid
P10425,39,Female,Virginia,High Cholesterol,Allegheny Health Center,2025-05-20,2025-05-23,Commercial,3924.75,3,Paid
P10480,61,Female,Pennsylvania,Hypertension,Riverside Health,2025-05-20,2025-05-23,Commercial,4573.35,3,Paid
P10936,76,Female,Ohio,Pneumonia,Central PA Medical,2025-05-20,2025-05-23,Medicare,6921.6,3,Paid
P11007,32,Male,Pennsylvania,Arthritis,Central PA Medical,2025-05-20,2025-05-22,Commercial,2876.4,2,Paid
P11050,77,Male,Pennsylvania,High Cholesterol,Pinecrest Medical,2025-05-20,2025-05-25,Medicaid,5906.72,5,Paid
P11167,75,Female,Virginia,COPD,Penn Valley Hospital,2025-05-20,2025-05-27,Commercial,10941.7,7,Paid
P11383,21,Female,Pennsylvania,Arthritis,Riverside Health,2025-05-20,2025-05-21,Commercial,1219.02,1,Paid
P11422,60,Female,New Jersey,Heart Disease,Pinecrest Medical,2025-05-20,2025-06-02,Commercial,18351.2,13,Pending
P10129,27,Female,Pennsylvania,Diabetes,Penn Valley Hospital,2025-05-21,2025-05-30,Commercial,10146.15,9,Paid
P10139,37,Male,Pennsylvania,Heart Disease,Riverside Health,2025-05-21,2025-05-26,Medicare,11354.24,5,Paid
P10152,62,Male,Pennsylvania,Kidney Disease,Riverside Health,2025-05-21,2025-05-26,Commercial,12194.45,5,Paid
P10161,68,Male,Pennsylvania,COPD,Allegheny Health Center,2025-05-21,2025-05-24,Medicare,7407.38,3,Paid
P10187,26,Female,New York,High Cholesterol,Penn Valley Hospital,2025-05-21,2025-05-30,Medicaid,7883.37,9,Paid
P10267,30,Male,Pennsylvania,Hypertension,Keystone Medical Center,2025-05-21,2025-05-29,Self-Pay,5783.9,8,Paid
P10340,34,Female,Pennsylvania,Arthritis,Valley Care Hospital,2025-05-21,2025-05-22,Medicare,2613.73,1,Paid
P10515,80,Male,New York,Pneumonia,Community Care Hospital,2025-05-21,2025-05-26,Medicaid,9390.05,5,Pending
P10640,56,Male,Virginia,Pneumonia,Penn Valley Hospital,2025-05-21,2025-05-23,Medicare,6301.4,2,Paid
P10943,50,Male,New Jersey,Hypertension,Community Care Hospital,2025-05-21,2025-05-27,Medicare,5338.63,6,Paid
P11021,69,Male,Maryland,Heart Disease,Penn Valley Hospital,2025-05-21,2025-06-01,Medicaid,15253.25,11,Paid
P11047,84,Female,New Jersey,Pneumonia,Allegheny Health Center,2025-05-21,2025-05-28,Medicaid,11049.9,7,Paid
P11108,45,Male,New Jersey,Asthma,Summit Health System,2025-05-21,2025-05-24,Commercial,4129.48,3,Pending
P11204,47,Female,Maryland,Heart Disease,Penn Valley Hospital,2025-05-21,2025-05-27,Commercial,13197.09,6,Paid
P11208,50,Female,Pennsylvania,Heart Disease,Harrisburg General Hospital,2025-05-21,2025-05-23,Commercial,10590.24,2,Paid
P11234,77,Male,Ohio,High Cholesterol,Riverside Health,2025-05-21,2025-05-22,Commercial,4745.66,1,Pending
P11409,82,Male,Pennsylvania,Heart Disease,Summit Health System,2025-05-21,2025-05-24,Commercial,10681.06,3,Paid
P11426,20,Female,Virginia,Kidney Disease,Community Care Hospital,2025-05-21,2025-05-24,Commercial,10111.69,3,Paid
P10001,38,Male,New York,Pneumonia,Allegheny Health Center,2025-05-22,2025-06-01,Commercial,14442.66,10,Denied
P10139,23,Male,New Jersey,Kidney Disease,Pinecrest Medical,2025-05-22,2025-05-27,Medicaid,12305.87,5,Paid
P10191,24,Female,Pennsylvania,Pneumonia,Summit Health System,2025-05-22,2025-05-25,Medicaid,6781.64,3,Paid
P10319,79,Female,Pennsylvania,COPD,Allegheny Health Center,2025-05-22,2025-05-27,Commercial,8822.94,5,Paid
P10450,34,Female,New York,Heart Disease,Keystone Medical Center,2025-05-22,2025-05-26,Medicaid,11489.31,4,Paid
P10541,67,Male,New Jersey,Asthma,Riverside Health,2025-05-22,2025-05-24,Commercial,2103.54,2,Paid
P10581,74,Female,New York,Diabetes,Summit Health System,2025-05-22,2025-06-02,Commercial,8477.97,11,Paid
P10635,72,Female,Pennsylvania,Heart Disease,Valley Care Hospital,2025-05-22,2025-06-01,Commercial,12308.31,10,Paid
P10783,49,Male,Delaware,Asthma,Pinecrest Medical,2025-05-22,2025-05-25,Medicare,3790.29,3,Paid
P10987,23,Male,Pennsylvania,Arthritis,Valley Care Hospital,2025-05-22,2025-05-23,Self-Pay,1996.09,1,Paid
P11058,36,Female,Virginia,Pneumonia,Central PA Medical,2025-05-22,2025-05-31,Medicare,11883.64,9,Pending
P10021,85,Male,Pennsylvania,High Cholesterol,Allegheny Health Center,2025-05-23,2025-05-24,Self-Pay,999.23,1,Paid
P10170,24,Female,New York,Diabetes,Summit Health System,2025-05-23,2025-05-25,Medicare,5187.74,2,Pending
P10180,81,Male,Maryland,Pneumonia,Summit Health System,2025-05-23,2025-05-25,Commercial,5709.03,2,Paid
P10188,70,Female,Virginia,Diabetes,Penn Valley Hospital,2025-05-23,2025-05-26,Commercial,4945.86,3,Pending
P10212,55,Female,Pennsylvania,Pneumonia,Valley Care Hospital,2025-05-23,2025-05-24,Medicare,6301.38,1,Paid
P10458,45,Male,Maryland,Heart Disease,Harrisburg General Hospital,2025-05-23,2025-05-24,Medicare,8882.37,1,Paid
P10575,50,Female,Pennsylvania,Asthma,Valley Care Hospital,2025-05-23,2025-05-25,Commercial,4097.24,2,Denied
P10679,45,Female,Pennsylvania,Diabetes,Community Care Hospital,2025-05-23,2025-05-25,Medicare,3549.75,2,Paid
P10959,19,Male,Pennsylvania,Pneumonia,Pinecrest Medical,2025-05-23,2025-05-26,Commercial,9940.05,3,Paid
P11001,19,Male,Pennsylvania,COPD,Summit Health System,2025-05-23,2025-05-26,Medicaid,6129.9,3,Paid
P11028,70,Male,Pennsylvania,Pneumonia,Allegheny Health Center,2025-05-23,2025-05-24,Medicaid,6509.42,1,Paid
P11129,70,Female,Pennsylvania,Kidney Disease,Riverside Health,2025-05-23,2025-05-31,Commercial,13314.64,8,Paid
P11259,36,Female,Virginia,Diabetes,Keystone Medical Center,2025-05-23,2025-06-01,Medicaid,8783.5,9,Paid
P11353,74,Male,Pennsylvania,Cancer,Central PA Medical,2025-05-23,2025-05-26,Commercial,16280.74,3,Paid
P11444,56,Female,Pennsylvania,High Cholesterol,Pinecrest Medical,2025-05-23,2025-05-26,Commercial,2877.55,3,Paid
P11447,25,Male,New Jersey,COPD,Pinecrest Medical,2025-05-23,2025-05-25,Medicaid,7583.59,2,Paid
P11479,36,Male,Pennsylvania,Asthma,Keystone Medical Center,2025-05-23,2025-05-27,Commercial,3993.54,4,Paid
P10007,58,Male,Pennsylvania,Arthritis,Keystone Medical Center,2025-05-24,2025-05-26,Medicaid,2810.77,2,Paid
P10182,19,Female,Delaware,Hypertension,Penn Valley Hospital,2025-05-24,2025-05-29,Self-Pay,4497.08,5,Paid
P10300,49,Female,Virginia,Cancer,Community Care Hospital,2025-05-24,2025-05-26,Medicaid,14507.5,2,Paid
P10317,81,Female,Ohio,Hypertension,Summit Health System,2025-05-24,2025-05-31,Medicare,5772.76,7,Paid
P10380,45,Male,Virginia,Hypertension,Penn Valley Hospital,2025-05-24,2025-05-29,Commercial,5155.66,5,Pending
P10450,64,Male,Pennsylvania,Arthritis,Valley Care Hospital,2025-05-24,2025-06-06,Medicare,12908.65,13,Pending
P10599,40,Male,New Jersey,Arthritis,Penn Valley Hospital,2025-05-24,2025-05-28,Medicare,4219.64,4,Pending
P10616,43,Male,Ohio,Hypertension,Pinecrest Medical,2025-05-24,2025-05-25,Medicaid,4563.17,1,Pending
P10681,84,Male,New Jersey,Heart Disease,Keystone Medical Center,2025-05-24,2025-05-30,Medicaid,8706.28,6,Paid
P10683,22,Male,Pennsylvania,Kidney Disease,Riverside Health,2025-05-24,2025-05-27,Medicaid,8372.62,3,Paid
P10823,27,Female,Virginia,Heart Disease,Summit Health System,2025-05-24,2025-05-25,Commercial,8922.4,1,Paid
P10954,69,Female,Pennsylvania,Hypertension,Summit Health System,2025-05-24,2025-05-25,Medicaid,2287.57,1,Paid
P11044,61,Female,Maryland,Hypertension,Pinecrest Medical,2025-05-24,2025-06-07,Medicaid,13087.3,14,Paid
P11339,80,Female,Delaware,Arthritis,Valley Care Hospital,2025-05-24,2025-05-26,Commercial,2632.91,2,Paid
P11461,37,Female,New York,Hypertension,Central PA Medical,2025-05-24,2025-05-28,Self-Pay,5803.23,4,Paid
P10022,18,Male,Pennsylvania,COPD,Summit Health System,2025-05-25,2025-05-26,Commercial,7013.97,1,Pending
P10153,36,Female,Pennsylvania,Asthma,Community Care Hospital,2025-05-25,2025-05-28,Commercial,2787.85,3,Paid
P10222,77,Female,Pennsylvania,Hypertension,Keystone Medical Center,2025-05-25,2025-06-01,Commercial,7016.12,7,Paid
P10337,64,Male,Virginia,Pneumonia,Central PA Medical,2025-05-25,2025-05-28,Medicare,8249.52,3,Paid
P10351,27,Male,Virginia,Hypertension,Pinecrest Medical,2025-05-25,2025-05-27,Medicare,4859.1,2,Paid
P10847,31,Male,Delaware,Arthritis,Keystone Medical Center,2025-05-25,2025-06-03,Medicare,8640.48,9,Paid
P10962,27,Female,Virginia,Pneumonia,Valley Care Hospital,2025-05-25,2025-05-31,Commercial,9284.83,6,Paid
P11008,64,Male,Pennsylvania,Cancer,Community Care Hospital,2025-05-25,2025-05-26,Self-Pay,16020.59,1,Pending
P11011,21,Female,Pennsylvania,Kidney Disease,Summit Health System,2025-05-25,2025-06-06,Medicare,10966.71,12,Pending
P11082,59,Male,Pennsylvania,Pneumonia,Allegheny Health Center,2025-05-25,2025-05-30,Commercial,8421.56,5,Paid
P11188,84,Female,Delaware,Heart Disease,Allegheny Health Center,2025-05-25,2025-06-03,Medicaid,12594.26,9,Paid
P11254,75,Female,New York,High Cholesterol,Riverside Health,2025-05-25,2025-05-27,Commercial,2945.35,2,Paid
P11302,56,Male,Ohio,Hypertension,Pinecrest Medical,2025-05-25,2025-05-26,Medicaid,3870.96,1,Paid
P11413,85,Female,Delaware,Cancer,Keystone Medical Center,2025-05-25,2025-05-29,Commercial,17557.51,4,Paid
P10153,40,Female,New York,Cancer,Pinecrest Medical,2025-05-26,2025-05-31,Medicare,17538.82,5,Paid
P10165,51,Female,Maryland,Hypertension,Keystone Medical Center,2025-05-26,2025-06-01,Medicare,7418.72,6,Paid
P10199,55,Male,Pennsylvania,Kidney Disease,Pinecrest Medical,2025-05-26,2025-05-30,Medicare,9843.86,4,Denied
P10278,38,Female,Pennsylvania,Diabetes,Pinecrest Medical,2025-05-26,2025-06-05,Commercial,8110.38,10,Paid
P10470,59,Male,Pennsylvania,Diabetes,Pinecrest Medical,2025-05-26,2025-05-27,Medicare,2047.5,1,Paid
P10608,75,Male,Pennsylvania,Arthritis,Summit Health System,2025-05-26,2025-05-27,Commercial,4251.45,1,Paid
P10774,51,Female,Virginia,Diabetes,Harrisburg General Hospital,2025-05-26,2025-05-27,Commercial,3481.61,1,Paid
P10821,49,Male,New Jersey,Asthma,Riverside Health,2025-05-26,2025-06-04,Commercial,6284.5,9,Pending
P10887,27,Male,Virginia,Arthritis,Allegheny Health Center,2025-05-26,2025-05-29,Commercial,4504.89,3,Paid
P10921,58,Male,Pennsylvania,Cancer,Summit Health System,2025-05-26,2025-05-29,Medicaid,17185.88,3,Pending
P11070,23,Female,Ohio,Heart Disease,Central PA Medical,2025-05-26,2025-05-29,Medicare,9585.33,3,Paid
P11193,69,Female,Pennsylvania,COPD,Community Care Hospital,2025-05-26,2025-05-29,Commercial,8307.82,3,Paid
P11204,84,Male,Pennsylvania,Hypertension,Community Care Hospital,2025-05-26,2025-05-31,Commercial,4362.25,5,Paid
P11210,64,Male,Pennsylvania,Diabetes,Penn Valley Hospital,2025-05-26,2025-05-27,Commercial,2824.71,1,Paid
P11397,19,Male,Maryland,Asthma,Valley Care Hospital,2025-05-26,2025-05-27,Commercial,2314.1,1,Paid
P10028,36,Male,Ohio,Cancer,Keystone Medical Center,2025-05-27,2025-05-30,Medicare,16402.06,3,Pending
P10094,18,Female,Pennsylvania,Heart Disease,Keystone Medical Center,2025-05-27,2025-05-30,Medicare,10471.19,3,Paid
P10209,36,Male,Pennsylvania,Pneumonia,Keystone Medical Center,2025-05-27,2025-05-28,Medicare,4820.69,1,Paid
P10212,45,Female,Maryland,Arthritis,Central PA Medical,2025-05-27,2025-05-29,Commercial,3302.38,2,Paid
P10241,64,Female,Pennsylvania,Hypertension,Penn Valley Hospital,2025-05-27,2025-06-01,Medicaid,6001.31,5,Paid
P10252,80,Male,Pennsylvania,Diabetes,Harrisburg General Hospital,2025-05-27,2025-05-31,Medicare,5708.41,4,Paid
P10277,54,Male,Pennsylvania,Arthritis,Riverside Health,2025-05-27,2025-05-30,Commercial,4566.13,3,Paid
P10342,37,Female,Maryland,Hypertension,Summit Health System,2025-05-27,2025-06-09,Commercial,10698.6,13,Paid
P10421,43,Female,Pennsylvania,Hypertension,Allegheny Health Center,2025-05-27,2025-06-05,Commercial,4815.61,9,Paid
P10594,51,Female,New York,High Cholesterol,Keystone Medical Center,2025-05-27,2025-05-29,Medicaid,3681.53,2,Paid
P10633,66,Male,Pennsylvania,Hypertension,Keystone Medical Center,2025-05-27,2025-05-30,Commercial,3736.64,3,Denied
P10646,49,Female,Pennsylvania,Cancer,Community Care Hospital,2025-05-27,2025-06-04,Medicaid,16148.55,8,Paid
P10646,47,Male,New Jersey,COPD,Pinecrest Medical,2025-05-27,2025-05-30,Medicare,7670.66,3,Paid
P10715,44,Male,Pennsylvania,Hypertension,Central PA Medical,2025-05-27,2025-06-01,Commercial,6958.26,5,Paid
P10769,32,Male,Pennsylvania,Heart Disease,Pinecrest Medical,2025-05-27,2025-05-28,Medicare,8328.93,1,Paid
P10909,24,Male,Maryland,Cancer,Valley Care Hospital,2025-05-27,2025-05-30,Commercial,17066.33,3,Pending
P11094,71,Male,Pennsylvania,Diabetes,Allegheny Health Center,2025-05-27,2025-05-31,Commercial,4541.12,4,Pending
P11255,55,Male,Pennsylvania,High Cholesterol,Harrisburg General Hospital,2025-05-27,2025-06-01,Medicaid,3221.7,5,Paid
P11324,51,Male,Delaware,Pneumonia,Riverside Health,2025-05-27,2025-05-28,Commercial,6071.15,1,Paid
P11350,23,Male,Pennsylvania,Cancer,Keystone Medical Center,2025-05-27,2025-06-04,Medicare,16192.73,8,Paid
P11365,35,Female,Pennsylvania,COPD,Pinecrest Medical,2025-05-27,2025-05-29,Commercial,7648.96,2,Paid
P11403,83,Female,Pennsylvania,Pneumonia,Pinecrest Medical,2025-05-27,2025-05-31,Commercial,8817.61,4,Paid
P11463,49,Female,New Jersey,Hypertension,Pinecrest Medical,2025-05-27,2025-05-29,Self-Pay,4316.79,2,Paid
P10072,58,Female,Pennsylvania,Hypertension,Riverside Health,2025-05-28,2025-06-04,Commercial,6247.43,7,Paid
P10152,38,Female,New York,Cancer,Penn Valley Hospital,2025-05-28,2025-06-03,Commercial,16162.95,6,Paid
P10339,49,Female,New York,Cancer,Pinecrest Medical,2025-05-28,2025-06-01,Commercial,17975.2,4,Pending
P10367,72,Male,Delaware,Cancer,Pinecrest Medical,2025-05-28,2025-06-04,Medicaid,21316.33,7,Paid
P10402,40,Female,New Jersey,Cancer,Penn Valley Hospital,2025-05-28,2025-05-31,Medicaid,14270.33,3,Paid
P10425,58,Male,New York,Hypertension,Pinecrest Medical,2025-05-28,2025-05-30,Medicare,2405.88,2,Paid
P10437,24,Male,Delaware,Arthritis,Harrisburg General Hospital,2025-05-28,2025-05-30,Medicaid,3262.48,2,Paid
P10569,84,Male,New Jersey,Pneumonia,Valley Care Hospital,2025-05-28,2025-06-05,Medicaid,7680.12,8,Paid
P10598,72,Male,New Jersey,COPD,Penn Valley Hospital,2025-05-28,2025-05-31,Commercial,7100.84,3,Pending
P10610,63,Female,New York,Arthritis,Keystone Medical Center,2025-05-28,2025-06-09,Medicaid,12802.22,12,Paid
P10700,42,Male,Virginia,Arthritis,Allegheny Health Center,2025-05-28,2025-06-03,Medicare,4194.24,6,Paid
P10777,62,Male,Delaware,Diabetes,Keystone Medical Center,2025-05-28,2025-05-30,Commercial,7119.36,2,Paid
P10883,27,Male,Maryland,Asthma,Riverside Health,2025-05-28,2025-06-03,Medicare,5655.65,6,Denied
P11191,64,Male,Ohio,Cancer,Pinecrest Medical,2025-05-28,2025-06-05,Commercial,20868.91,8,Paid
P11234,68,Female,Pennsylvania,Hypertension,Valley Care Hospital,2025-05-28,2025-05-31,Commercial,4741.9,3,Denied
P11399,54,Female,Pennsylvania,Pneumonia,Allegheny Health Center,2025-05-28,2025-05-31,Medicaid,7992.82,3,Paid
P11446,53,Male,Pennsylvania,Heart Disease,Community Care Hospital,2025-05-28,2025-06-01,Commercial,13523.85,4,Paid
P10184,36,Female,Pennsylvania,Cancer,Penn Valley Hospital,2025-05-29,2025-05-30,Medicaid,15966.64,1,Paid
P10266,39,Female,Ohio,Asthma,Penn Valley Hospital,2025-05-29,2025-06-08,Medicaid,6401.86,10,Paid
P10326,57,Male,Pennsylvania,Kidney Disease,Riverside Health,2025-05-29,2025-06-08,Self-Pay,11919.42,10,Paid
P10423,60,Female,New Jersey,Cancer,Community Care Hospital,2025-05-29,2025-06-06,Medicaid,20338.91,8,Pending
P10596,80,Male,Ohio,Cancer,Pinecrest Medical,2025-05-29,2025-06-04,Medicaid,19589.39,6,Paid
P10734,46,Female,Maryland,Hypertension,Central PA Medical,2025-05-29,2025-06-02,Self-Pay,3240.4,4,Denied
P10773,42,Male,New York,Diabetes,Riverside Health,2025-05-29,2025-06-09,Medicare,10827.08,11,Paid
P10795,79,Male,Pennsylvania,Arthritis,Valley Care Hospital,2025-05-29,2025-05-30,Medicaid,1891.69,1,Paid
P10856,65,Male,Pennsylvania,Cancer,Penn Valley Hospital,2025-05-29,2025-05-30,Commercial,14981.04,1,Paid
P10903,62,Male,New Jersey,Asthma,Central PA Medical,2025-05-29,2025-05-30,Medicare,1784.14,1,Paid
P11018,33,Female,Maryland,High Cholesterol,Riverside Health,2025-05-29,2025-06-07,Commercial,9566.32,9,Paid
P11040,65,Male,New Jersey,Asthma,Allegheny Health Center,2025-05-29,2025-05-30,Commercial,2155.59,1,Paid
P11235,35,Male,Pennsylvania,Kidney Disease,Penn Valley Hospital,2025-05-29,2025-06-02,Self-Pay,9702.6,4,Paid
P11317,80,Male,Maryland,Hypertension,Summit Health System,2025-05-29,2025-06-06,Commercial,6624.01,8,Paid
P11331,40,Female,Ohio,Heart Disease,Allegheny Health Center,2025-05-29,2025-05-31,Commercial,10177.13,2,Paid
P11334,32,Female,Maryland,Pneumonia,Keystone Medical Center,2025-05-29,2025-06-08,Medicaid,9570.96,10,Paid
P11449,78,Male,Pennsylvania,Heart Disease,Riverside Health,2025-05-29,2025-05-30,Medicare,9414.98,1,Paid
P11456,56,Male,New York,High Cholesterol,Penn Valley Hospital,2025-05-29,2025-05-31,Medicaid,2920.47,2,Paid
P10108,29,Male,Maryland,Arthritis,Harrisburg General Hospital,2025-05-30,2025-06-04,Medicare,7059.41,5,Denied
P10125,52,Female,Pennsylvania,Cancer,Allegheny Health Center,2025-05-30,2025-06-05,Medicaid,18598.4,6,Paid
P10313,20,Female,New York,Asthma,Community Care Hospital,2025-05-30,2025-06-02,Commercial,3428.27,3,Paid
P10337,41,Female,Delaware,Diabetes,Riverside Health,2025-05-30,2025-06-02,Commercial,5129.1,3,Denied
P10424,85,Male,Pennsylvania,Diabetes,Community Care Hospital,2025-05-30,2025-06-06,Medicare,7644.91,7,Paid
P10426,38,Female,Virginia,Pneumonia,Penn Valley Hospital,2025-05-30,2025-06-04,Commercial,8901.85,5,Paid
P10525,63,Female,Pennsylvania,Diabetes,Central PA Medical,2025-05-30,2025-06-06,Medicaid,9209.87,7,Pending
P10600,33,Male,Pennsylvania,High Cholesterol,Harrisburg General Hospital,2025-05-30,2025-06-02,Medicaid,4172.73,3,Pending
P10648,70,Male,New Jersey,Asthma,Central PA Medical,2025-05-30,2025-06-01,Medicaid,2867.47,2,Paid
P10690,72,Female,Virginia,Heart Disease,Keystone Medical Center,2025-05-30,2025-06-02,Medicare,10315.99,3,Paid
P10805,52,Female,Pennsylvania,Asthma,Valley Care Hospital,2025-05-30,2025-06-03,Commercial,5336.12,4,Paid
P10884,69,Female,New Jersey,Asthma,Riverside Health,2025-05-30,2025-06-05,Commercial,4752.19,6,Paid
P11024,24,Female,Delaware,High Cholesterol,Penn Valley Hospital,2025-05-30,2025-06-04,Medicaid,5604.2,5,Paid
P11111,18,Male,Pennsylvania,Hypertension,Keystone Medical Center,2025-05-30,2025-05-31,Medicaid,3571.41,1,Paid
P11146,55,Male,Delaware,High Cholesterol,Central PA Medical,2025-05-30,2025-06-03,Medicaid,4520.79,4,Paid
P10175,39,Female,Pennsylvania,COPD,Riverside Health,2025-05-31,2025-06-07,Commercial,8890.03,7,Paid
P10199,75,Female,New Jersey,Kidney Disease,Valley Care Hospital,2025-05-31,2025-06-10,Medicaid,10503.58,10,Paid
P10320,74,Male,Maryland,Diabetes,Harrisburg General Hospital,2025-05-31,2025-06-11,Medicare,11245.42,11,Paid
P10546,76,Male,Pennsylvania,Arthritis,Pinecrest Medical,2025-05-31,2025-06-04,Medicare,3797.85,4,Paid
P10802,37,Female,Pennsylvania,Kidney Disease,Community Care Hospital,2025-05-31,2025-06-10,Commercial,12279.7,10,Paid
P10881,34,Female,Delaware,Arthritis,Central PA Medical,2025-05-31,2025-06-01,Medicare,2847.83,1,Paid
P10883,33,Male,New Jersey,Pneumonia,Valley Care Hospital,2025-05-31,2025-06-09,Commercial,10675.33,9,Paid
P10982,29,Female,Pennsylvania,Diabetes,Harrisburg General Hospital,2025-05-31,2025-06-05,Medicare,5556.23,5,Paid
P11232,65,Male,Pennsylvania,Kidney Disease,Pinecrest Medical,2025-05-31,2025-06-05,Medicare,8979.5,5,Paid
P11393,44,Female,Pennsylvania,Asthma,Riverside Health,2025-05-31,2025-06-08,Commercial,6420.37,8,Paid
P11432,30,Female,Maryland,Hypertension,Riverside Health,2025-05-31,2025-06-05,Medicaid,4994.91,5,Paid
P11432,35,Male,Pennsylvania,High Cholesterol,Riverside Health,2025-05-31,2025-06-04,Commercial,4639.14,4,Paid
P10071,69,Female,Pennsylvania,Pneumonia,Allegheny Health Center,2025-06-01,2025-06-04,Medicaid,8229.2,3,Paid
P10109,27,Male,Pennsylvania,Kidney Disease,Central PA Medical,2025-06-01,2025-06-03,Commercial,7152.87,2,Paid
P10190,74,Female,Ohio,High Cholesterol,Central PA Medical,2025-06-01,2025-06-03,Commercial,3380.36,2,Paid
P10250,76,Male,Pennsylvania,Asthma,Pinecrest Medical,2025-06-01,2025-06-08,Commercial,7278.72,7,Paid
P10307,76,Male,Ohio,Arthritis,Summit Health System,2025-06-01,2025-06-07,Medicaid,7017.33,6,Paid
P10318,55,Male,Pennsylvania,Hypertension,Valley Care Hospital,2025-06-01,2025-06-08,Medicare,8276.71,7,Paid
P10334,69,Male,New Jersey,Asthma,Allegheny Health Center,2025-06-01,2025-06-04,Medicaid,3915.62,3,Paid
P10336,22,Male,Pennsylvania,High Cholesterol,Allegheny Health Center,2025-06-01,2025-06-04,Commercial,2665.71,3,Paid
P10471,82,Female,Ohio,Pneumonia,Summit Health System,2025-06-01,2025-06-03,Medicaid,7252.23,2,Paid
P10479,35,Female,New York,High Cholesterol,Keystone Medical Center,2025-06-01,2025-06-04,Medicare,4304.18,3,Paid
P10614,72,Female,Ohio,COPD,Valley Care Hospital,2025-06-01,2025-06-02,Medicare,7330.56,1,Paid
P10747,65,Male,Pennsylvania,Cancer,Summit Health System,2025-06-01,2025-06-03,Commercial,16779.53,2,Paid
P10792,66,Male,Pennsylvania,Heart Disease,Allegheny Health Center,2025-06-01,2025-06-03,Commercial,9987.64,2,Paid
P10795,52,Female,New York,High Cholesterol,Allegheny Health Center,2025-06-01,2025-06-03,Commercial,2436.36,2,Denied
P10809,39,Female,Pennsylvania,Arthritis,Allegheny Health Center,2025-06-01,2025-06-02,Medicaid,1839.05,1,Paid
P10825,41,Female,New Jersey,COPD,Community Care Hospital,2025-06-01,2025-06-04,Commercial,8763.02,3,Paid
P11186,42,Male,New York,COPD,Valley Care Hospital,2025-06-01,2025-06-02,Self-Pay,6292.1,1,Paid
P11208,52,Male,New Jersey,Asthma,Pinecrest Medical,2025-06-01,2025-06-07,Commercial,5245.45,6,Paid
P11211,41,Male,Ohio,COPD,Keystone Medical Center,2025-06-01,2025-06-08,Commercial,9932.7,7,Paid
P10037,81,Male,New York,Pneumonia,Harrisburg General Hospital,2025-06-02,2025-06-09,Medicaid,12502.16,7,Denied
P10059,35,Male,Pennsylvania,Heart Disease,Penn Valley Hospital,2025-06-02,2025-06-06,Commercial,10047.3,4,Paid
P10119,35,Female,Maryland,Kidney Disease,Summit Health System,2025-06-02,2025-06-08,Commercial,11483.39,6,Paid
P10188,56,Female,Pennsylvania,Asthma,Allegheny Health Center,2025-06-02,2025-06-07,Commercial,5363.29,5,Paid
P10193,72,Male,New Jersey,Asthma,Valley Care Hospital,2025-06-02,2025-06-14,Medicaid,12282.81,12,Paid
P10259,45,Female,New Jersey,Arthritis,Community Care Hospital,2025-06-02,2025-06-07,Medicare,7291.54,5,Paid
P10471,23,Male,Pennsylvania,Hypertension,Allegheny Health Center,2025-06-02,2025-06-05,Medicare,4230.05,3,Denied
P10504,29,Female,New Jersey,Heart Disease,Keystone Medical Center,2025-06-02,2025-06-03,Medicare,9347.57,1,Paid
P10959,26,Male,Virginia,Cancer,Central PA Medical,2025-06-02,2025-06-04,Commercial,14560.48,2,Paid
P10973,36,Female,Ohio,Diabetes,Riverside Health,2025-06-02,2025-06-08,Medicare,4673.08,6,Paid
P10990,67,Female,Delaware,Heart Disease,Penn Valley Hospital,2025-06-02,2025-06-03,Commercial,9905.13,1,Pending
P11130,51,Female,New York,Cancer,Harrisburg General Hospital,2025-06-02,2025-06-04,Commercial,17093.7,2,Paid
P11130,44,Male,Delaware,Heart Disease,Community Care Hospital,2025-06-02,2025-06-05,Medicare,11719.69,3,Pending
P11228,35,Male,Pennsylvania,High Cholesterol,Community Care Hospital,2025-06-02,2025-06-07,Medicaid,4715.59,5,Paid
P11421,72,Male,Delaware,Cancer,Summit Health System,2025-06-02,2025-06-05,Medicare,16080.42,3,Paid
P11473,18,Female,Pennsylvania,Pneumonia,Riverside Health,2025-06-02,2025-06-09,Medicaid,11914.4,7,Paid
P10050,83,Female,Pennsylvania,Kidney Disease,Community Care Hospital,2025-06-03,2025-06-08,Medicare,9430.42,5,Pending
P10075,47,Female,Ohio,Cancer,Central PA Medical,2025-06-03,2025-06-05,Commercial,15468.06,2,Denied
P10090,46,Male,Pennsylvania,Pneumonia,Keystone Medical Center,2025-06-03,2025-06-13,Commercial,12978.18,10,Paid
P10221,40,Male,Pennsylvania,COPD,Penn Valley Hospital,2025-06-03,2025-06-12,Medicaid,11378.25,9,Pending
P10242,51,Male,Pennsylvania,Kidney Disease,Riverside Health,2025-06-03,2025-06-12,Medicare,10881.0,9,Paid
P10330,32,Female,Maryland,High Cholesterol,Summit Health System,2025-06-03,2025-06-07,Commercial,4051.24,4,Denied
P10371,56,Male,Ohio,Asthma,Penn Valley Hospital,2025-06-03,2025-06-12,Medicaid,5627.94,9,Paid
P10458,31,Male,Ohio,Heart Disease,Valley Care Hospital,2025-06-03,2025-06-05,Medicaid,10079.91,2,Paid
P10559,20,Male,Pennsylvania,Cancer,Allegheny Health Center,2025-06-03,2025-06-09,Medicaid,16744.61,6,Paid
P10614,60,Female,Pennsylvania,Kidney Disease,Allegheny Health Center,2025-06-03,2025-06-16,Commercial,15198.33,13,Paid
P10665,28,Female,Maryland,Hypertension,Summit Health System,2025-06-03,2025-06-05,Medicare,2626.39,2,Pending
P10669,43,Female,New Jersey,High Cholesterol,Central PA Medical,2025-06-03,2025-06-07,Self-Pay,5583.2,4,Paid
P10787,74,Male,Pennsylvania,Pneumonia,Allegheny Health Center,2025-06-03,2025-06-06,Medicaid,8834.88,3,Paid
P10797,32,Male,New Jersey,High Cholesterol,Valley Care Hospital,2025-06-03,2025-06-10,Medicare,3856.78,7,Paid
P10859,68,Female,New York,COPD,Keystone Medical Center,2025-06-03,2025-06-05,Medicare,7455.95,2,Pending
P10954,47,Female,Delaware,Diabetes,Penn Valley Hospital,2025-06-03,2025-06-06,Commercial,6643.41,3,Denied
P11128,44,Male,New York,Cancer,Harrisburg General Hospital,2025-06-03,2025-06-08,Commercial,18061.01,5,Paid
P11311,48,Female,Pennsylvania,COPD,Valley Care Hospital,2025-06-03,2025-06-04,Commercial,6685.44,1,Paid
P11317,67,Male,New York,Hypertension,Summit Health System,2025-06-03,2025-06-14,Commercial,12135.83,11,Pending
P11329,40,Male,New Jersey,Kidney Disease,Pinecrest Medical,2025-06-03,2025-06-13,Commercial,15810.46,10,Pending
P11366,74,Female,Maryland,Arthritis,Central PA Medical,2025-06-03,2025-06-10,Commercial,7219.86,7,Paid
P11395,44,Female,New York,Pneumonia,Penn Valley Hospital,2025-06-03,2025-06-09,Commercial,7187.29,6,Paid
P11440,41,Female,Ohio,Heart Disease,Pinecrest Medical,2025-06-03,2025-06-06,Commercial,10817.46,3,Paid
P11465,20,Male,Ohio,Kidney Disease,Summit Health System,2025-06-03,2025-06-06,Commercial,8218.93,3,Paid
P10006,72,Female,Ohio,Kidney Disease,Harrisburg General Hospital,2025-06-04,2025-06-14,Medicare,15389.63,10,Paid
P10047,67,Male,Pennsylvania,Cancer,Pinecrest Medical,2025-06-04,2025-06-13,Commercial,21605.74,9,Paid
P10204,69,Female,Pennsylvania,Arthritis,Summit Health System,2025-06-04,2025-06-06,Commercial,3692.96,2,Paid
P10247,42,Male,New Jersey,COPD,Harrisburg General Hospital,2025-06-04,2025-06-05,Commercial,7449.54,1,Denied
P10648,82,Female,New York,Hypertension,Keystone Medical Center,2025-06-04,2025-06-06,Medicaid,3655.65,2,Paid
P10924,30,Male,New Jersey,Asthma,Penn Valley Hospital,2025-06-04,2025-06-07,Commercial,4754.32,3,Paid
P10981,29,Female,New York,Hypertension,Pinecrest Medical,2025-06-04,2025-06-09,Medicare,6257.97,5,Paid
P11084,79,Male,New York,Pneumonia,Valley Care Hospital,2025-06-04,2025-06-16,Medicare,14340.58,12,Paid
P11130,32,Male,Pennsylvania,High Cholesterol,Pinecrest Medical,2025-06-04,2025-06-11,Medicaid,8920.06,7,Paid
P11366,74,Male,Pennsylvania,COPD,Central PA Medical,2025-06-04,2025-06-10,Medicaid,10508.88,6,Paid
P11437,79,Male,Pennsylvania,Arthritis,Harrisburg General Hospital,2025-06-04,2025-06-11,Medicaid,5078.49,7,Paid
P10072,35,Female,Pennsylvania,Cancer,Central PA Medical,2025-06-05,2025-06-13,Medicaid,20522.05,8,Pending
P10189,42,Female,Pennsylvania,Diabetes,Central PA Medical,2025-06-05,2025-06-16,Commercial,10698.66,11,Paid
P10199,58,Male,Ohio,Pneumonia,Allegheny Health Center,2025-06-05,2025-06-08,Commercial,7074.15,3,Denied
P10311,24,Female,Ohio,Pneumonia,Allegheny Health Center,2025-06-05,2025-06-08,Medicare,6849.54,3,Paid
P10314,66,Female,Pennsylvania,Asthma,Pinecrest Medical,2025-06-05,2025-06-06,Commercial,2143.56,1,Paid
P10352,57,Male,Virginia,Arthritis,Community Care Hospital,2025-06-05,2025-06-09,Self-Pay,5939.11,4,Paid
P10420,58,Female,Pennsylvania,Arthritis,Community Care Hospital,2025-06-05,2025-06-07,Medicaid,3493.87,2,Paid
P10463,50,Male,New Jersey,Pneumonia,Community Care Hospital,2025-06-05,2025-06-06,Commercial,8010.33,1,Paid
P10489,42,Male,New York,Asthma,Central PA Medical,2025-06-05,2025-06-07,Commercial,3251.73,2,Pending
P10597,66,Male,Virginia,High Cholesterol,Keystone Medical Center,2025-06-05,2025-06-08,Medicaid,3567.84,3,Paid
P10792,57,Female,Pennsylvania,Cancer,Central PA Medical,2025-06-05,2025-06-09,Medicaid,17253.26,4,Paid
P10926,32,Female,Pennsylvania,Asthma,Harrisburg General Hospital,2025-06-05,2025-06-08,Commercial,3502.0,3,Paid
P11304,42,Male,New Jersey,Pneumonia,Allegheny Health Center,2025-06-05,2025-06-07,Medicaid,5660.12,2,Paid
P11435,39,Female,Pennsylvania,Hypertension,Penn Valley Hospital,2025-06-05,2025-06-14,Commercial,7077.34,9,Denied
P11447,53,Male,Delaware,Cancer,Penn Valley Hospital,2025-06-05,2025-06-07,Commercial,16082.81,2,Paid
P11481,63,Male,New Jersey,Cancer,Harrisburg General Hospital,2025-06-05,2025-06-14,Medicare,20914.37,9,Paid
P10284,23,Male,Pennsylvania,Cancer,Central PA Medical,2025-06-06,2025-06-10,Medicaid,16612.21,4,Paid
P10413,36,Female,New Jersey,Heart Disease,Keystone Medical Center,2025-06-06,2025-06-08,Medicare,9364.78,2,Paid
P10511,56,Male,Ohio,Cancer,Community Care Hospital,2025-06-06,2025-06-11,Commercial,18083.52,5,Paid
P10587,43,Male,New Jersey,Cancer,Community Care Hospital,2025-06-06,2025-06-07,Medicaid,15854.6,1,Paid
P10597,78,Female,Virginia,Arthritis,Riverside Health,2025-06-06,2025-06-08,Commercial,3916.31,2,Pending
P10659,32,Female,Delaware,Cancer,Penn Valley Hospital,2025-06-06,2025-06-13,Medicaid,19663.62,7,Paid
P10760,62,Female,Pennsylvania,Hypertension,Summit Health System,2025-06-06,2025-06-09,Medicare,3824.54,3,Paid
P10820,22,Male,New Jersey,Pneumonia,Pinecrest Medical,2025-06-06,2025-06-07,Self-Pay,7562.45,1,Paid
P10895,64,Female,Pennsylvania,Asthma,Harrisburg General Hospital,2025-06-06,2025-06-14,Medicaid,8384.24,8,Paid
P10911,46,Male,Pennsylvania,Cancer,Central PA Medical,2025-06-06,2025-06-14,Medicare,20468.48,8,Pending
P11062,72,Male,Maryland,Asthma,Central PA Medical,2025-06-06,2025-06-09,Medicaid,2799.64,3,Paid
P11130,80,Female,Pennsylvania,COPD,Pinecrest Medical,2025-06-06,2025-06-07,Medicaid,6118.87,1,Paid
P11184,51,Female,Pennsylvania,Asthma,Pinecrest Medical,2025-06-06,2025-06-09,Commercial,3427.31,3,Paid
P11403,55,Male,Pennsylvania,High Cholesterol,Allegheny Health Center,2025-06-06,2025-06-19,Commercial,7963.62,13,Pending
P10156,67,Female,Pennsylvania,Kidney Disease,Summit Health System,2025-06-07,2025-06-10,Commercial,8802.84,3,Pending
P10225,65,Female,New Jersey,Pneumonia,Keystone Medical Center,2025-06-07,2025-06-12,Medicare,7095.17,5,Paid
P10310,41,Male,Pennsylvania,COPD,Allegheny Health Center,2025-06-07,2025-06-10,Commercial,7695.03,3,Paid
P10316,77,Male,New Jersey,Heart Disease,Riverside Health,2025-06-07,2025-06-16,Self-Pay,16739.73,9,Paid
P10428,83,Male,New Jersey,COPD,Penn Valley Hospital,2025-06-07,2025-06-11,Medicare,9640.0,4,Paid
P10481,36,Male,Pennsylvania,Cancer,Keystone Medical Center,2025-06-07,2025-06-10,Medicare,16157.86,3,Paid
P10939,44,Female,Delaware,Kidney Disease,Valley Care Hospital,2025-06-07,2025-06-09,Medicaid,9323.96,2,Paid
P10984,76,Male,New York,Kidney Disease,Penn Valley Hospital,2025-06-07,2025-06-09,Medicaid,6097.98,2,Paid
P11009,69,Female,Pennsylvania,Heart Disease,Valley Care Hospital,2025-06-07,2025-06-09,Commercial,10892.99,2,Paid
P11083,80,Male,Ohio,Heart Disease,Central PA Medical,2025-06-07,2025-06-16,Self-Pay,15620.87,9,Paid
P11187,54,Female,New York,High Cholesterol,Harrisburg General Hospital,2025-06-07,2025-06-17,Commercial,9592.16,10,Paid
P11280,33,Female,New York,Arthritis,Community Care Hospital,2025-06-07,2025-06-09,Medicare,2766.85,2,Pending
P11330,26,Male,Pennsylvania,Heart Disease,Valley Care Hospital,2025-06-07,2025-06-09,Medicare,10409.38,2,Paid
P11362,25,Male,Pennsylvania,Arthritis,Summit Health System,2025-06-07,2025-06-12,Medicaid,4588.2,5,Paid
P11407,64,Male,Pennsylvania,Diabetes,Allegheny Health Center,2025-06-07,2025-06-11,Medicare,5758.26,4,Paid
P11471,79,Male,New York,Kidney Disease,Harrisburg General Hospital,2025-06-07,2025-06-08,Medicaid,8725.71,1,Paid
P10429,50,Female,Delaware,Heart Disease,Riverside Health,2025-06-08,2025-06-10,Medicare,9481.36,2,Paid
P10728,64,Female,Pennsylvania,Cancer,Central PA Medical,2025-06-08,2025-06-10,Commercial,16087.43,2,Denied
P10884,38,Male,New Jersey,COPD,Valley Care Hospital,2025-06-08,2025-06-11,Commercial,8277.38,3,Paid
P11089,32,Male,New York,Kidney Disease,Allegheny Health Center,2025-06-08,2025-06-16,Medicare,10850.84,8,Pending
P11128,56,Male,Pennsylvania,Arthritis,Summit Health System,2025-06-08,2025-06-14,Commercial,6710.78,6,Paid
P11201,50,Female,Maryland,Asthma,Summit Health System,2025-06-08,2025-06-09,Medicaid,2147.66,1,Pending
P11323,38,Male,Pennsylvania,Cancer,Riverside Health,2025-06-08,2025-06-09,Medicare,15318.35,1,Paid
P11366,40,Male,Ohio,Heart Disease,Keystone Medical Center,2025-06-08,2025-06-16,Commercial,12369.39,8,Paid
P10057,41,Female,Maryland,COPD,Allegheny Health Center,2025-06-09,2025-06-14,Medicaid,8079.32,5,Pending
P10059,71,Male,Pennsylvania,Pneumonia,Pinecrest Medical,2025-06-09,2025-06-22,Commercial,15568.7,13,Paid
P10309,70,Female,Pennsylvania,Arthritis,Allegheny Health Center,2025-06-09,2025-06-12,Commercial,4514.5,3,Denied
P10549,56,Male,Pennsylvania,Diabetes,Community Care Hospital,2025-06-09,2025-06-14,Commercial,5406.02,5,Denied
P10566,81,Female,Pennsylvania,High Cholesterol,Pinecrest Medical,2025-06-09,2025-06-19,Commercial,7553.84,10,Paid
P10647,29,Female,New Jersey,COPD,Central PA Medical,2025-06-09,2025-06-15,Commercial,7488.93,6,Denied
P10811,45,Female,New York,Heart Disease,Penn Valley Hospital,2025-06-09,2025-06-19,Medicare,14026.95,10,Paid
P10850,82,Male,New Jersey,Arthritis,Riverside Health,2025-06-09,2025-06-13,Medicaid,5946.26,4,Paid
P10879,29,Male,Pennsylvania,Diabetes,Pinecrest Medical,2025-06-09,2025-06-15,Commercial,8364.75,6,Paid
P11000,61,Female,Pennsylvania,Pneumonia,Allegheny Health Center,2025-06-09,2025-06-11,Medicare,6395.45,2,Paid
P11007,25,Female,Pennsylvania,Hypertension,Pinecrest Medical,2025-06-09,2025-06-12,Commercial,5258.87,3,Pending
P11087,69,Male,New York,COPD,Pinecrest Medical,2025-06-09,2025-06-17,Medicaid,12689.49,8,Paid
P11128,51,Female,New Jersey,Pneumonia,Harrisburg General Hospital,2025-06-09,2025-06-14,Commercial,9702.81,5,Paid
P11155,30,Female,Delaware,Cancer,Keystone Medical Center,2025-06-09,2025-06-22,Commercial,19682.82,13,Pending
P11168,51,Female,Pennsylvania,Pneumonia,Harrisburg General Hospital,2025-06-09,2025-06-13,Commercial,8166.64,4,Pending
P11233,57,Male,Ohio,High Cholesterol,Keystone Medical Center,2025-06-09,2025-06-16,Medicare,4336.29,7,Paid
P11248,83,Male,Delaware,Cancer,Keystone Medical Center,2025-06-09,2025-06-11,Medicare,14702.54,2,Paid
P11300,45,Male,New Jersey,Cancer,Keystone Medical Center,2025-06-09,2025-06-17,Commercial,17889.77,8,Paid
P11305,35,Female,New Jersey,High Cholesterol,Riverside Health,2025-06-09,2025-06-11,Commercial,4395.18,2,Pending
P11344,69,Male,Delaware,Pneumonia,Central PA Medical,2025-06-09,2025-06-12,Medicare,7043.73,3,Pending
P11397,39,Female,Pennsylvania,Cancer,Valley Care Hospital,2025-06-09,2025-06-11,Commercial,16099.79,2,Paid
P10052,59,Male,New Jersey,Hypertension,Central PA Medical,2025-06-10,2025-06-14,Commercial,5016.08,4,Paid
P10162,85,Male,Pennsylvania,Pneumonia,Riverside Health,2025-06-10,2025-06-13,Commercial,7807.3,3,Paid
P10253,37,Female,Virginia,Hypertension,Community Care Hospital,2025-06-10,2025-06-16,Commercial,8284.84,6,Paid
P10282,49,Male,Pennsylvania,High Cholesterol,Community Care Hospital,2025-06-10,2025-06-12,Commercial,3123.75,2,Paid
P10302,33,Male,Maryland,Kidney Disease,Penn Valley Hospital,2025-06-10,2025-06-12,Commercial,8652.37,2,Paid
P10319,32,Male,New York,High Cholesterol,Riverside Health,2025-06-10,2025-06-14,Medicare,5125.76,4,Paid
P10341,30,Female,Virginia,Asthma,Central PA Medical,2025-06-10,2025-06-12,Commercial,2175.17,2,Denied
P10412,22,Female,Ohio,Arthritis,Allegheny Health Center,2025-06-10,2025-06-17,Medicare,7755.81,7,Paid
P10445,22,Female,Pennsylvania,Hypertension,Central PA Medical,2025-06-10,2025-06-15,Commercial,6311.37,5,Paid
P10657,56,Male,Pennsylvania,Cancer,Pinecrest Medical,2025-06-10,2025-06-11,Commercial,15541.68,1,Paid
P10727,19,Female,Ohio,Cancer,Valley Care Hospital,2025-06-10,2025-06-13,Medicaid,17917.41,3,Pending
P10792,43,Female,Pennsylvania,Heart Disease,Harrisburg General Hospital,2025-06-10,2025-06-12,Medicare,9637.13,2,Paid
P10831,62,Female,Pennsylvania,Diabetes,Allegheny Health Center,2025-06-10,2025-06-18,Commercial,6584.51,8,Paid
P10909,77,Male,Pennsylvania,Hypertension,Central PA Medical,2025-06-10,2025-06-16,Commercial,6321.8,6,Pending
P11062,50,Female,Pennsylvania,Diabetes,Valley Care Hospital,2025-06-10,2025-06-18,Medicare,6197.42,8,Paid
P11075,61,Male,Pennsylvania,Arthritis,Pinecrest Medical,2025-06-10,2025-06-14,Self-Pay,5377.18,4,Paid
P11080,40,Female,Maryland,Diabetes,Summit Health System,2025-06-10,2025-06-17,Commercial,8586.09,7,Paid
P11148,21,Male,Ohio,Arthritis,Pinecrest Medical,2025-06-10,2025-06-15,Commercial,3992.93,5,Paid
P11158,22,Male,Delaware,Hypertension,Community Care Hospital,2025-06-10,2025-06-14,Commercial,3206.37,4,Paid
P11291,36,Male,Pennsylvania,COPD,Community Care Hospital,2025-06-10,2025-06-22,Medicaid,9554.98,12,Paid
P11475,34,Male,Pennsylvania,COPD,Penn Valley Hospital,2025-06-10,2025-06-11,Medicare,6907.48,1,Paid
P10069,29,Female,Pennsylvania,COPD,Central PA Medical,2025-06-11,2025-06-15,Commercial,7035.33,4,Paid
P10118,78,Male,Virginia,Hypertension,Penn Valley Hospital,2025-06-11,2025-06-23,Commercial,10641.81,12,Paid
P10213,37,Male,Pennsylvania,Asthma,Summit Health System,2025-06-11,2025-06-15,Commercial,5241.46,4,Paid
P10283,55,Male,Pennsylvania,Arthritis,Summit Health System,2025-06-11,2025-06-15,Medicaid,4556.1,4,Denied
P10425,30,Male,Ohio,Heart Disease,Valley Care Hospital,2025-06-11,2025-06-13,Commercial,10566.31,2,Paid
P10723,54,Male,New Jersey,Cancer,Riverside Health,2025-06-11,2025-06-18,Medicaid,17143.33,7,Paid
P11079,82,Female,New York,Cancer,Keystone Medical Center,2025-06-11,2025-06-13,Commercial,17618.33,2,Paid
P11112,53,Female,Pennsylvania,Asthma,Central PA Medical,2025-06-11,2025-06-12,Commercial,3312.62,1,Paid
P11162,37,Male,New York,Heart Disease,Pinecrest Medical,2025-06-11,2025-06-15,Medicare,10202.56,4,Paid
P11173,36,Male,Pennsylvania,Cancer,Community Care Hospital,2025-06-11,2025-06-17,Commercial,19689.21,6,Paid
P11234,21,Female,Pennsylvania,Pneumonia,Allegheny Health Center,2025-06-11,2025-06-16,Medicaid,7016.19,5,Paid
P11243,85,Male,New York,Diabetes,Harrisburg General Hospital,2025-06-11,2025-06-15,Self-Pay,5463.79,4,Paid
P11402,34,Female,Virginia,Pneumonia,Community Care Hospital,2025-06-11,2025-06-15,Medicaid,8205.46,4,Paid
P11454,42,Female,New York,High Cholesterol,Community Care Hospital,2025-06-11,2025-06-20,Medicaid,8883.15,9,Paid
P11472,45,Male,Pennsylvania,Hypertension,Allegheny Health Center,2025-06-11,2025-06-15,Medicaid,5554.76,4,Paid
P10229,83,Male,Virginia,Pneumonia,Valley Care Hospital,2025-06-12,2025-06-16,Commercial,5768.5,4,Paid
P10520,40,Female,Maryland,Hypertension,Central PA Medical,2025-06-12,2025-06-21,Medicaid,5771.44,9,Pending
P10539,38,Female,New York,Kidney Disease,Penn Valley Hospital,2025-06-12,2025-06-13,Medicaid,6572.09,1,Paid
P10661,33,Female,Pennsylvania,Asthma,Pinecrest Medical,2025-06-12,2025-06-14,Commercial,1506.55,2,Paid
P10680,62,Male,Maryland,Asthma,Keystone Medical Center,2025-06-12,2025-06-16,Self-Pay,4747.89,4,Paid
P10680,21,Male,Pennsylvania,Arthritis,Penn Valley Hospital,2025-06-12,2025-06-17,Medicare,3261.2,5,Paid
P10691,74,Male,Pennsylvania,COPD,Allegheny Health Center,2025-06-12,2025-06-16,Medicaid,9635.58,4,Paid
P10781,18,Female,Delaware,Diabetes,Riverside Health,2025-06-12,2025-06-14,Medicaid,2663.57,2,Paid
P10791,69,Male,Pennsylvania,Arthritis,Valley Care Hospital,2025-06-12,2025-06-14,Commercial,3692.96,2,Paid
P10891,77,Male,Maryland,Cancer,Penn Valley Hospital,2025-06-12,2025-06-23,Commercial,21242.24,11,Paid
P11020,26,Female,Virginia,Pneumonia,Riverside Health,2025-06-12,2025-06-21,Commercial,12344.22,9,Denied
P11044,24,Male,Pennsylvania,Arthritis,Riverside Health,2025-06-12,2025-06-14,Commercial,3024.01,2,Paid
P11074,47,Female,Virginia,Heart Disease,Pinecrest Medical,2025-06-12,2025-06-22,Commercial,14688.03,10,Paid
P11082,58,Male,Pennsylvania,Asthma,Summit Health System,2025-06-12,2025-06-20,Medicare,7365.76,8,Paid
P11353,69,Male,Delaware,Arthritis,Community Care Hospital,2025-06-12,2025-06-16,Medicare,2610.5,4,Paid
P11484,61,Female,Pennsylvania,Kidney Disease,Penn Valley Hospital,2025-06-12,2025-06-14,Commercial,8019.43,2,Paid
P10010,32,Male,Ohio,Arthritis,Community Care Hospital,2025-06-13,2025-06-16,Commercial,4232.64,3,Paid
P10105,19,Female,Maryland,Pneumonia,Summit Health System,2025-06-13,2025-06-15,Commercial,6692.58,2,Paid
P10273,80,Female,Pennsylvania,Asthma,Riverside Health,2025-06-13,2025-06-17,Medicare,5676.02,4,Paid
P10297,51,Female,Pennsylvania,Hypertension,Harrisburg General Hospital,2025-06-13,2025-06-14,Commercial,3964.35,1,Paid
P10410,48,Female,Pennsylvania,COPD,Central PA Medical,2025-06-13,2025-06-18,Commercial,10209.75,5,Paid
P10441,81,Male,Pennsylvania,Pneumonia,Summit Health System,2025-06-13,2025-06-14,Medicare,6028.91,1,Paid
P10476,62,Female,Pennsylvania,Asthma,Valley Care Hospital,2025-06-13,2025-06-22,Commercial,8193.41,9,Pending
P10627,27,Male,Pennsylvania,High Cholesterol,Keystone Medical Center,2025-06-13,2025-06-14,Medicare,4025.72,1,Pending
P10636,80,Male,Pennsylvania,High Cholesterol,Central PA Medical,2025-06-13,2025-06-17,Commercial,3884.84,4,Pending
P10693,76,Male,Maryland,Pneumonia,Penn Valley Hospital,2025-06-13,2025-06-16,Medicaid,8711.31,3,Paid
P10775,74,Female,Pennsylvania,Asthma,Pinecrest Medical,2025-06-13,2025-06-20,Medicaid,4728.66,7,Paid
P10789,65,Male,Pennsylvania,Pneumonia,Keystone Medical Center,2025-06-13,2025-06-17,Commercial,8797.62,4,Paid
P10831,30,Female,Pennsylvania,Kidney Disease,Central PA Medical,2025-06-13,2025-06-18,Medicaid,10264.18,5,Paid
P10876,76,Female,New Jersey,Asthma,Summit Health System,2025-06-13,2025-06-14,Medicare,1065.68,1,Paid
P11063,61,Male,Maryland,Pneumonia,Central PA Medical,2025-06-13,2025-06-18,Medicare,11033.0,5,Paid
P11088,81,Female,New Jersey,Diabetes,Summit Health System,2025-06-13,2025-06-15,Commercial,4870.76,2,Paid
P11136,35,Male,Pennsylvania,Diabetes,Penn Valley Hospital,2025-06-13,2025-06-15,Medicare,4003.32,2,Paid
P11302,49,Male,Pennsylvania,Diabetes,Harrisburg General Hospital,2025-06-13,2025-06-27,Commercial,11728.51,14,Paid
P10290,32,Female,Maryland,Diabetes,Allegheny Health Center,2025-06-14,2025-06-15,Medicare,3729.11,1,Paid
P10353,66,Female,Pennsylvania,Pneumonia,Allegheny Health Center,2025-06-14,2025-06-17,Commercial,6022.55,3,Denied
P10450,53,Female,Virginia,Asthma,Community Care Hospital,2025-06-14,2025-06-26,Medicaid,6695.67,12,Paid
P10505,32,Male,Pennsylvania,Heart Disease,Riverside Health,2025-06-14,2025-06-15,Medicare,10260.7,1,Pending
P10517,54,Male,Pennsylvania,High Cholesterol,Allegheny Health Center,2025-06-14,2025-06-20,Medicaid,3074.35,6,Paid
P10737,64,Female,Ohio,Kidney Disease,Keystone Medical Center,2025-06-14,2025-06-16,Commercial,9223.88,2,Paid
P10872,34,Male,New York,Asthma,Central PA Medical,2025-06-14,2025-06-22,Medicaid,9868.03,8,Paid
P11074,29,Female,New Jersey,Hypertension,Riverside Health,2025-06-14,2025-06-18,Medicaid,4141.17,4,Paid
P11137,67,Male,Virginia,Arthritis,Riverside Health,2025-06-14,2025-06-16,Self-Pay,2182.18,2,Paid
P11169,45,Female,New York,Diabetes,Allegheny Health Center,2025-06-14,2025-06-15,Commercial,5021.77,1,Paid
P11254,66,Male,Virginia,Cancer,Valley Care Hospital,2025-06-14,2025-06-18,Medicare,17424.21,4,Paid
P11442,52,Male,New York,Asthma,Riverside Health,2025-06-14,2025-06-16,Commercial,2927.55,2,Paid
P11479,79,Female,Ohio,Pneumonia,Valley Care Hospital,2025-06-14,2025-06-21,Medicaid,9635.17,7,Paid
P10005,54,Male,Maryland,Arthritis,Riverside Health,2025-06-15,2025-06-19,Commercial,3999.1,4,Paid
P10023,79,Male,New York,Hypertension,Harrisburg General Hospital,2025-06-15,2025-06-20,Medicaid,5036.83,5,Paid
P10330,18,Female,Pennsylvania,High Cholesterol,Allegheny Health Center,2025-06-15,2025-06-21,Medicare,5748.93,6,Paid
P10392,62,Female,Pennsylvania,Asthma,Penn Valley Hospital,2025-06-15,2025-06-18,Commercial,4152.34,3,Paid
P10394,30,Male,Pennsylvania,Asthma,Valley Care Hospital,2025-06-15,2025-06-18,Medicaid,3858.98,3,Paid
P10620,19,Female,Virginia,Hypertension,Summit Health System,2025-06-15,2025-06-16,Medicare,2464.52,1,Paid
P10806,37,Female,Maryland,Diabetes,Community Care Hospital,2025-06-15,2025-06-19,Medicare,4636.97,4,Pending
P11085,21,Female,New Jersey,High Cholesterol,Community Care Hospital,2025-06-15,2025-06-18,Medicare,4422.82,3,Paid
P11086,18,Female,Pennsylvania,Arthritis,Keystone Medical Center,2025-06-15,2025-06-18,Medicare,6060.22,3,Paid
P11121,54,Male,Ohio,Heart Disease,Central PA Medical,2025-06-15,2025-06-17,Commercial,11543.79,2,Paid
P11227,63,Male,New Jersey,COPD,Allegheny Health Center,2025-06-15,2025-06-17,Medicaid,5875.08,2,Paid
P11353,80,Female,Maryland,Cancer,Keystone Medical Center,2025-06-15,2025-06-19,Medicare,17361.38,4,Paid
P11414,83,Male,Ohio,COPD,Community Care Hospital,2025-06-15,2025-06-20,Medicaid,9520.05,5,Paid
P11500,28,Male,Pennsylvania,Heart Disease,Valley Care Hospital,2025-06-15,2025-06-17,Medicaid,9826.97,2,Paid
P10168,37,Male,Pennsylvania,Hypertension,Central PA Medical,2025-06-16,2025-06-18,Medicare,3032.4,2,Paid
P10227,62,Female,Ohio,Arthritis,Pinecrest Medical,2025-06-16,2025-06-19,Commercial,3805.25,3,Paid
P10321,24,Male,Pennsylvania,Asthma,Community Care Hospital,2025-06-16,2025-06-18,Medicaid,2975.06,2,Paid
P10329,18,Female,New Jersey,Diabetes,Riverside Health,2025-06-16,2025-06-30,Commercial,17233.55,14,Pending
P10463,54,Female,Pennsylvania,Heart Disease,Penn Valley Hospital,2025-06-16,2025-06-27,Commercial,18228.68,11,Paid
P10683,32,Male,Pennsylvania,Cancer,Pinecrest Medical,2025-06-16,2025-06-17,Medicaid,15609.92,1,Paid
P10870,68,Female,Pennsylvania,Asthma,Community Care Hospital,2025-06-16,2025-06-22,Medicare,5014.21,6,Denied
P11047,63,Male,Pennsylvania,Arthritis,Pinecrest Medical,2025-06-16,2025-06-19,Medicaid,4933.75,3,Paid
P11056,42,Male,New Jersey,Diabetes,Harrisburg General Hospital,2025-06-16,2025-06-19,Medicaid,5016.09,3,Paid
P11097,36,Male,Pennsylvania,COPD,Pinecrest Medical,2025-06-16,2025-06-21,Commercial,9529.51,5,Paid
P11232,60,Female,Pennsylvania,High Cholesterol,Keystone Medical Center,2025-06-16,2025-06-20,Medicare,5795.72,4,Paid
P10171,77,Male,New Jersey,Hypertension,Central PA Medical,2025-06-17,2025-06-21,Commercial,5535.04,4,Paid
P10222,52,Female,Pennsylvania,Cancer,Community Care Hospital,2025-06-17,2025-06-18,Medicare,15641.22,1,Pending
P10507,19,Male,New Jersey,Hypertension,Keystone Medical Center,2025-06-17,2025-06-19,Commercial,3380.25,2,Paid
P10575,80,Female,Virginia,Kidney Disease,Allegheny Health Center,2025-06-17,2025-06-18,Commercial,9123.56,1,Pending
P10619,67,Female,Pennsylvania,Kidney Disease,Allegheny Health Center,2025-06-17,2025-06-18,Commercial,9170.36,1,Pending
P11013,74,Female,Pennsylvania,Arthritis,Riverside Health,2025-06-17,2025-06-22,Medicaid,6269.87,5,Paid
P11099,64,Female,Pennsylvania,Hypertension,Riverside Health,2025-06-17,2025-06-18,Medicare,3325.66,1,Paid
P11124,58,Male,Ohio,Asthma,Penn Valley Hospital,2025-06-17,2025-06-20,Medicaid,3860.54,3,Paid
P11128,53,Male,Pennsylvania,Cancer,Harrisburg General Hospital,2025-06-17,2025-06-24,Commercial,17588.97,7,Denied
P11256,39,Female,Maryland,Heart Disease,Keystone Medical Center,2025-06-17,2025-06-19,Commercial,10886.52,2,Denied
P11292,71,Female,Pennsylvania,Hypertension,Keystone Medical Center,2025-06-17,2025-06-18,Commercial,2447.59,1,Paid
P10104,49,Female,Pennsylvania,COPD,Penn Valley Hospital,2025-06-18,2025-06-26,Medicare,10407.86,8,Paid
P10272,31,Female,Pennsylvania,Asthma,Community Care Hospital,2025-06-18,2025-06-19,Medicare,1966.01,1,Paid
P10284,27,Male,New York,Pneumonia,Pinecrest Medical,2025-06-18,2025-06-20,Medicare,7242.43,2,Paid
P10514,62,Female,Pennsylvania,Cancer,Central PA Medical,2025-06-18,2025-06-19,Commercial,15792.01,1,Pending
P10610,81,Female,Pennsylvania,Arthritis,Harrisburg General Hospital,2025-06-18,2025-06-21,Commercial,3909.02,3,Paid
P10829,21,Female,Ohio,Cancer,Valley Care Hospital,2025-06-18,2025-06-19,Commercial,15594.58,1,Paid
P10902,49,Male,Ohio,Kidney Disease,Harrisburg General Hospital,2025-06-18,2025-06-22,Medicare,10078.77,4,Paid
P11202,35,Male,New Jersey,Pneumonia,Valley Care Hospital,2025-06-18,2025-06-22,Commercial,9173.24,4,Paid
P11203,51,Female,Pennsylvania,Cancer,Riverside Health,2025-06-18,2025-06-24,Commercial,20342.82,6,Paid
P11314,51,Male,New Jersey,Arthritis,Penn Valley Hospital,2025-06-18,2025-06-21,Commercial,5694.83,3,Pending
P11336,66,Female,Maryland,COPD,Riverside Health,2025-06-18,2025-06-27,Medicare,10608.15,9,Pending
P10031,69,Female,New York,Asthma,Central PA Medical,2025-06-19,2025-06-21,Commercial,3743.97,2,Paid
P10083,69,Female,Virginia,Arthritis,Harrisburg General Hospital,2025-06-19,2025-06-25,Medicare,3283.86,6,Paid
P10122,29,Male,Pennsylvania,Diabetes,Central PA Medical,2025-06-19,2025-06-25,Commercial,7944.32,6,Paid
P10160,52,Male,Pennsylvania,High Cholesterol,Keystone Medical Center,2025-06-19,2025-06-28,Commercial,8839.83,9,Denied
P10269,23,Female,New Jersey,Hypertension,Pinecrest Medical,2025-06-19,2025-06-26,Medicaid,8454.43,7,Paid
P10362,30,Female,Delaware,Hypertension,Valley Care Hospital,2025-06-19,2025-06-26,Medicaid,7442.31,7,Paid
P10487,45,Female,Pennsylvania,Cancer,Community Care Hospital,2025-06-19,2025-06-20,Medicaid,15697.34,1,Paid
P10554,32,Male,Pennsylvania,Heart Disease,Keystone Medical Center,2025-06-19,2025-06-22,Medicare,11190.52,3,Denied
P10665,29,Female,Pennsylvania,Asthma,Central PA Medical,2025-06-19,2025-06-27,Medicaid,4812.0,8,Pending
P10698,19,Female,New York,Kidney Disease,Valley Care Hospital,2025-06-19,2025-06-24,Medicaid,8904.53,5,Paid
P10742,38,Female,Pennsylvania,Heart Disease,Keystone Medical Center,2025-06-19,2025-06-24,Medicaid,11582.21,5,Paid
P10800,43,Female,Pennsylvania,High Cholesterol,Allegheny Health Center,2025-06-19,2025-06-22,Medicare,4329.2,3,Paid
P11158,84,Male,Ohio,Arthritis,Summit Health System,2025-06-19,2025-06-21,Commercial,2185.5,2,Pending
P11191,20,Female,New Jersey,High Cholesterol,Summit Health System,2025-06-19,2025-06-29,Medicare,10283.13,10,Paid
P11192,44,Male,Ohio,Hypertension,Keystone Medical Center,2025-06-19,2025-06-22,Medicare,4506.48,3,Pending
P11305,62,Male,Pennsylvania,COPD,Harrisburg General Hospital,2025-06-19,2025-06-27,Commercial,9274.13,8,Paid
P10093,25,Female,New Jersey,Cancer,Riverside Health,2025-06-20,2025-06-21,Self-Pay,14770.23,1,Denied
P10131,46,Male,Ohio,Kidney Disease,Harrisburg General Hospital,2025-06-20,2025-06-28,Commercial,10234.81,8,Paid
P10405,61,Male,New Jersey,Asthma,Riverside Health,2025-06-20,2025-06-28,Medicare,7556.67,8,Paid
P10472,46,Female,New York,Hypertension,Community Care Hospital,2025-06-20,2025-06-27,Commercial,4786.17,7,Paid
P10565,61,Male,Pennsylvania,Asthma,Summit Health System,2025-06-20,2025-06-23,Medicaid,3528.9,3,Paid
P10591,69,Male,Maryland,Cancer,Riverside Health,2025-06-20,2025-06-27,Medicaid,19265.28,7,Paid
P10774,79,Female,New York,Cancer,Valley Care Hospital,2025-06-20,2025-06-24,Commercial,18337.65,4,Paid
P11242,85,Male,Virginia,Diabetes,Valley Care Hospital,2025-06-20,2025-06-29,Commercial,7438.09,9,Paid
P11393,18,Female,New York,Arthritis,Keystone Medical Center,2025-06-20,2025-06-22,Commercial,3904.47,2,Paid
P11398,34,Male,New York,Diabetes,Allegheny Health Center,2025-06-20,2025-06-25,Commercial,4907.33,5,Paid
P10194,35,Female,Pennsylvania,Cancer,Pinecrest Medical,2025-06-21,2025-06-22,Commercial,13346.89,1,Paid
P10205,57,Male,Pennsylvania,Hypertension,Allegheny Health Center,2025-06-21,2025-06-25,Medicaid,2301.41,4,Paid
P10478,40,Female,Maryland,Kidney Disease,Harrisburg General Hospital,2025-06-21,2025-06-23,Medicare,9337.61,2,Paid
P10723,61,Male,New Jersey,Asthma,Keystone Medical Center,2025-06-21,2025-06-22,Commercial,1674.08,1,Paid
P10814,75,Male,Virginia,Pneumonia,Community Care Hospital,2025-06-21,2025-06-25,Medicare,7405.55,4,Pending
P10866,19,Female,Maryland,Pneumonia,Summit Health System,2025-06-21,2025-06-30,Commercial,9361.02,9,Paid
P10892,30,Female,New Jersey,Asthma,Harrisburg General Hospital,2025-06-21,2025-06-22,Medicare,2137.93,1,Paid
P11096,27,Male,Ohio,Hypertension,Valley Care Hospital,2025-06-21,2025-07-02,Commercial,11450.28,11,Paid
P11235,18,Male,Pennsylvania,Hypertension,Valley Care Hospital,2025-06-21,2025-06-24,Medicare,5878.76,3,Pending
P11338,32,Male,New York,Kidney Disease,Harrisburg General Hospital,2025-06-21,2025-07-01,Commercial,15030.23,10,Paid
P11460,31,Male,New York,Kidney Disease,Community Care Hospital,2025-06-21,2025-06-25,Commercial,9260.71,4,Denied
P10089,59,Male,Pennsylvania,Hypertension,Central PA Medical,2025-06-22,2025-07-01,Commercial,9348.7,9,Paid
P10225,32,Male,Pennsylvania,Diabetes,Valley Care Hospital,2025-06-22,2025-06-23,Medicare,2877.54,1,Pending
P10257,49,Female,Pennsylvania,Asthma,Allegheny Health Center,2025-06-22,2025-06-23,Commercial,2150.93,1,Paid
P10333,55,Female,Ohio,Diabetes,Summit Health System,2025-06-22,2025-06-24,Commercial,4281.57,2,Paid
P10350,34,Male,Pennsylvania,Heart Disease,Community Care Hospital,2025-06-22,2025-06-23,Commercial,10072.83,1,Paid
P10399,85,Female,New Jersey,Kidney Disease,Valley Care Hospital,2025-06-22,2025-06-24,Commercial,8816.35,2,Paid
P10409,65,Male,Virginia,Diabetes,Summit Health System,2025-06-22,2025-06-30,Commercial,7420.01,8,Denied
P10425,41,Male,New York,Diabetes,Keystone Medical Center,2025-06-22,2025-07-04,Medicaid,10416.16,12,Paid
P10464,28,Male,New York,Hypertension,Central PA Medical,2025-06-22,2025-06-23,Commercial,4336.91,1,Pending
P10475,61,Male,Pennsylvania,Asthma,Community Care Hospital,2025-06-22,2025-06-26,Commercial,2838.66,4,Denied
P10516,44,Female,New Jersey,COPD,Penn Valley Hospital,2025-06-22,2025-06-25,Medicaid,8978.75,3,Pending
P10617,80,Male,Pennsylvania,High Cholesterol,Riverside Health,2025-06-22,2025-06-28,Commercial,4276.4,6,Paid
P10691,28,Male,New York,Hypertension,Keystone Medical Center,2025-06-22,2025-06-25,Medicaid,4627.18,3,Paid
P10780,22,Male,Pennsylvania,Hypertension,Pinecrest Medical,2025-06-22,2025-06-25,Medicaid,2635.93,3,Paid
P10815,59,Female,New York,Diabetes,Harrisburg General Hospital,2025-06-22,2025-06-28,Medicare,6368.61,6,Paid
P10816,81,Male,Virginia,COPD,Community Care Hospital,2025-06-22,2025-06-23,Medicaid,7127.11,1,Paid
P10872,65,Female,New Jersey,Kidney Disease,Keystone Medical Center,2025-06-22,2025-07-05,Medicare,15795.35,13,Paid
P10944,38,Female,New York,Asthma,Keystone Medical Center,2025-06-22,2025-06-25,Medicare,3740.33,3,Paid
P10959,69,Male,New York,Hypertension,Summit Health System,2025-06-22,2025-06-26,Commercial,3692.68,4,Pending
P11270,63,Male,Pennsylvania,Kidney Disease,Pinecrest Medical,2025-06-22,2025-06-25,Self-Pay,9804.58,3,Paid
P11398,56,Female,Ohio,High Cholesterol,Penn Valley Hospital,2025-06-22,2025-06-23,Medicare,3086.31,1,Pending
P11479,33,Female,Virginia,Kidney Disease,Allegheny Health Center,2025-06-22,2025-06-29,Medicare,11425.14,7,Pending
P10059,49,Female,Virginia,Hypertension,Harrisburg General Hospital,2025-06-23,2025-07-02,Self-Pay,9101.71,9,Paid
P10169,27,Female,Pennsylvania,Cancer,Pinecrest Medical,2025-06-23,2025-06-25,Commercial,16764.6,2,Paid
P10462,60,Female,Virginia,Heart Disease,Penn Valley Hospital,2025-06-23,2025-06-30,Medicaid,11386.96,7,Paid
P10671,77,Male,Ohio,COPD,Riverside Health,2025-06-23,2025-06-25,Medicaid,8771.52,2,Paid
P10718,79,Male,Pennsylvania,High Cholesterol,Harrisburg General Hospital,2025-06-23,2025-06-29,Medicare,7850.07,6,Paid
P10725,35,Male,Virginia,Arthritis,Riverside Health,2025-06-23,2025-06-26,Commercial,4600.1,3,Paid
P11026,33,Male,New York,High Cholesterol,Central PA Medical,2025-06-23,2025-07-01,Commercial,6253.44,8,Paid
P11099,22,Male,Maryland,High Cholesterol,Keystone Medical Center,2025-06-23,2025-06-28,Medicare,4479.9,5,Denied
P11135,82,Male,Pennsylvania,Diabetes,Valley Care Hospital,2025-06-23,2025-06-26,Medicaid,5621.47,3,Paid
P11191,81,Male,Virginia,Cancer,Keystone Medical Center,2025-06-23,2025-06-24,Commercial,16607.93,1,Paid
P10083,75,Male,Pennsylvania,Kidney Disease,Harrisburg General Hospital,2025-06-24,2025-06-26,Medicaid,8842.06,2,Paid
P10085,73,Male,Maryland,Cancer,Pinecrest Medical,2025-06-24,2025-07-04,Self-Pay,23022.03,10,Paid
P10166,64,Female,Pennsylvania,High Cholesterol,Allegheny Health Center,2025-06-24,2025-06-25,Medicare,3127.42,1,Denied
P10486,47,Female,Ohio,Diabetes,Summit Health System,2025-06-24,2025-06-28,Commercial,5207.99,4,Paid
P10542,65,Female,Virginia,Arthritis,Valley Care Hospital,2025-06-24,2025-06-26,Medicaid,3640.93,2,Pending
P10586,69,Male,New York,Diabetes,Riverside Health,2025-06-24,2025-07-03,Medicaid,7392.06,9,Paid
P10742,31,Female,New Jersey,Diabetes,Central PA Medical,2025-06-24,2025-06-28,Medicaid,5498.1,4,Pending
P10770,70,Male,Pennsylvania,Kidney Disease,Valley Care Hospital,2025-06-24,2025-06-28,Self-Pay,6738.07,4,Paid
P10861,57,Male,Pennsylvania,Diabetes,Summit Health System,2025-06-24,2025-06-26,Commercial,3613.51,2,Paid
P10880,81,Male,Pennsylvania,Diabetes,Valley Care Hospital,2025-06-24,2025-06-26,Medicare,5479.16,2,Denied
P10880,36,Female,Pennsylvania,COPD,Harrisburg General Hospital,2025-06-24,2025-06-28,Medicaid,9425.52,4,Pending
P11138,38,Female,Pennsylvania,Cancer,Harrisburg General Hospital,2025-06-24,2025-06-30,Commercial,18305.87,6,Denied
P11413,18,Male,Delaware,Diabetes,Valley Care Hospital,2025-06-24,2025-06-26,Medicare,4747.71,2,Paid
P11444,40,Female,Pennsylvania,Heart Disease,Allegheny Health Center,2025-06-24,2025-06-28,Medicaid,11066.35,4,Paid
P11457,55,Male,Virginia,Arthritis,Central PA Medical,2025-06-24,2025-06-28,Medicaid,3922.06,4,Paid
P11473,48,Female,Virginia,Diabetes,Riverside Health,2025-06-24,2025-07-05,Commercial,8440.2,11,Pending
P10093,49,Female,Virginia,COPD,Community Care Hospital,2025-06-25,2025-06-29,Commercial,8446.46,4,Paid
P10194,68,Female,Maryland,Asthma,Central PA Medical,2025-06-25,2025-06-28,Commercial,4562.39,3,Paid
P10285,68,Female,Pennsylvania,Diabetes,Central PA Medical,2025-06-25,2025-06-26,Medicare,3582.53,1,Paid
P10413,70,Male,Pennsylvania,High Cholesterol,Summit Health System,2025-06-25,2025-06-29,Commercial,3908.92,4,Paid
P10460,21,Male,Virginia,Diabetes,Harrisburg General Hospital,2025-06-25,2025-06-26,Medicaid,3277.36,1,Paid
P10697,76,Female,New Jersey,Asthma,Riverside Health,2025-06-25,2025-06-30,Medicaid,3169.48,5,Paid
P10878,76,Male,Pennsylvania,Cancer,Valley Care Hospital,2025-06-25,2025-07-09,Commercial,26801.48,14,Paid
P11092,69,Male,Ohio,Arthritis,Riverside Health,2025-06-25,2025-07-06,Commercial,10607.8,11,Paid
P11109,44,Female,Delaware,Asthma,Valley Care Hospital,2025-06-25,2025-07-01,Medicare,6736.3,6,Paid
P11215,75,Male,New Jersey,Heart Disease,Keystone Medical Center,2025-06-25,2025-06-29,Medicare,12460.1,4,Pending
P11280,84,Female,Virginia,Heart Disease,Central PA Medical,2025-06-25,2025-06-26,Commercial,7306.06,1,Paid
P11468,79,Female,New Jersey,Pneumonia,Valley Care Hospital,2025-06-25,2025-07-03,Commercial,12000.3,8,Paid
P10198,47,Male,Pennsylvania,Heart Disease,Valley Care Hospital,2025-06-26,2025-07-01,Commercial,11133.26,5,Pending
P10290,72,Female,Pennsylvania,Asthma,Central PA Medical,2025-06-26,2025-06-27,Medicare,3590.72,1,Paid
P10350,43,Male,Pennsylvania,Cancer,Keystone Medical Center,2025-06-26,2025-06-28,Medicaid,15299.16,2,Paid
P10610,66,Male,Pennsylvania,Arthritis,Penn Valley Hospital,2025-06-26,2025-07-03,Medicare,9257.5,7,Paid
P10615,23,Female,New York,Diabetes,Allegheny Health Center,2025-06-26,2025-06-28,Medicare,4319.99,2,Paid
P10735,54,Male,Pennsylvania,Asthma,Summit Health System,2025-06-26,2025-06-27,Commercial,4144.49,1,Paid
P10778,50,Male,Pennsylvania,Hypertension,Keystone Medical Center,2025-06-26,2025-07-07,Medicaid,7819.95,11,Paid
P10791,31,Female,Pennsylvania,Hypertension,Harrisburg General Hospital,2025-06-26,2025-06-28,Commercial,4956.37,2,Paid
P10930,44,Male,Virginia,Heart Disease,Central PA Medical,2025-06-26,2025-06-29,Medicaid,12004.1,3,Paid
P11044,54,Male,Ohio,Arthritis,Penn Valley Hospital,2025-06-26,2025-06-30,Medicare,3613.1,4,Paid
P11194,68,Male,Pennsylvania,Hypertension,Penn Valley Hospital,2025-06-26,2025-07-05,Medicare,8295.33,9,Paid
P11210,65,Female,Pennsylvania,Pneumonia,Riverside Health,2025-06-26,2025-07-01,Commercial,9311.83,5,Paid
P11221,24,Male,Pennsylvania,Pneumonia,Community Care Hospital,2025-06-26,2025-07-06,Medicare,11590.68,10,Pending
P11269,50,Male,New Jersey,COPD,Central PA Medical,2025-06-26,2025-07-01,Medicaid,8551.37,5,Paid
P11406,80,Male,New Jersey,COPD,Summit Health System,2025-06-26,2025-06-29,Medicare,6647.04,3,Paid
P10147,30,Female,Pennsylvania,COPD,Summit Health System,2025-06-27,2025-07-01,Commercial,8968.64,4,Paid
P10263,32,Female,Pennsylvania,COPD,Central PA Medical,2025-06-27,2025-07-03,Commercial,9123.62,6,Pending
P10376,65,Male,Delaware,Arthritis,Pinecrest Medical,2025-06-27,2025-06-30,Commercial,5073.71,3,Paid
P10533,34,Female,Pennsylvania,Kidney Disease,Community Care Hospital,2025-06-27,2025-06-29,Commercial,9745.13,2,Pending
P10547,73,Female,Delaware,Kidney Disease,Summit Health System,2025-06-27,2025-07-09,Self-Pay,12361.06,12,Paid
P10563,43,Male,New York,Cancer,Community Care Hospital,2025-06-27,2025-06-29,Commercial,16094.82,2,Paid
P10651,20,Male,Maryland,COPD,Central PA Medical,2025-06-27,2025-07-01,Commercial,8943.63,4,Paid
P10884,23,Female,New York,Diabetes,Harrisburg General Hospital,2025-06-27,2025-07-02,Medicare,6613.4,5,Paid
P10978,26,Female,New Jersey,High Cholesterol,Allegheny Health Center,2025-06-27,2025-06-30,Medicare,3936.95,3,Paid
P11005,50,Female,New York,Hypertension,Riverside Health,2025-06-27,2025-07-01,Medicare,2666.03,4,Paid
P11025,22,Male,Pennsylvania,Diabetes,Keystone Medical Center,2025-06-27,2025-07-01,Medicare,4258.92,4,Paid
P11040,26,Female,New Jersey,Kidney Disease,Summit Health System,2025-06-27,2025-07-10,Medicare,16858.04,13,Paid
P11117,25,Male,Pennsylvania,Pneumonia,Community Care Hospital,2025-06-27,2025-07-09,Medicare,15350.04,12,Paid
P11215,68,Female,New York,Hypertension,Allegheny Health Center,2025-06-27,2025-07-04,Self-Pay,4468.1,7,Paid
P11276,34,Female,Pennsylvania,Arthritis,Allegheny Health Center,2025-06-27,2025-07-08,Medicaid,10218.76,11,Denied
P11435,73,Male,Delaware,Asthma,Penn Valley Hospital,2025-06-27,2025-06-29,Medicaid,2347.69,2,Paid
P10046,68,Female,New Jersey,Kidney Disease,Keystone Medical Center,2025-06-28,2025-07-02,Self-Pay,10677.98,4,Paid
P10119,70,Male,New York,Cancer,Harrisburg General Hospital,2025-06-28,2025-07-01,Medicare,17190.15,3,Paid
P10252,56,Male,Virginia,Heart Disease,Harrisburg General Hospital,2025-06-28,2025-07-03,Commercial,11677.54,5,Paid
P10409,53,Female,Pennsylvania,High Cholesterol,Community Care Hospital,2025-06-28,2025-07-01,Commercial,3539.98,3,Paid
P10539,27,Female,Pennsylvania,COPD,Riverside Health,2025-06-28,2025-06-29,Medicaid,6434.14,1,Paid
P10584,28,Female,Pennsylvania,Arthritis,Central PA Medical,2025-06-28,2025-06-29,Commercial,3539.25,1,Paid
P10597,62,Female,Virginia,Heart Disease,Summit Health System,2025-06-28,2025-07-09,Commercial,15341.61,11,Paid
P10601,51,Male,New Jersey,COPD,Keystone Medical Center,2025-06-28,2025-07-01,Commercial,7631.41,3,Paid
P10642,44,Male,Pennsylvania,High Cholesterol,Riverside Health,2025-06-28,2025-06-29,Medicaid,3454.08,1,Paid
P10954,67,Female,Pennsylvania,High Cholesterol,Keystone Medical Center,2025-06-28,2025-06-29,Medicare,2791.17,1,Paid
P11103,52,Female,New Jersey,Pneumonia,Central PA Medical,2025-06-28,2025-06-30,Medicare,5476.82,2,Paid
P11276,67,Male,New Jersey,Cancer,Summit Health System,2025-06-28,2025-06-30,Self-Pay,15558.94,2,Paid
P11297,69,Male,New Jersey,Asthma,Valley Care Hospital,2025-06-28,2025-07-02,Commercial,5115.21,4,Paid
P11473,35,Female,New Jersey,Kidney Disease,Allegheny Health Center,2025-06-28,2025-06-30,Commercial,9458.27,2,Paid
P10156,65,Female,New York,Cancer,Valley Care Hospital,2025-06-29,2025-07-01,Commercial,15878.57,2,Paid
P10582,75,Male,Pennsylvania,Diabetes,Penn Valley Hospital,2025-06-29,2025-07-04,Medicaid,5954.89,5,Paid
P10933,83,Male,Pennsylvania,Kidney Disease,Central PA Medical,2025-06-29,2025-07-02,Commercial,9399.78,3,Paid
P11116,29,Female,Ohio,COPD,Community Care Hospital,2025-06-29,2025-07-02,Medicaid,7576.55,3,Paid
P11154,30,Female,Pennsylvania,Diabetes,Harrisburg General Hospital,2025-06-29,2025-07-07,Commercial,5954.25,8,Paid
P11192,57,Male,Pennsylvania,Pneumonia,Harrisburg General Hospital,2025-06-29,2025-06-30,Self-Pay,6407.82,1,Paid
P11356,37,Female,Ohio,Pneumonia,Harrisburg General Hospital,2025-06-29,2025-07-08,Medicaid,11300.96,9,Paid
P11462,82,Female,Pennsylvania,Hypertension,Pinecrest Medical,2025-06-29,2025-07-04,Medicare,7668.46,5,Paid
P10047,80,Female,Pennsylvania,Kidney Disease,Central PA Medical,2025-06-30,2025-07-11,Commercial,14268.66,11,Paid
P10064,28,Female,Pennsylvania,Diabetes,Penn Valley Hospital,2025-06-30,2025-07-03,Commercial,3281.83,3,Pending
P10169,82,Female,Pennsylvania,High Cholesterol,Central PA Medical,2025-06-30,2025-07-04,Commercial,3338.66,4,Paid
P10212,72,Male,Delaware,Kidney Disease,Keystone Medical Center,2025-06-30,2025-07-03,Medicare,10819.06,3,Paid
P10251,68,Female,New York,Pneumonia,Allegheny Health Center,2025-06-30,2025-07-02,Commercial,8342.63,2,Pending
P10322,55,Male,Pennsylvania,Cancer,Community Care Hospital,2025-06-30,2025-07-05,Self-Pay,19627.5,5,Paid
P10351,34,Female,Ohio,High Cholesterol,Summit Health System,2025-06-30,2025-07-08,Commercial,8809.91,8,Paid
P10382,41,Female,Maryland,Heart Disease,Allegheny Health Center,2025-06-30,2025-07-04,Medicaid,10630.73,4,Paid
P10662,51,Female,New Jersey,Diabetes,Allegheny Health Center,2025-06-30,2025-07-01,Commercial,3428.98,1,Paid
P10836,82,Female,Virginia,Heart Disease,Allegheny Health Center,2025-06-30,2025-07-03,Medicare,10042.54,3,Paid
P10891,24,Female,Pennsylvania,COPD,Pinecrest Medical,2025-06-30,2025-07-04,Medicare,8430.79,4,Paid
P10919,54,Male,Virginia,Arthritis,Harrisburg General Hospital,2025-06-30,2025-07-12,Commercial,13711.86,12,Paid
P11215,56,Male,New Jersey,Diabetes,Valley Care Hospital,2025-06-30,2025-07-06,Medicare,5009.64,6,Paid
P11231,47,Male,Pennsylvania,Arthritis,Allegheny Health Center,2025-06-30,2025-07-11,Medicare,9202.95,11,Paid
P11367,45,Female,Pennsylvania,High Cholesterol,Riverside Health,2025-06-30,2025-07-02,Self-Pay,3526.1,2,Paid
P10172,52,Female,Pennsylvania,Diabetes,Keystone Medical Center,2025-07-01,2025-07-03,Medicare,4679.89,2,Denied
P10297,42,Female,Virginia,Heart Disease,Keystone Medical Center,2025-07-01,2025-07-03,Commercial,9748.26,2,Paid
P10470,75,Male,Delaware,Hypertension,Summit Health System,2025-07-01,2025-07-02,Medicare,3812.7,1,Paid
P10596,43,Male,Pennsylvania,Heart Disease,Keystone Medical Center,2025-07-01,2025-07-05,Medicare,9804.51,4,Paid
P10652,72,Female,New York,Arthritis,Penn Valley Hospital,2025-07-01,2025-07-12,Medicare,10962.87,11,Paid
P10682,67,Female,Virginia,High Cholesterol,Harrisburg General Hospital,2025-07-01,2025-07-04,Medicare,2069.63,3,Paid
P10913,72,Female,Pennsylvania,Diabetes,Riverside Health,2025-07-01,2025-07-04,Medicare,4017.39,3,Pending
P10918,26,Male,Pennsylvania,High Cholesterol,Harrisburg General Hospital,2025-07-01,2025-07-12,Medicaid,11412.78,11,Pending
P10990,45,Female,Virginia,Cancer,Keystone Medical Center,2025-07-01,2025-07-13,Commercial,22982.24,12,Paid
P11049,79,Male,Pennsylvania,Cancer,Keystone Medical Center,2025-07-01,2025-07-05,Commercial,18723.84,4,Paid
P11200,25,Male,Pennsylvania,Asthma,Harrisburg General Hospital,2025-07-01,2025-07-03,Medicaid,4404.33,2,Paid
P11281,40,Female,Virginia,Cancer,Summit Health System,2025-07-01,2025-07-04,Medicare,14717.22,3,Paid
P11349,60,Male,New York,High Cholesterol,Allegheny Health Center,2025-07-01,2025-07-06,Medicaid,4921.73,5,Pending
P10025,83,Female,Virginia,Arthritis,Harrisburg General Hospital,2025-07-02,2025-07-05,Medicaid,4312.52,3,Paid
P10316,78,Female,New Jersey,Diabetes,Community Care Hospital,2025-07-02,2025-07-07,Commercial,4690.73,5,Paid
P10327,38,Female,New York,High Cholesterol,Riverside Health,2025-07-02,2025-07-07,Medicare,3546.91,5,Paid
P10438,81,Male,Pennsylvania,COPD,Keystone Medical Center,2025-07-02,2025-07-07,Medicare,10222.52,5,Paid
P10468,24,Male,Pennsylvania,Cancer,Riverside Health,2025-07-02,2025-07-05,Medicare,15646.73,3,Paid
P10692,75,Male,Virginia,High Cholesterol,Allegheny Health Center,2025-07-02,2025-07-11,Commercial,7117.08,9,Pending
P10801,78,Male,Pennsylvania,Pneumonia,Community Care Hospital,2025-07-02,2025-07-13,Commercial,10300.92,11,Paid
P10814,39,Female,Ohio,Hypertension,Keystone Medical Center,2025-07-02,2025-07-04,Commercial,3461.12,2,Paid
P10836,31,Male,Virginia,High Cholesterol,Allegheny Health Center,2025-07-02,2025-07-06,Medicaid,3845.78,4,Paid
P11061,58,Female,Ohio,Pneumonia,Central PA Medical,2025-07-02,2025-07-03,Medicaid,7014.0,1,Paid
P11119,66,Male,Pennsylvania,Kidney Disease,Summit Health System,2025-07-02,2025-07-05,Medicaid,10346.83,3,Paid
P11158,46,Male,Pennsylvania,Diabetes,Harrisburg General Hospital,2025-07-02,2025-07-07,Medicaid,5641.27,5,Pending
P11246,78,Male,New York,Pneumonia,Harrisburg General Hospital,2025-07-02,2025-07-04,Commercial,6583.75,2,Pending
P11320,82,Female,New Jersey,Pneumonia,Central PA Medical,2025-07-02,2025-07-05,Commercial,8759.04,3,Pending
P11423,35,Male,New York,Diabetes,Keystone Medical Center,2025-07-02,2025-07-07,Medicaid,5953.19,5,Paid
P11489,55,Female,Pennsylvania,Hypertension,Summit Health System,2025-07-02,2025-07-04,Commercial,5080.74,2,Paid
P10064,56,Female,New Jersey,Hypertension,Riverside Health,2025-07-03,2025-07-09,Commercial,5716.89,6,Pending
P10129,34,Female,Maryland,Hypertension,Summit Health System,2025-07-03,2025-07-05,Medicare,2378.86,2,Paid
P10390,23,Female,Delaware,Arthritis,Pinecrest Medical,2025-07-03,2025-07-11,Medicaid,5285.3,8,Paid
P10465,41,Male,Pennsylvania,Heart Disease,Valley Care Hospital,2025-07-03,2025-07-11,Commercial,10515.77,8,Paid
P10552,56,Female,New York,Heart Disease,Central PA Medical,2025-07-03,2025-07-07,Medicaid,11713.91,4,Pending
P10590,63,Female,Virginia,Asthma,Riverside Health,2025-07-03,2025-07-11,Medicare,3303.58,8,Paid
P10849,57,Female,Pennsylvania,Cancer,Central PA Medical,2025-07-03,2025-07-06,Medicare,18209.45,3,Paid
P10865,41,Male,Pennsylvania,Kidney Disease,Keystone Medical Center,2025-07-03,2025-07-14,Commercial,12953.95,11,Paid
P10922,82,Female,Pennsylvania,Arthritis,Summit Health System,2025-07-03,2025-07-06,Medicaid,5210.72,3,Paid
P11081,55,Female,New York,Cancer,Valley Care Hospital,2025-07-03,2025-07-05,Medicare,17164.73,2,Denied
P11409,32,Male,New Jersey,High Cholesterol,Valley Care Hospital,2025-07-03,2025-07-06,Commercial,4607.94,3,Paid
P11415,40,Male,Ohio,High Cholesterol,Valley Care Hospital,2025-07-03,2025-07-10,Medicaid,6001.85,7,Paid
P10156,39,Male,New York,Hypertension,Penn Valley Hospital,2025-07-04,2025-07-05,Commercial,668.98,1,Paid
P10900,24,Male,New York,Pneumonia,Penn Valley Hospital,2025-07-04,2025-07-09,Commercial,8925.43,5,Paid
P11336,78,Male,Pennsylvania,Arthritis,Penn Valley Hospital,2025-07-04,2025-07-05,Commercial,3185.93,1,Paid
P11357,57,Male,Virginia,Heart Disease,Pinecrest Medical,2025-07-04,2025-07-06,Commercial,8891.53,2,Denied
P11373,42,Male,Pennsylvania,COPD,Central PA Medical,2025-07-04,2025-07-09,Commercial,8266.47,5,Paid
P11399,68,Male,New Jersey,Hypertension,Penn Valley Hospital,2025-07-04,2025-07-10,Commercial,6694.93,6,Denied
P10021,51,Male,Pennsylvania,Arthritis,Summit Health System,2025-07-05,2025-07-11,Commercial,5702.29,6,Paid
P10231,58,Male,Maryland,Hypertension,Central PA Medical,2025-07-05,2025-07-16,Medicare,10173.03,11,Paid
P10292,49,Female,Pennsylvania,Asthma,Community Care Hospital,2025-07-05,2025-07-11,Medicaid,7273.76,6,Paid
P10505,56,Male,Ohio,High Cholesterol,Valley Care Hospital,2025-07-05,2025-07-16,Medicaid,10400.91,11,Paid
P10557,23,Male,Delaware,Diabetes,Community Care Hospital,2025-07-05,2025-07-10,Medicare,4808.33,5,Denied
P10709,82,Male,Ohio,Heart Disease,Allegheny Health Center,2025-07-05,2025-07-10,Commercial,11423.07,5,Denied
P11133,38,Female,Pennsylvania,COPD,Riverside Health,2025-07-05,2025-07-15,Medicaid,14752.71,10,Paid
P11346,32,Male,Delaware,Cancer,Summit Health System,2025-07-05,2025-07-11,Medicare,17541.07,6,Denied
P11348,26,Male,Virginia,Asthma,Penn Valley Hospital,2025-07-05,2025-07-18,Medicare,5651.63,13,Denied
P11359,48,Male,Pennsylvania,Hypertension,Summit Health System,2025-07-05,2025-07-08,Commercial,4060.82,3,Paid
P11500,80,Female,Virginia,Asthma,Community Care Hospital,2025-07-05,2025-07-06,Medicaid,2619.97,1,Paid
P10036,70,Female,Pennsylvania,Arthritis,Allegheny Health Center,2025-07-06,2025-07-12,Medicaid,4799.71,6,Paid
P10272,28,Male,Pennsylvania,High Cholesterol,Valley Care Hospital,2025-07-06,2025-07-09,Medicaid,1675.87,3,Pending
P10318,45,Female,Pennsylvania,Arthritis,Pinecrest Medical,2025-07-06,2025-07-11,Medicare,4606.63,5,Pending
P10381,19,Female,Virginia,Kidney Disease,Pinecrest Medical,2025-07-06,2025-07-12,Commercial,7794.02,6,Paid
P10408,64,Male,Pennsylvania,Kidney Disease,Allegheny Health Center,2025-07-06,2025-07-07,Medicare,8328.76,1,Paid
P10592,61,Female,Pennsylvania,Pneumonia,Keystone Medical Center,2025-07-06,2025-07-13,Medicaid,8259.49,7,Paid
P10652,36,Male,Pennsylvania,Diabetes,Harrisburg General Hospital,2025-07-06,2025-07-13,Medicare,8352.55,7,Paid
P10851,71,Male,Pennsylvania,Diabetes,Harrisburg General Hospital,2025-07-06,2025-07-10,Commercial,3447.82,4,Denied
P10912,61,Female,Delaware,Arthritis,Keystone Medical Center,2025-07-06,2025-07-09,Medicaid,3929.39,3,Denied
P10928,77,Female,Maryland,Cancer,Community Care Hospital,2025-07-06,2025-07-08,Medicaid,16654.2,2,Paid
P11026,81,Male,Pennsylvania,Hypertension,Central PA Medical,2025-07-06,2025-07-13,Medicare,9215.06,7,Paid
P11178,66,Female,Virginia,Pneumonia,Allegheny Health Center,2025-07-06,2025-07-13,Medicare,9782.63,7,Paid
P11205,27,Female,Pennsylvania,Cancer,Penn Valley Hospital,2025-07-06,2025-07-07,Medicaid,16587.34,1,Paid
P10024,45,Female,Pennsylvania,Pneumonia,Community Care Hospital,2025-07-07,2025-07-13,Medicaid,10459.9,6,Denied
P10078,37,Male,New Jersey,COPD,Summit Health System,2025-07-07,2025-07-14,Medicaid,10081.65,7,Paid
P10126,84,Female,New Jersey,Pneumonia,Community Care Hospital,2025-07-07,2025-07-10,Commercial,7944.34,3,Paid
P10146,25,Female,Maryland,Heart Disease,Valley Care Hospital,2025-07-07,2025-07-09,Commercial,9465.96,2,Denied
P10164,84,Male,New York,Cancer,Summit Health System,2025-07-07,2025-07-12,Medicare,18757.17,5,Paid
P10292,73,Male,Pennsylvania,Asthma,Summit Health System,2025-07-07,2025-07-08,Medicare,1232.6,1,Paid
P10410,27,Female,New Jersey,Kidney Disease,Harrisburg General Hospital,2025-07-07,2025-07-16,Medicaid,13645.72,9,Paid
P10419,74,Female,Pennsylvania,Hypertension,Penn Valley Hospital,2025-07-07,2025-07-08,Commercial,3978.59,1,Pending
P10453,57,Male,New Jersey,Hypertension,Summit Health System,2025-07-07,2025-07-09,Commercial,3233.95,2,Denied
P10468,19,Male,Pennsylvania,Diabetes,Allegheny Health Center,2025-07-07,2025-07-16,Commercial,9309.46,9,Pending
P10529,84,Male,Pennsylvania,High Cholesterol,Allegheny Health Center,2025-07-07,2025-07-10,Commercial,5181.02,3,Paid
P10791,20,Female,Pennsylvania,Diabetes,Valley Care Hospital,2025-07-07,2025-07-09,Medicare,4306.56,2,Paid
P10816,71,Female,New Jersey,Diabetes,Penn Valley Hospital,2025-07-07,2025-07-19,Commercial,9193.86,12,Pending
P10819,54,Male,Pennsylvania,Kidney Disease,Summit Health System,2025-07-07,2025-07-09,Medicare,8060.51,2,Paid
P10968,71,Male,Pennsylvania,Heart Disease,Riverside Health,2025-07-07,2025-07-09,Self-Pay,9903.73,2,Paid
P10987,61,Female,Delaware,High Cholesterol,Pinecrest Medical,2025-07-07,2025-07-12,Commercial,4204.08,5,Paid
P11018,51,Female,Pennsylvania,Pneumonia,Summit Health System,2025-07-07,2025-07-14,Commercial,11009.29,7,Pending
P11061,53,Male,Pennsylvania,Hypertension,Allegheny Health Center,2025-07-07,2025-07-18,Commercial,9815.31,11,Paid
P11183,51,Male,Pennsylvania,Asthma,Keystone Medical Center,2025-07-07,2025-07-13,Medicare,8221.71,6,Paid
P11244,80,Male,Pennsylvania,Diabetes,Summit Health System,2025-07-07,2025-07-12,Commercial,6028.92,5,Paid
P11320,77,Male,Pennsylvania,Kidney Disease,Harrisburg General Hospital,2025-07-07,2025-07-18,Medicare,14039.95,11,Paid
P11322,61,Female,New Jersey,Heart Disease,Summit Health System,2025-07-07,2025-07-12,Medicare,13352.71,5,Denied
P10143,50,Female,New York,Cancer,Valley Care Hospital,2025-07-08,2025-07-20,Medicaid,24625.68,12,Paid
P10369,35,Female,New Jersey,Diabetes,Penn Valley Hospital,2025-07-08,2025-07-13,Medicaid,6872.11,5,Paid
P10420,82,Female,New York,Diabetes,Keystone Medical Center,2025-07-08,2025-07-13,Commercial,4823.28,5,Paid
P10486,32,Male,Virginia,Kidney Disease,Summit Health System,2025-07-08,2025-07-13,Commercial,11278.31,5,Paid
P10710,56,Male,New Jersey,COPD,Summit Health System,2025-07-08,2025-07-10,Medicaid,7272.16,2,Paid
P10849,85,Male,Pennsylvania,Arthritis,Community Care Hospital,2025-07-08,2025-07-09,Medicare,3512.85,1,Paid
P10955,55,Male,Maryland,High Cholesterol,Penn Valley Hospital,2025-07-08,2025-07-09,Commercial,2593.67,1,Paid
P11030,80,Female,Pennsylvania,COPD,Harrisburg General Hospital,2025-07-08,2025-07-09,Medicaid,6509.75,1,Paid
P11123,50,Male,Maryland,Diabetes,Allegheny Health Center,2025-07-08,2025-07-14,Commercial,7683.74,6,Paid
P11184,42,Male,New York,Arthritis,Summit Health System,2025-07-08,2025-07-11,Medicaid,2381.05,3,Paid
P10159,22,Female,Delaware,Heart Disease,Keystone Medical Center,2025-07-09,2025-07-15,Self-Pay,9587.5,6,Denied
P10450,27,Female,New York,Hypertension,Pinecrest Medical,2025-07-09,2025-07-16,Medicare,5848.21,7,Pending
P10507,65,Female,Pennsylvania,Kidney Disease,Pinecrest Medical,2025-07-09,2025-07-21,Medicare,11762.91,12,Paid
P10532,77,Male,Pennsylvania,Kidney Disease,Riverside Health,2025-07-09,2025-07-10,Commercial,8414.27,1,Paid
P10577,72,Female,Virginia,High Cholesterol,Valley Care Hospital,2025-07-09,2025-07-16,Commercial,7788.77,7,Paid
P10636,29,Female,New York,Hypertension,Summit Health System,2025-07-09,2025-07-19,Medicare,9851.45,10,Paid
P10676,76,Male,New Jersey,Diabetes,Valley Care Hospital,2025-07-09,2025-07-13,Commercial,4771.32,4,Paid
P10946,74,Female,Ohio,Pneumonia,Summit Health System,2025-07-09,2025-07-16,Commercial,9622.94,7,Paid
P10975,34,Female,New York,Asthma,Allegheny Health Center,2025-07-09,2025-07-11,Medicare,2069.58,2,Denied
P11009,34,Female,Pennsylvania,Kidney Disease,Community Care Hospital,2025-07-09,2025-07-13,Commercial,8256.41,4,Paid
P11150,38,Male,New Jersey,High Cholesterol,Community Care Hospital,2025-07-09,2025-07-11,Medicare,5252.52,2,Paid
P11306,82,Female,Virginia,Diabetes,Pinecrest Medical,2025-07-09,2025-07-16,Medicaid,9171.99,7,Paid
P11384,67,Male,Pennsylvania,Heart Disease,Keystone Medical Center,2025-07-09,2025-07-14,Medicare,10637.89,5,Paid
P11400,42,Female,Maryland,High Cholesterol,Harrisburg General Hospital,2025-07-09,2025-07-12,Medicaid,3077.55,3,Paid
P10210,41,Male,New Jersey,Pneumonia,Pinecrest Medical,2025-07-10,2025-07-16,Self-Pay,9363.65,6,Paid
P10354,18,Female,New Jersey,Cancer,Community Care Hospital,2025-07-10,2025-07-14,Medicaid,16285.91,4,Paid
P10571,25,Female,Pennsylvania,Hypertension,Penn Valley Hospital,2025-07-10,2025-07-14,Medicaid,4172.05,4,Paid
P10660,19,Male,New York,High Cholesterol,Pinecrest Medical,2025-07-10,2025-07-18,Medicare,5287.53,8,Paid
P10732,39,Male,Maryland,Hypertension,Riverside Health,2025-07-10,2025-07-14,Medicaid,6507.79,4,Paid
P10784,58,Male,New Jersey,Diabetes,Valley Care Hospital,2025-07-10,2025-07-12,Self-Pay,3452.83,2,Paid
P10808,24,Male,Maryland,Cancer,Summit Health System,2025-07-10,2025-07-13,Commercial,16387.26,3,Paid
P10952,38,Female,New York,Kidney Disease,Riverside Health,2025-07-10,2025-07-15,Commercial,11172.52,5,Paid
P11024,82,Female,Pennsylvania,Asthma,Summit Health System,2025-07-10,2025-07-12,Commercial,3522.74,2,Paid
P11057,61,Male,Ohio,Hypertension,Penn Valley Hospital,2025-07-10,2025-07-17,Commercial,8676.04,7,Paid
P11213,67,Female,New Jersey,Kidney Disease,Allegheny Health Center,2025-07-10,2025-07-16,Medicaid,9739.29,6,Paid
P11213,69,Male,Pennsylvania,COPD,Central PA Medical,2025-07-10,2025-07-11,Commercial,6044.51,1,Paid
P11498,76,Male,Pennsylvania,Hypertension,Riverside Health,2025-07-10,2025-07-11,Medicare,2379.73,1,Pending
P10010,47,Male,Pennsylvania,Heart Disease,Riverside Health,2025-07-11,2025-07-22,Commercial,11964.57,11,Paid
P10146,20,Male,Maryland,Diabetes,Central PA Medical,2025-07-11,2025-07-14,Medicaid,5304.85,3,Paid
P10214,77,Female,Maryland,Heart Disease,Riverside Health,2025-07-11,2025-07-15,Medicare,11803.04,4,Pending
P10228,55,Male,New Jersey,High Cholesterol,Pinecrest Medical,2025-07-11,2025-07-17,Self-Pay,5010.8,6,Paid
P10443,83,Female,Virginia,Pneumonia,Valley Care Hospital,2025-07-11,2025-07-17,Commercial,8773.46,6,Paid
P10445,29,Male,Pennsylvania,Kidney Disease,Riverside Health,2025-07-11,2025-07-25,Commercial,17113.75,14,Paid
P10451,39,Male,Maryland,Asthma,Penn Valley Hospital,2025-07-11,2025-07-13,Commercial,4797.14,2,Paid
P10704,62,Male,Pennsylvania,Asthma,Keystone Medical Center,2025-07-11,2025-07-13,Commercial,3311.76,2,Paid
P10706,74,Male,New York,COPD,Valley Care Hospital,2025-07-11,2025-07-16,Medicaid,10381.51,5,Paid
P10783,67,Male,Maryland,Asthma,Allegheny Health Center,2025-07-11,2025-07-18,Medicare,7612.35,7,Paid
P10812,84,Female,Maryland,Heart Disease,Harrisburg General Hospital,2025-07-11,2025-07-16,Medicaid,10796.18,5,Paid
P10827,74,Male,Pennsylvania,Diabetes,Riverside Health,2025-07-11,2025-07-14,Medicaid,6899.06,3,Paid
P11062,75,Female,Pennsylvania,High Cholesterol,Central PA Medical,2025-07-11,2025-07-13,Commercial,4219.97,2,Paid
P11205,51,Female,Pennsylvania,COPD,Pinecrest Medical,2025-07-11,2025-07-16,Commercial,6103.37,5,Paid
P11212,63,Male,Maryland,Kidney Disease,Valley Care Hospital,2025-07-11,2025-07-20,Medicaid,10410.42,9,Pending
P11231,66,Male,Pennsylvania,Pneumonia,Harrisburg General Hospital,2025-07-11,2025-07-16,Commercial,7899.86,5,Paid
P11238,59,Male,Pennsylvania,High Cholesterol,Penn Valley Hospital,2025-07-11,2025-07-14,Medicare,3614.48,3,Paid
P11382,58,Male,Pennsylvania,Arthritis,Penn Valley Hospital,2025-07-11,2025-07-14,Medicaid,3215.39,3,Paid
P11409,82,Male,Delaware,Pneumonia,Summit Health System,2025-07-11,2025-07-19,Medicare,11038.0,8,Paid
P11482,31,Female,Delaware,Pneumonia,Valley Care Hospital,2025-07-11,2025-07-22,Commercial,10336.26,11,Paid
P10190,21,Male,New Jersey,High Cholesterol,Summit Health System,2025-07-12,2025-07-18,Commercial,6230.75,6,Paid
P10214,57,Female,Pennsylvania,Hypertension,Valley Care Hospital,2025-07-12,2025-07-17,Medicare,5448.18,5,Paid
P10376,81,Male,Virginia,Pneumonia,Community Care Hospital,2025-07-12,2025-07-13,Medicaid,4679.34,1,Paid
P10381,61,Female,Pennsylvania,Cancer,Valley Care Hospital,2025-07-12,2025-07-21,Medicare,19847.34,9,Paid
P10548,31,Female,New York,Heart Disease,Penn Valley Hospital,2025-07-12,2025-07-22,Medicaid,12350.34,10,Paid
P10725,83,Female,New York,High Cholesterol,Valley Care Hospital,2025-07-12,2025-07-15,Commercial,2617.13,3,Paid
P10986,32,Male,Virginia,Diabetes,Riverside Health,2025-07-12,2025-07-14,Medicare,4845.16,2,Paid
P11078,69,Male,Maryland,COPD,Central PA Medical,2025-07-12,2025-07-24,Commercial,12314.51,12,Paid
P11310,54,Female,Pennsylvania,Cancer,Central PA Medical,2025-07-12,2025-07-22,Commercial,21708.6,10,Paid
P10047,31,Male,New York,High Cholesterol,Summit Health System,2025-07-13,2025-07-17,Medicare,4142.39,4,Paid
P10071,41,Male,Pennsylvania,Arthritis,Community Care Hospital,2025-07-13,2025-07-17,Commercial,2779.03,4,Paid
P10189,58,Female,Virginia,COPD,Allegheny Health Center,2025-07-13,2025-07-27,Commercial,20075.24,14,Paid
P10452,27,Female,Pennsylvania,Diabetes,Community Care Hospital,2025-07-13,2025-07-22,Medicare,10822.05,9,Paid
P10648,30,Male,Virginia,Hypertension,Keystone Medical Center,2025-07-13,2025-07-27,Commercial,14229.74,14,Paid
P10826,49,Male,Virginia,Pneumonia,Harrisburg General Hospital,2025-07-13,2025-07-19,Commercial,9347.2,6,Pending
P10868,75,Male,Ohio,Asthma,Allegheny Health Center,2025-07-13,2025-07-14,Medicare,2976.42,1,Paid
P11034,40,Male,Delaware,Kidney Disease,Allegheny Health Center,2025-07-13,2025-07-18,Medicaid,8923.92,5,Paid
P11045,60,Male,Virginia,High Cholesterol,Summit Health System,2025-07-13,2025-07-15,Medicare,1121.89,2,Paid
P11297,82,Female,New York,Arthritis,Community Care Hospital,2025-07-13,2025-07-14,Commercial,3188.02,1,Pending
P10283,37,Male,New York,Pneumonia,Central PA Medical,2025-07-14,2025-07-15,Medicaid,6801.19,1,Paid
P10430,39,Male,New Jersey,COPD,Penn Valley Hospital,2025-07-14,2025-07-16,Medicaid,8721.13,2,Paid
P10471,63,Female,Ohio,Heart Disease,Riverside Health,2025-07-14,2025-07-22,Medicare,15113.68,8,Pending
P10805,33,Female,Pennsylvania,Kidney Disease,Summit Health System,2025-07-14,2025-07-16,Commercial,7132.49,2,Paid
P10831,36,Female,Pennsylvania,Asthma,Riverside Health,2025-07-14,2025-07-18,Commercial,4227.77,4,Paid
P10837,18,Female,Maryland,COPD,Riverside Health,2025-07-14,2025-07-15,Commercial,5169.31,1,Paid
P10891,38,Male,Delaware,Arthritis,Summit Health System,2025-07-14,2025-07-17,Medicare,2988.15,3,Paid
P10963,60,Female,Virginia,Cancer,Community Care Hospital,2025-07-14,2025-07-17,Medicaid,17600.03,3,Paid
P11029,44,Female,Pennsylvania,Kidney Disease,Pinecrest Medical,2025-07-14,2025-07-25,Medicare,12243.1,11,Paid
P11052,59,Female,Pennsylvania,High Cholesterol,Central PA Medical,2025-07-14,2025-07-16,Medicaid,1234.6,2,Pending
P11145,31,Female,Delaware,Kidney Disease,Penn Valley Hospital,2025-07-14,2025-07-21,Medicare,13184.57,7,Denied
P11500,37,Female,Ohio,Heart Disease,Summit Health System,2025-07-14,2025-07-20,Medicaid,10646.28,6,Paid
P10058,43,Female,New York,Diabetes,Central PA Medical,2025-07-15,2025-07-19,Commercial,6054.6,4,Paid
P10306,61,Female,Pennsylvania,COPD,Summit Health System,2025-07-15,2025-07-20,Medicare,8023.63,5,Pending
P10320,21,Female,New York,COPD,Harrisburg General Hospital,2025-07-15,2025-07-22,Commercial,9936.81,7,Paid
P10407,58,Male,Maryland,Cancer,Keystone Medical Center,2025-07-15,2025-07-17,Commercial,15789.02,2,Paid
P10461,30,Female,Pennsylvania,Pneumonia,Keystone Medical Center,2025-07-15,2025-07-18,Medicare,6444.62,3,Paid
P10527,20,Female,Pennsylvania,Diabetes,Central PA Medical,2025-07-15,2025-07-29,Commercial,16336.85,14,Denied
P10577,47,Male,Pennsylvania,Arthritis,Summit Health System,2025-07-15,2025-07-16,Commercial,2610.49,1,Paid
P10820,26,Male,Pennsylvania,Heart Disease,Keystone Medical Center,2025-07-15,2025-07-17,Commercial,10327.03,2,Paid
P10882,40,Male,New York,COPD,Valley Care Hospital,2025-07-15,2025-07-23,Commercial,14484.63,8,Paid
P11041,79,Male,Virginia,Hypertension,Allegheny Health Center,2025-07-15,2025-07-17,Medicare,3277.74,2,Paid
P11046,80,Male,New Jersey,Diabetes,Keystone Medical Center,2025-07-15,2025-07-18,Commercial,4968.96,3,Paid
P11136,55,Male,Pennsylvania,Hypertension,Summit Health System,2025-07-15,2025-07-16,Medicare,2565.61,1,Denied
P11382,19,Male,Pennsylvania,Pneumonia,Valley Care Hospital,2025-07-15,2025-07-24,Medicaid,12633.23,9,Paid
P11423,47,Female,Pennsylvania,COPD,Summit Health System,2025-07-15,2025-07-22,Commercial,8540.12,7,Paid
P10110,41,Male,Virginia,Kidney Disease,Riverside Health,2025-07-16,2025-07-20,Medicaid,10142.38,4,Paid
P10372,71,Female,Pennsylvania,Kidney Disease,Central PA Medical,2025-07-16,2025-07-20,Commercial,9673.34,4,Paid
P10409,79,Female,Pennsylvania,Hypertension,Penn Valley Hospital,2025-07-16,2025-07-18,Medicare,3518.8,2,Paid
P10626,34,Female,Pennsylvania,Arthritis,Valley Care Hospital,2025-07-16,2025-07-18,Commercial,4543.42,2,Paid
P10761,29,Male,New Jersey,Heart Disease,Central PA Medical,2025-07-16,2025-07-19,Commercial,9416.46,3,Paid
P10979,33,Female,Pennsylvania,Cancer,Harrisburg General Hospital,2025-07-16,2025-07-17,Commercial,15650.06,1,Paid
P11072,70,Female,Maryland,Diabetes,Pinecrest Medical,2025-07-16,2025-07-18,Commercial,3384.76,2,Paid
P11099,23,Male,Pennsylvania,Diabetes,Summit Health System,2025-07-16,2025-07-18,Commercial,4562.46,2,Paid
P10024,78,Female,Pennsylvania,COPD,Community Care Hospital,2025-07-17,2025-07-18,Commercial,6691.87,1,Pending
P10154,84,Female,Pennsylvania,Diabetes,Penn Valley Hospital,2025-07-17,2025-07-21,Commercial,3493.76,4,Paid
P10242,76,Female,New York,High Cholesterol,Riverside Health,2025-07-17,2025-07-18,Medicaid,1915.91,1,Paid
P10325,72,Male,Ohio,Pneumonia,Community Care Hospital,2025-07-17,2025-07-19,Medicare,6540.79,2,Paid
P10500,61,Female,Virginia,Cancer,Keystone Medical Center,2025-07-17,2025-07-20,Self-Pay,15020.88,3,Paid
P10503,76,Male,Pennsylvania,Cancer,Keystone Medical Center,2025-07-17,2025-07-18,Medicare,16035.75,1,Paid
P10688,37,Female,Maryland,Arthritis,Harrisburg General Hospital,2025-07-17,2025-07-20,Medicare,4353.26,3,Paid
P10777,77,Female,Maryland,Diabetes,Community Care Hospital,2025-07-17,2025-07-18,Medicaid,4642.05,1,Pending
P10971,30,Female,New York,High Cholesterol,Riverside Health,2025-07-17,2025-07-23,Commercial,5487.33,6,Paid
P11103,85,Female,Pennsylvania,COPD,Allegheny Health Center,2025-07-17,2025-07-23,Commercial,10948.89,6,Paid
P11130,73,Male,Maryland,Hypertension,Riverside Health,2025-07-17,2025-07-21,Medicaid,5789.62,4,Paid
P11172,62,Male,New York,COPD,Harrisburg General Hospital,2025-07-17,2025-07-22,Commercial,9680.16,5,Paid
P11268,83,Female,Pennsylvania,Diabetes,Riverside Health,2025-07-17,2025-07-27,Medicaid,9625.1,10,Paid
P11273,26,Female,Virginia,Hypertension,Pinecrest Medical,2025-07-17,2025-07-25,Medicare,8275.81,8,Paid
P11316,64,Female,Pennsylvania,High Cholesterol,Community Care Hospital,2025-07-17,2025-07-27,Self-Pay,6941.78,10,Paid
P10051,46,Male,New Jersey,Arthritis,Keystone Medical Center,2025-07-18,2025-07-19,Medicare,3909.17,1,Paid
P10493,34,Female,Pennsylvania,Diabetes,Penn Valley Hospital,2025-07-18,2025-07-20,Medicaid,3326.67,2,Paid
P10584,26,Male,New Jersey,Arthritis,Community Care Hospital,2025-07-18,2025-07-25,Commercial,3010.44,7,Paid
P10623,26,Male,Virginia,Kidney Disease,Allegheny Health Center,2025-07-18,2025-07-20,Self-Pay,6842.31,2,Pending
P10738,26,Female,Ohio,Arthritis,Central PA Medical,2025-07-18,2025-07-21,Commercial,4868.5,3,Paid
P10882,40,Male,Virginia,Asthma,Riverside Health,2025-07-18,2025-07-20,Medicare,2078.37,2,Paid
P11262,24,Female,New York,Cancer,Community Care Hospital,2025-07-18,2025-07-20,Commercial,15519.19,2,Denied
P11361,48,Male,Ohio,Hypertension,Pinecrest Medical,2025-07-18,2025-07-21,Commercial,3741.5,3,Denied
P11413,35,Female,Maryland,Pneumonia,Harrisburg General Hospital,2025-07-18,2025-07-27,Medicare,7878.18,9,Pending
P10416,76,Male,Pennsylvania,Arthritis,Central PA Medical,2025-07-19,2025-07-23,Medicaid,3700.92,4,Paid
P10544,39,Male,New Jersey,Heart Disease,Riverside Health,2025-07-19,2025-07-23,Medicare,8452.05,4,Paid
P10943,29,Female,Maryland,Hypertension,Central PA Medical,2025-07-19,2025-07-21,Commercial,4123.52,2,Paid
P10948,42,Female,Pennsylvania,Heart Disease,Harrisburg General Hospital,2025-07-19,2025-07-21,Commercial,9973.21,2,Paid
P11354,47,Male,New Jersey,Asthma,Pinecrest Medical,2025-07-19,2025-07-22,Commercial,4951.2,3,Pending
P10068,35,Female,New York,Hypertension,Penn Valley Hospital,2025-07-20,2025-07-25,Medicaid,2193.77,5,Paid
P10181,50,Male,Pennsylvania,Kidney Disease,Riverside Health,2025-07-20,2025-07-22,Commercial,8423.06,2,Paid
P10189,81,Female,New Jersey,COPD,Community Care Hospital,2025-07-20,2025-07-22,Medicaid,8635.81,2,Paid
P10431,53,Female,Virginia,Diabetes,Central PA Medical,2025-07-20,2025-07-21,Commercial,3852.89,1,Pending
P10442,72,Male,New York,Arthritis,Harrisburg General Hospital,2025-07-20,2025-07-25,Medicare,5955.0,5,Paid
P10608,26,Female,Pennsylvania,Cancer,Central PA Medical,2025-07-20,2025-07-22,Medicaid,15394.58,2,Paid
P10694,38,Male,New York,Heart Disease,Pinecrest Medical,2025-07-20,2025-07-27,Medicare,14873.04,7,Paid
P10712,84,Male,Pennsylvania,Kidney Disease,Penn Valley Hospital,2025-07-20,2025-07-21,Commercial,7282.01,1,Paid
P10843,29,Female,Maryland,Diabetes,Central PA Medical,2025-07-20,2025-07-23,Commercial,4190.15,3,Denied
P10919,23,Female,Pennsylvania,Kidney Disease,Riverside Health,2025-07-20,2025-07-30,Medicare,17270.17,10,Paid
P11020,46,Male,Maryland,Kidney Disease,Valley Care Hospital,2025-07-20,2025-07-22,Medicare,8054.32,2,Pending
P11121,35,Male,Virginia,Cancer,Harrisburg General Hospital,2025-07-20,2025-07-23,Medicare,16674.64,3,Paid
P11284,40,Male,Pennsylvania,Kidney Disease,Community Care Hospital,2025-07-20,2025-07-21,Commercial,6276.34,1,Paid
P11313,64,Female,Maryland,Diabetes,Summit Health System,2025-07-20,2025-07-27,Medicaid,8401.42,7,Paid
P11317,33,Female,Virginia,Pneumonia,Penn Valley Hospital,2025-07-20,2025-07-22,Medicaid,6081.63,2,Paid
P10046,85,Female,New York,High Cholesterol,Keystone Medical Center,2025-07-21,2025-07-24,Commercial,4823.44,3,Paid
P10173,85,Female,Maryland,Cancer,Allegheny Health Center,2025-07-21,2025-07-24,Medicare,17119.48,3,Paid
P10219,25,Male,New Jersey,Diabetes,Allegheny Health Center,2025-07-21,2025-07-25,Self-Pay,5970.37,4,Pending
P10345,26,Male,Pennsylvania,Diabetes,Pinecrest Medical,2025-07-21,2025-07-24,Medicare,3223.61,3,Paid
P10488,47,Female,Pennsylvania,Asthma,Community Care Hospital,2025-07-21,2025-07-30,Commercial,9976.41,9,Pending
P10589,49,Female,Virginia,Pneumonia,Keystone Medical Center,2025-07-21,2025-07-24,Medicaid,7892.18,3,Pending
P10685,75,Female,Delaware,Pneumonia,Harrisburg General Hospital,2025-07-21,2025-07-23,Self-Pay,5968.02,2,Paid
P10759,41,Female,Pennsylvania,COPD,Penn Valley Hospital,2025-07-21,2025-07-27,Commercial,8896.41,6,Paid
P10784,20,Female,Pennsylvania,Hypertension,Harrisburg General Hospital,2025-07-21,2025-07-29,Commercial,6782.4,8,Paid
P10833,80,Male,Pennsylvania,Diabetes,Penn Valley Hospital,2025-07-21,2025-07-29,Medicaid,10661.45,8,Paid
P10950,37,Male,Pennsylvania,Kidney Disease,Central PA Medical,2025-07-21,2025-07-23,Medicare,7399.78,2,Paid
P11166,36,Female,Virginia,Kidney Disease,Keystone Medical Center,2025-07-21,2025-07-27,Medicare,11969.8,6,Denied
P11166,63,Male,Maryland,Asthma,Central PA Medical,2025-07-21,2025-07-24,Commercial,3524.5,3,Paid
P11228,31,Female,Maryland,Cancer,Central PA Medical,2025-07-21,2025-07-22,Medicaid,14191.94,1,Paid
P11429,64,Female,Virginia,Cancer,Central PA Medical,2025-07-21,2025-07-30,Commercial,16937.73,9,Paid
P11467,46,Male,Pennsylvania,Hypertension,Summit Health System,2025-07-21,2025-07-25,Commercial,5496.05,4,Pending
P11475,40,Female,Virginia,Hypertension,Allegheny Health Center,2025-07-21,2025-07-25,Medicare,3646.56,4,Pending
P10060,54,Female,Pennsylvania,Hypertension,Riverside Health,2025-07-22,2025-07-23,Medicare,2419.29,1,Pending
P10063,79,Male,Delaware,Cancer,Summit Health System,2025-07-22,2025-08-01,Medicare,21445.98,10,Paid
P10168,22,Female,New Jersey,Pneumonia,Summit Health System,2025-07-22,2025-07-27,Medicaid,10364.07,5,Paid
P10261,40,Female,Maryland,COPD,Valley Care Hospital,2025-07-22,2025-07-26,Commercial,8886.19,4,Paid
P10329,75,Female,New Jersey,Hypertension,Summit Health System,2025-07-22,2025-07-31,Self-Pay,7313.77,9,Paid
P10435,47,Female,Pennsylvania,Asthma,Community Care Hospital,2025-07-22,2025-07-24,Self-Pay,3723.24,2,Paid
P10980,75,Male,Pennsylvania,Diabetes,Community Care Hospital,2025-07-22,2025-07-23,Commercial,3715.87,1,Paid
P11144,63,Male,Pennsylvania,High Cholesterol,Pinecrest Medical,2025-07-22,2025-07-24,Commercial,2906.18,2,Paid
P11202,64,Female,Maryland,Diabetes,Riverside Health,2025-07-22,2025-07-24,Medicare,5162.81,2,Paid
P11224,78,Female,Ohio,Asthma,Valley Care Hospital,2025-07-22,2025-07-24,Commercial,2500.72,2,Paid
P11226,65,Male,Ohio,High Cholesterol,Pinecrest Medical,2025-07-22,2025-07-24,Commercial,4097.07,2,Paid
P11468,41,Female,Delaware,Arthritis,Community Care Hospital,2025-07-22,2025-07-23,Medicare,4130.93,1,Paid
P10053,67,Male,Pennsylvania,Cancer,Harrisburg General Hospital,2025-07-23,2025-07-26,Medicare,17404.26,3,Paid
P10100,52,Female,Maryland,Heart Disease,Allegheny Health Center,2025-07-23,2025-07-26,Medicaid,11403.25,3,Paid
P10333,68,Female,Pennsylvania,Hypertension,Central PA Medical,2025-07-23,2025-07-26,Medicare,3397.99,3,Pending
P10380,22,Male,New Jersey,Diabetes,Harrisburg General Hospital,2025-07-23,2025-07-27,Commercial,4070.52,4,Paid
P10475,25,Male,Pennsylvania,Hypertension,Allegheny Health Center,2025-07-23,2025-08-02,Commercial,5932.46,10,Paid
P10585,58,Female,Delaware,Kidney Disease,Riverside Health,2025-07-23,2025-07-27,Commercial,9838.45,4,Paid
P10662,70,Male,Virginia,Asthma,Harrisburg General Hospital,2025-07-23,2025-07-28,Medicare,4007.96,5,Paid
P10742,73,Male,New Jersey,High Cholesterol,Keystone Medical Center,2025-07-23,2025-07-29,Medicaid,3748.28,6,Paid
P10838,79,Female,Virginia,Pneumonia,Central PA Medical,2025-07-23,2025-07-24,Medicaid,6499.65,1,Denied
P11262,30,Male,Delaware,Kidney Disease,Allegheny Health Center,2025-07-23,2025-07-26,Commercial,7662.79,3,Paid
P11295,61,Male,Pennsylvania,Kidney Disease,Riverside Health,2025-07-23,2025-07-31,Commercial,11990.86,8,Paid
P11468,51,Male,Pennsylvania,Arthritis,Penn Valley Hospital,2025-07-23,2025-07-24,Medicaid,1462.37,1,Paid
P10078,46,Male,Pennsylvania,Cancer,Summit Health System,2025-07-24,2025-07-25,Medicare,14356.76,1,Paid
P10150,57,Male,New Jersey,Cancer,Valley Care Hospital,2025-07-24,2025-08-04,Commercial,23487.3,11,Paid
P10350,44,Male,New York,Arthritis,Penn Valley Hospital,2025-07-24,2025-08-01,Commercial,7671.81,8,Paid
P10462,44,Male,Pennsylvania,Hypertension,Allegheny Health Center,2025-07-24,2025-07-29,Medicaid,3801.62,5,Pending
P10892,50,Male,Virginia,Arthritis,Central PA Medical,2025-07-24,2025-07-29,Commercial,4872.64,5,Paid
P10936,70,Female,Maryland,Cancer,Pinecrest Medical,2025-07-24,2025-07-28,Commercial,17133.05,4,Paid
P11051,36,Female,Ohio,Diabetes,Valley Care Hospital,2025-07-24,2025-07-26,Commercial,4466.13,2,Paid
P11402,83,Female,Pennsylvania,Pneumonia,Summit Health System,2025-07-24,2025-07-29,Self-Pay,9104.41,5,Paid
P10006,31,Female,Virginia,Asthma,Allegheny Health Center,2025-07-25,2025-07-30,Commercial,3961.03,5,Pending
P10043,34,Male,Ohio,Pneumonia,Allegheny Health Center,2025-07-25,2025-08-06,Medicare,12490.44,12,Paid
P10263,80,Female,New York,COPD,Riverside Health,2025-07-25,2025-07-27,Medicaid,7916.12,2,Denied
P10876,41,Female,Pennsylvania,Cancer,Central PA Medical,2025-07-25,2025-07-26,Medicare,14163.99,1,Pending
P10927,42,Female,Virginia,Diabetes,Summit Health System,2025-07-25,2025-07-30,Commercial,7965.15,5,Paid
P10928,66,Female,Pennsylvania,Heart Disease,Summit Health System,2025-07-25,2025-07-29,Medicare,12421.23,4,Paid
P10956,40,Male,Delaware,Asthma,Community Care Hospital,2025-07-25,2025-08-04,Self-Pay,9989.04,10,Paid
P10988,70,Female,New Jersey,Arthritis,Allegheny Health Center,2025-07-25,2025-07-26,Commercial,2503.46,1,Paid
P11208,26,Female,Pennsylvania,High Cholesterol,Riverside Health,2025-07-25,2025-08-03,Commercial,7297.83,9,Paid
P11235,63,Female,Pennsylvania,Pneumonia,Riverside Health,2025-07-25,2025-07-27,Medicare,7656.05,2,Pending
P11408,41,Female,Virginia,Kidney Disease,Harrisburg General Hospital,2025-07-25,2025-07-29,Commercial,6518.76,4,Paid
P11421,74,Female,Ohio,Asthma,Central PA Medical,2025-07-25,2025-07-26,Medicare,2363.25,1,Paid
P11445,20,Female,New York,Kidney Disease,Penn Valley Hospital,2025-07-25,2025-07-30,Medicaid,9962.72,5,Paid
P10278,70,Male,New Jersey,Asthma,Penn Valley Hospital,2025-07-26,2025-07-28,Commercial,2758.23,2,Paid
P10292,82,Female,Pennsylvania,Hypertension,Community Care Hospital,2025-07-26,2025-07-29,Commercial,4634.75,3,Pending
P10398,51,Female,Delaware,Asthma,Riverside Health,2025-07-26,2025-07-29,Medicare,4590.4,3,Pending
P10420,40,Female,Ohio,Hypertension,Riverside Health,2025-07-26,2025-07-30,Commercial,3594.85,4,Paid
P10430,33,Male,Ohio,Pneumonia,Keystone Medical Center,2025-07-26,2025-07-30,Commercial,8848.94,4,Paid
P10437,40,Male,Maryland,Heart Disease,Pinecrest Medical,2025-07-26,2025-08-01,Commercial,13123.98,6,Paid
P10689,70,Female,Maryland,Heart Disease,Summit Health System,2025-07-26,2025-07-27,Medicare,8742.09,1,Paid
P10719,55,Male,Ohio,Cancer,Penn Valley Hospital,2025-07-26,2025-07-31,Commercial,17396.37,5,Paid
P10799,77,Female,Pennsylvania,Pneumonia,Allegheny Health Center,2025-07-26,2025-07-29,Commercial,5526.26,3,Paid
P10854,42,Male,Pennsylvania,Cancer,Penn Valley Hospital,2025-07-26,2025-07-28,Medicare,14016.3,2,Paid
P10925,62,Male,New York,Diabetes,Pinecrest Medical,2025-07-26,2025-07-27,Commercial,3898.97,1,Pending
P11072,27,Male,Pennsylvania,COPD,Penn Valley Hospital,2025-07-26,2025-07-28,Commercial,5598.63,2,Denied
P11218,63,Female,New Jersey,Arthritis,Pinecrest Medical,2025-07-26,2025-08-02,Medicare,7298.29,7,Pending
P11240,19,Female,Virginia,Arthritis,Pinecrest Medical,2025-07-26,2025-07-31,Medicare,3756.23,5,Paid
P11357,73,Female,Pennsylvania,Cancer,Allegheny Health Center,2025-07-26,2025-07-29,Commercial,17327.92,3,Paid
P10024,57,Male,Virginia,Asthma,Valley Care Hospital,2025-07-27,2025-07-29,Commercial,3869.71,2,Paid
P10131,32,Female,New Jersey,Hypertension,Harrisburg General Hospital,2025-07-27,2025-08-01,Medicaid,5636.77,5,Paid
P10136,26,Female,Maryland,Cancer,Pinecrest Medical,2025-07-27,2025-07-31,Commercial,18850.08,4,Paid
P10350,51,Male,Delaware,Kidney Disease,Valley Care Hospital,2025-07-27,2025-08-02,Medicare,11601.35,6,Paid
P10568,83,Female,Ohio,Hypertension,Allegheny Health Center,2025-07-27,2025-07-29,Medicare,1575.02,2,Paid
P10590,25,Male,New Jersey,Pneumonia,Harrisburg General Hospital,2025-07-27,2025-07-28,Medicare,6534.15,1,Paid
P10714,51,Male,New Jersey,Hypertension,Riverside Health,2025-07-27,2025-07-31,Commercial,5818.17,4,Paid
P10897,67,Female,Pennsylvania,Hypertension,Harrisburg General Hospital,2025-07-27,2025-08-02,Commercial,6451.27,6,Paid
P11234,43,Female,Maryland,Cancer,Central PA Medical,2025-07-27,2025-07-30,Medicaid,15812.1,3,Paid
P11416,78,Male,Maryland,Diabetes,Penn Valley Hospital,2025-07-27,2025-07-30,Commercial,5861.0,3,Paid
P11484,35,Male,New York,High Cholesterol,Summit Health System,2025-07-27,2025-08-03,Commercial,6898.27,7,Pending
P10013,31,Male,New Jersey,Asthma,Valley Care Hospital,2025-07-28,2025-07-31,Medicaid,2246.72,3,Paid
P10182,69,Female,Delaware,Asthma,Summit Health System,2025-07-28,2025-07-29,Self-Pay,1867.39,1,Paid
P10211,76,Male,Virginia,High Cholesterol,Central PA Medical,2025-07-28,2025-07-29,Medicaid,500.0,1,Paid
P10244,29,Male,New York,High Cholesterol,Allegheny Health Center,2025-07-28,2025-08-07,Medicaid,8619.56,10,Denied
P10415,23,Female,New York,Heart Disease,Community Care Hospital,2025-07-28,2025-08-02,Commercial,11924.38,5,Paid
P10556,20,Female,Pennsylvania,Heart Disease,Central PA Medical,2025-07-28,2025-08-01,Medicare,8497.77,4,Paid
P10709,29,Male,Pennsylvania,Heart Disease,Penn Valley Hospital,2025-07-28,2025-07-31,Medicaid,9618.68,3,Paid
P10890,76,Male,New Jersey,Heart Disease,Pinecrest Medical,2025-07-28,2025-08-08,Commercial,14521.19,11,Paid
P11257,29,Male,Pennsylvania,Asthma,Penn Valley Hospital,2025-07-28,2025-08-04,Medicare,7008.48,7,Paid
P11292,47,Female,New York,Diabetes,Riverside Health,2025-07-28,2025-08-10,Medicaid,11541.81,13,Pending
P11306,38,Male,New Jersey,Pneumonia,Pinecrest Medical,2025-07-28,2025-08-02,Commercial,8148.05,5,Paid
P11360,79,Female,Pennsylvania,Arthritis,Riverside Health,2025-07-28,2025-07-29,Medicaid,2588.35,1,Pending
P10064,72,Male,New Jersey,COPD,Summit Health System,2025-07-29,2025-07-31,Medicaid,7321.26,2,Denied
P10304,43,Male,Delaware,High Cholesterol,Harrisburg General Hospital,2025-07-29,2025-07-30,Medicare,3710.37,1,Denied
P10352,49,Female,Ohio,High Cholesterol,Keystone Medical Center,2025-07-29,2025-07-30,Commercial,3064.82,1,Paid
P10373,79,Female,Pennsylvania,Cancer,Central PA Medical,2025-07-29,2025-08-07,Commercial,19902.66,9,Denied
P10565,40,Female,Pennsylvania,COPD,Pinecrest Medical,2025-07-29,2025-08-09,Commercial,12990.92,11,Paid
P11063,72,Male,Pennsylvania,Diabetes,Allegheny Health Center,2025-07-29,2025-08-04,Commercial,9094.86,6,Paid
P11117,23,Male,New York,Kidney Disease,Pinecrest Medical,2025-07-29,2025-08-03,Commercial,7361.32,5,Paid
P11243,58,Female,Maryland,COPD,Valley Care Hospital,2025-07-29,2025-07-30,Medicare,5582.64,1,Paid
P11256,48,Male,New York,High Cholesterol,Penn Valley Hospital,2025-07-29,2025-07-31,Medicaid,2324.51,2,Paid
P11274,76,Female,Virginia,Asthma,Harrisburg General Hospital,2025-07-29,2025-08-04,Commercial,6338.54,6,Paid
P11313,62,Female,New Jersey,Asthma,Harrisburg General Hospital,2025-07-29,2025-08-01,Medicaid,5017.48,3,Paid
P11500,73,Male,Maryland,Hypertension,Allegheny Health Center,2025-07-29,2025-08-03,Medicaid,4453.34,5,Paid
P10105,24,Female,Ohio,Arthritis,Keystone Medical Center,2025-07-30,2025-08-02,Commercial,4751.44,3,Pending
P10128,26,Male,Pennsylvania,Heart Disease,Harrisburg General Hospital,2025-07-30,2025-08-08,Medicare,13021.16,9,Paid
P10499,30,Male,New York,Kidney Disease,Community Care Hospital,2025-07-30,2025-08-04,Commercial,10421.68,5,Pending
P10829,18,Female,Virginia,High Cholesterol,Pinecrest Medical,2025-07-30,2025-08-01,Medicare,3728.55,2,Paid
P11050,43,Female,Virginia,Heart Disease,Community Care Hospital,2025-07-30,2025-08-01,Commercial,9255.7,2,Paid
P11143,30,Female,New Jersey,Arthritis,Penn Valley Hospital,2025-07-30,2025-08-03,Medicaid,3841.34,4,Paid
P11251,62,Female,Pennsylvania,Kidney Disease,Community Care Hospital,2025-07-30,2025-08-05,Commercial,9588.61,6,Paid
P11312,59,Male,Pennsylvania,Asthma,Pinecrest Medical,2025-07-30,2025-08-03,Medicaid,4944.47,4,Paid
P11397,64,Male,Pennsylvania,High Cholesterol,Riverside Health,2025-07-30,2025-08-08,Medicare,6801.03,9,Denied
P10059,35,Male,Delaware,Pneumonia,Riverside Health,2025-07-31,2025-08-02,Commercial,5936.83,2,Paid
P10198,32,Male,Pennsylvania,Cancer,Riverside Health,2025-07-31,2025-08-01,Commercial,15803.99,1,Paid
P10211,41,Female,Pennsylvania,Cancer,Pinecrest Medical,2025-07-31,2025-08-03,Medicare,15369.51,3,Paid
P10636,57,Female,New York,Pneumonia,Harrisburg General Hospital,2025-07-31,2025-08-01,Medicare,7833.78,1,Pending
P10754,21,Male,Pennsylvania,Arthritis,Community Care Hospital,2025-07-31,2025-08-06,Medicare,6798.84,6,Paid
P10985,52,Female,Pennsylvania,Pneumonia,Community Care Hospital,2025-07-31,2025-08-03,Medicaid,6166.77,3,Paid
P11044,74,Female,Delaware,Diabetes,Community Care Hospital,2025-07-31,2025-08-05,Medicaid,5332.48,5,Pending
P10043,63,Male,Virginia,Cancer,Riverside Health,2025-08-01,2025-08-05,Medicare,16874.87,4,Paid
P10058,24,Female,New York,Arthritis,Keystone Medical Center,2025-08-01,2025-08-04,Medicare,5120.38,3,Paid
P10218,49,Male,Pennsylvania,Kidney Disease,Pinecrest Medical,2025-08-01,2025-08-03,Medicare,8465.04,2,Paid
P10224,44,Female,Delaware,Pneumonia,Pinecrest Medical,2025-08-01,2025-08-03,Medicare,6808.42,2,Paid
P10273,62,Male,Pennsylvania,Cancer,Penn Valley Hospital,2025-08-01,2025-08-09,Commercial,19115.14,8,Paid
P10489,70,Male,Pennsylvania,High Cholesterol,Harrisburg General Hospital,2025-08-01,2025-08-06,Commercial,4920.1,5,Paid
P10673,64,Male,Pennsylvania,Diabetes,Central PA Medical,2025-08-01,2025-08-05,Commercial,3559.72,4,Paid
P10677,60,Female,New Jersey,COPD,Pinecrest Medical,2025-08-01,2025-08-13,Medicare,17105.3,12,Paid
P10887,67,Male,New York,Arthritis,Riverside Health,2025-08-01,2025-08-11,Commercial,7373.14,10,Paid
P10944,51,Female,New Jersey,COPD,Summit Health System,2025-08-01,2025-08-04,Medicare,7980.62,3,Paid
P11048,39,Female,New Jersey,Asthma,Riverside Health,2025-08-01,2025-08-02,Medicare,2456.65,1,Pending
P11148,41,Male,Pennsylvania,Pneumonia,Allegheny Health Center,2025-08-01,2025-08-05,Medicare,8737.98,4,Pending
P11159,73,Female,Pennsylvania,Hypertension,Keystone Medical Center,2025-08-01,2025-08-09,Medicaid,6970.91,8,Paid
P11471,39,Female,New York,Cancer,Keystone Medical Center,2025-08-01,2025-08-02,Commercial,13375.37,1,Paid
P11473,67,Male,New York,Heart Disease,Allegheny Health Center,2025-08-01,2025-08-03,Commercial,9096.12,2,Denied
P11489,27,Female,Virginia,Heart Disease,Summit Health System,2025-08-01,2025-08-07,Medicare,11911.07,6,Paid
P10073,21,Male,Pennsylvania,Pneumonia,Central PA Medical,2025-08-02,2025-08-03,Medicare,6586.99,1,Paid
P10149,77,Male,Maryland,COPD,Summit Health System,2025-08-02,2025-08-03,Medicaid,6371.53,1,Paid
P10243,61,Male,Virginia,COPD,Pinecrest Medical,2025-08-02,2025-08-07,Commercial,7882.89,5,Pending
P10259,32,Male,New Jersey,Cancer,Allegheny Health Center,2025-08-02,2025-08-03,Medicaid,14501.94,1,Paid
P10291,39,Female,Pennsylvania,High Cholesterol,Keystone Medical Center,2025-08-02,2025-08-08,Medicare,7508.41,6,Paid
P10343,50,Male,Maryland,Cancer,Community Care Hospital,2025-08-02,2025-08-13,Medicaid,25196.38,11,Pending
P10387,54,Female,Virginia,High Cholesterol,Summit Health System,2025-08-02,2025-08-13,Commercial,6518.36,11,Denied
P10518,66,Female,Delaware,Cancer,Community Care Hospital,2025-08-02,2025-08-05,Commercial,15642.62,3,Denied
P10532,74,Female,Pennsylvania,Asthma,Valley Care Hospital,2025-08-02,2025-08-08,Medicare,4972.91,6,Pending
P10738,67,Male,New Jersey,Cancer,Harrisburg General Hospital,2025-08-02,2025-08-04,Commercial,16897.12,2,Pending
P10816,80,Female,Ohio,Pneumonia,Harrisburg General Hospital,2025-08-02,2025-08-05,Commercial,8132.35,3,Paid
P10823,46,Female,Pennsylvania,Cancer,Allegheny Health Center,2025-08-02,2025-08-04,Medicaid,15048.51,2,Paid
P10837,59,Female,Pennsylvania,Kidney Disease,Keystone Medical Center,2025-08-02,2025-08-04,Medicaid,9755.47,2,Paid
P10943,54,Female,Pennsylvania,Heart Disease,Pinecrest Medical,2025-08-02,2025-08-05,Commercial,8972.85,3,Paid
P10967,45,Female,Ohio,Cancer,Valley Care Hospital,2025-08-02,2025-08-15,Medicaid,23645.87,13,Paid
P10968,40,Female,Pennsylvania,Asthma,Pinecrest Medical,2025-08-02,2025-08-04,Medicaid,2416.2,2,Paid
P10973,41,Female,Pennsylvania,Arthritis,Central PA Medical,2025-08-02,2025-08-07,Commercial,5359.8,5,Paid
P11013,21,Female,Virginia,Hypertension,Allegheny Health Center,2025-08-02,2025-08-04,Commercial,3655.21,2,Paid
P11102,49,Male,Virginia,Asthma,Allegheny Health Center,2025-08-02,2025-08-06,Commercial,4001.82,4,Paid
P11222,52,Female,Virginia,Asthma,Penn Valley Hospital,2025-08-02,2025-08-10,Medicaid,8818.44,8,Pending
P11336,81,Female,Pennsylvania,Heart Disease,Pinecrest Medical,2025-08-02,2025-08-12,Medicaid,14382.08,10,Paid
P10003,30,Female,Pennsylvania,Hypertension,Community Care Hospital,2025-08-03,2025-08-09,Commercial,7415.86,6,Pending
P10062,33,Female,Pennsylvania,Arthritis,Central PA Medical,2025-08-03,2025-08-14,Medicaid,9661.39,11,Denied
P10155,78,Female,Pennsylvania,Hypertension,Central PA Medical,2025-08-03,2025-08-12,Commercial,9374.12,9,Pending
P10380,40,Male,Pennsylvania,Hypertension,Pinecrest Medical,2025-08-03,2025-08-05,Medicare,3861.64,2,Pending
P10390,79,Female,Virginia,Kidney Disease,Harrisburg General Hospital,2025-08-03,2025-08-12,Medicare,13166.37,9,Paid
P10429,37,Female,Ohio,High Cholesterol,Central PA Medical,2025-08-03,2025-08-06,Commercial,3633.46,3,Paid
P10459,21,Female,New Jersey,High Cholesterol,Penn Valley Hospital,2025-08-03,2025-08-11,Medicaid,5854.73,8,Paid
P10534,65,Male,Ohio,Asthma,Riverside Health,2025-08-03,2025-08-07,Commercial,4060.44,4,Paid
P10601,53,Male,Pennsylvania,Cancer,Keystone Medical Center,2025-08-03,2025-08-04,Commercial,15990.52,1,Paid
P10627,72,Male,Maryland,High Cholesterol,Central PA Medical,2025-08-03,2025-08-09,Commercial,4384.56,6,Paid
P10651,47,Female,New Jersey,Hypertension,Harrisburg General Hospital,2025-08-03,2025-08-08,Commercial,5724.99,5,Paid
P10897,63,Male,Maryland,COPD,Community Care Hospital,2025-08-03,2025-08-11,Medicare,13220.06,8,Paid
P11014,69,Female,New York,Hypertension,Keystone Medical Center,2025-08-03,2025-08-09,Medicare,6803.65,6,Paid
P11093,31,Female,Pennsylvania,Asthma,Harrisburg General Hospital,2025-08-03,2025-08-05,Medicare,4294.32,2,Paid
P11097,34,Female,New Jersey,Asthma,Keystone Medical Center,2025-08-03,2025-08-07,Medicaid,3436.66,4,Paid
P11170,74,Female,New Jersey,Cancer,Riverside Health,2025-08-03,2025-08-06,Commercial,16535.38,3,Pending
P11355,59,Female,Pennsylvania,High Cholesterol,Central PA Medical,2025-08-03,2025-08-07,Commercial,5634.64,4,Paid
P11385,83,Male,Ohio,Asthma,Riverside Health,2025-08-03,2025-08-17,Self-Pay,12944.13,14,Paid
P11431,59,Female,New York,Pneumonia,Penn Valley Hospital,2025-08-03,2025-08-09,Medicare,10029.64,6,Paid
P10007,73,Female,Pennsylvania,Pneumonia,Riverside Health,2025-08-04,2025-08-12,Medicaid,8974.15,8,Paid
P10028,78,Female,Pennsylvania,Pneumonia,Central PA Medical,2025-08-04,2025-08-10,Medicaid,7687.11,6,Paid
P10111,52,Male,Ohio,Cancer,Penn Valley Hospital,2025-08-04,2025-08-06,Medicaid,16325.17,2,Paid
P10230,57,Female,Pennsylvania,Hypertension,Penn Valley Hospital,2025-08-04,2025-08-15,Commercial,9294.8,11,Paid
P10265,59,Female,Pennsylvania,High Cholesterol,Valley Care Hospital,2025-08-04,2025-08-09,Commercial,6290.6,5,Denied
P10319,28,Male,New Jersey,Kidney Disease,Central PA Medical,2025-08-04,2025-08-07,Commercial,8393.89,3,Paid
P10481,41,Female,Pennsylvania,Arthritis,Riverside Health,2025-08-04,2025-08-06,Commercial,3568.29,2,Denied
P10560,22,Female,Pennsylvania,Hypertension,Allegheny Health Center,2025-08-04,2025-08-07,Medicaid,4018.29,3,Pending
P10716,63,Female,New York,Kidney Disease,Harrisburg General Hospital,2025-08-04,2025-08-16,Commercial,16125.74,12,Paid
P10841,84,Male,New Jersey,Kidney Disease,Riverside Health,2025-08-04,2025-08-07,Medicare,7100.79,3,Denied
P10888,30,Female,Pennsylvania,Heart Disease,Keystone Medical Center,2025-08-04,2025-08-06,Commercial,9429.84,2,Paid
P10947,23,Female,Pennsylvania,Kidney Disease,Keystone Medical Center,2025-08-04,2025-08-17,Commercial,17177.91,13,Paid
P10997,30,Female,Pennsylvania,Asthma,Riverside Health,2025-08-04,2025-08-08,Medicaid,5159.46,4,Paid
P11252,44,Female,Ohio,COPD,Penn Valley Hospital,2025-08-04,2025-08-06,Medicaid,6197.95,2,Denied
P11368,42,Female,Pennsylvania,Hypertension,Riverside Health,2025-08-04,2025-08-09,Medicaid,7566.98,5,Paid
P11415,49,Female,Pennsylvania,Hypertension,Summit Health System,2025-08-04,2025-08-12,Medicare,9733.33,8,Paid
P11485,73,Female,Pennsylvania,Asthma,Valley Care Hospital,2025-08-04,2025-08-10,Commercial,5743.76,6,Paid
P10168,55,Male,New Jersey,Asthma,Central PA Medical,2025-08-05,2025-08-16,Commercial,8590.0,11,Paid
P10203,71,Male,Delaware,Pneumonia,Summit Health System,2025-08-05,2025-08-10,Commercial,9899.49,5,Paid
P10220,67,Female,Delaware,Heart Disease,Harrisburg General Hospital,2025-08-05,2025-08-10,Commercial,11138.91,5,Paid
P10281,56,Male,Virginia,High Cholesterol,Keystone Medical Center,2025-08-05,2025-08-13,Medicaid,8509.77,8,Paid
P10325,63,Male,New Jersey,Hypertension,Central PA Medical,2025-08-05,2025-08-11,Commercial,7314.97,6,Paid
P10457,35,Male,Pennsylvania,Diabetes,Riverside Health,2025-08-05,2025-08-08,Commercial,6907.2,3,Paid
P10480,83,Male,Pennsylvania,Diabetes,Penn Valley Hospital,2025-08-05,2025-08-18,Commercial,8077.54,13,Paid
P10538,71,Female,Maryland,Diabetes,Penn Valley Hospital,2025-08-05,2025-08-10,Commercial,6964.34,5,Paid
P10637,70,Female,Maryland,Asthma,Allegheny Health Center,2025-08-05,2025-08-07,Medicaid,2736.64,2,Paid
P10756,38,Male,Pennsylvania,COPD,Keystone Medical Center,2025-08-05,2025-08-12,Medicare,10549.14,7,Paid
P10799,24,Female,Ohio,High Cholesterol,Pinecrest Medical,2025-08-05,2025-08-06,Medicaid,2938.27,1,Paid
P10890,83,Male,New York,Diabetes,Community Care Hospital,2025-08-05,2025-08-06,Medicaid,2778.62,1,Pending
P11101,18,Female,Pennsylvania,Hypertension,Allegheny Health Center,2025-08-05,2025-08-09,Commercial,3859.71,4,Paid
P11214,60,Female,New Jersey,Asthma,Harrisburg General Hospital,2025-08-05,2025-08-07,Commercial,4121.65,2,Paid
P11418,24,Male,Pennsylvania,Diabetes,Central PA Medical,2025-08-05,2025-08-13,Commercial,6970.92,8,Paid
P10132,72,Female,Ohio,Arthritis,Penn Valley Hospital,2025-08-06,2025-08-07,Commercial,2848.36,1,Paid
P10212,61,Female,Pennsylvania,Heart Disease,Valley Care Hospital,2025-08-06,2025-08-12,Self-Pay,12114.39,6,Paid
P10322,26,Female,Pennsylvania,Kidney Disease,Harrisburg General Hospital,2025-08-06,2025-08-08,Self-Pay,8457.79,2,Paid
P10398,35,Female,Pennsylvania,Kidney Disease,Allegheny Health Center,2025-08-06,2025-08-12,Commercial,10338.19,6,Paid
P10535,81,Female,Pennsylvania,Arthritis,Central PA Medical,2025-08-06,2025-08-15,Medicaid,9976.69,9,Paid
P10600,60,Female,New Jersey,COPD,Riverside Health,2025-08-06,2025-08-16,Medicare,11522.64,10,Denied
P10611,67,Male,Ohio,Pneumonia,Central PA Medical,2025-08-06,2025-08-13,Medicare,8362.82,7,Pending
P10787,31,Female,Ohio,COPD,Penn Valley Hospital,2025-08-06,2025-08-07,Self-Pay,7355.05,1,Paid
P10808,29,Female,Pennsylvania,Hypertension,Valley Care Hospital,2025-08-06,2025-08-11,Commercial,4964.69,5,Denied
P10859,46,Female,Pennsylvania,Cancer,Harrisburg General Hospital,2025-08-06,2025-08-12,Medicare,19531.66,6,Denied
P11033,28,Female,Pennsylvania,Heart Disease,Community Care Hospital,2025-08-06,2025-08-09,Commercial,9810.02,3,Paid
P11042,38,Female,Pennsylvania,Arthritis,Keystone Medical Center,2025-08-06,2025-08-12,Medicare,6205.5,6,Paid
P11062,85,Female,New Jersey,Diabetes,Central PA Medical,2025-08-06,2025-08-11,Commercial,8211.3,5,Paid
P11065,61,Male,Maryland,Kidney Disease,Penn Valley Hospital,2025-08-06,2025-08-07,Medicaid,5748.41,1,Paid
P11215,60,Male,Pennsylvania,Kidney Disease,Pinecrest Medical,2025-08-06,2025-08-08,Medicaid,8309.14,2,Paid
P11404,41,Male,New York,Kidney Disease,Harrisburg General Hospital,2025-08-06,2025-08-08,Medicaid,8653.86,2,Paid
P10060,43,Male,Pennsylvania,Heart Disease,Pinecrest Medical,2025-08-07,2025-08-08,Medicare,9279.44,1,Pending
P10222,73,Female,Virginia,COPD,Summit Health System,2025-08-07,2025-08-10,Medicare,6392.05,3,Denied
P10396,41,Male,New York,Hypertension,Summit Health System,2025-08-07,2025-08-14,Medicare,8405.59,7,Paid
P10587,55,Male,Virginia,Diabetes,Community Care Hospital,2025-08-07,2025-08-19,Medicare,9260.88,12,Paid
P10604,25,Male,Pennsylvania,Pneumonia,Valley Care Hospital,2025-08-07,2025-08-11,Medicare,8021.94,4,Paid
P11033,57,Male,New Jersey,Arthritis,Keystone Medical Center,2025-08-07,2025-08-13,Commercial,4991.02,6,Pending
P11101,31,Male,Pennsylvania,Arthritis,Pinecrest Medical,2025-08-07,2025-08-14,Medicare,8797.43,7,Paid
P11120,22,Female,Pennsylvania,Heart Disease,Pinecrest Medical,2025-08-07,2025-08-10,Commercial,11351.7,3,Paid
P10027,22,Male,Pennsylvania,Pneumonia,Valley Care Hospital,2025-08-08,2025-08-19,Commercial,16274.93,11,Paid
P10088,38,Male,Virginia,Cancer,Summit Health System,2025-08-08,2025-08-14,Commercial,16327.65,6,Paid
P10114,28,Male,Pennsylvania,High Cholesterol,Riverside Health,2025-08-08,2025-08-09,Medicaid,2226.89,1,Paid
P10187,18,Female,Maryland,Cancer,Allegheny Health Center,2025-08-08,2025-08-10,Medicare,16665.26,2,Pending
P10214,80,Female,New Jersey,Arthritis,Penn Valley Hospital,2025-08-08,2025-08-11,Commercial,4496.08,3,Pending
P10222,51,Female,Pennsylvania,Asthma,Valley Care Hospital,2025-08-08,2025-08-13,Commercial,3309.71,5,Paid
P10317,41,Female,Virginia,Kidney Disease,Allegheny Health Center,2025-08-08,2025-08-15,Commercial,9168.1,7,Denied
P10373,45,Male,Pennsylvania,Hypertension,Allegheny Health Center,2025-08-08,2025-08-15,Commercial,5021.41,7,Pending
P10538,22,Female,New York,High Cholesterol,Summit Health System,2025-08-08,2025-08-11,Medicare,3287.11,3,Denied
P10538,54,Female,Pennsylvania,High Cholesterol,Pinecrest Medical,2025-08-08,2025-08-13,Commercial,5008.83,5,Paid
P10646,69,Male,Pennsylvania,Hypertension,Summit Health System,2025-08-08,2025-08-09,Medicaid,1382.69,1,Paid
P10780,41,Male,Ohio,Hypertension,Allegheny Health Center,2025-08-08,2025-08-11,Commercial,4998.25,3,Paid
P11087,45,Male,Pennsylvania,Heart Disease,Keystone Medical Center,2025-08-08,2025-08-13,Commercial,10306.47,5,Paid
P11124,23,Female,Maryland,High Cholesterol,Valley Care Hospital,2025-08-08,2025-08-14,Medicare,7457.28,6,Denied
P11139,25,Female,New York,COPD,Pinecrest Medical,2025-08-08,2025-08-10,Medicaid,6247.2,2,Pending
P11350,45,Male,Pennsylvania,COPD,Central PA Medical,2025-08-08,2025-08-10,Medicaid,8778.35,2,Paid
P10176,40,Male,New Jersey,COPD,Central PA Medical,2025-08-09,2025-08-10,Medicare,7339.16,1,Paid
P10398,65,Female,Pennsylvania,Cancer,Valley Care Hospital,2025-08-09,2025-08-10,Self-Pay,15231.14,1,Paid
P10791,85,Female,Delaware,Cancer,Harrisburg General Hospital,2025-08-09,2025-08-22,Medicare,23842.24,13,Denied
P10885,26,Female,Maryland,High Cholesterol,Community Care Hospital,2025-08-09,2025-08-13,Commercial,4365.99,4,Paid
P10921,21,Female,Pennsylvania,Pneumonia,Central PA Medical,2025-08-09,2025-08-12,Commercial,7544.13,3,Paid
P10996,34,Female,Pennsylvania,Hypertension,Central PA Medical,2025-08-09,2025-08-13,Commercial,5444.53,4,Paid
P11086,85,Male,Pennsylvania,COPD,Riverside Health,2025-08-09,2025-08-10,Commercial,5220.12,1,Paid
P11178,41,Male,Pennsylvania,Arthritis,Community Care Hospital,2025-08-09,2025-08-12,Medicare,4639.13,3,Paid
P11255,69,Male,Virginia,Cancer,Keystone Medical Center,2025-08-09,2025-08-11,Medicaid,16352.78,2,Paid
P11277,55,Female,New York,Asthma,Keystone Medical Center,2025-08-09,2025-08-14,Commercial,3402.09,5,Paid
P11416,36,Female,Ohio,Diabetes,Summit Health System,2025-08-09,2025-08-11,Medicaid,3462.19,2,Paid
P10008,79,Male,Pennsylvania,Arthritis,Community Care Hospital,2025-08-10,2025-08-19,Medicare,8187.6,9,Paid
P10247,75,Male,New Jersey,Asthma,Valley Care Hospital,2025-08-10,2025-08-13,Commercial,2492.1,3,Paid
P10398,42,Male,Maryland,Hypertension,Riverside Health,2025-08-10,2025-08-15,Commercial,4757.22,5,Paid
P10427,36,Male,Pennsylvania,Kidney Disease,Allegheny Health Center,2025-08-10,2025-08-15,Commercial,11342.23,5,Paid
P10688,85,Female,New Jersey,COPD,Harrisburg General Hospital,2025-08-10,2025-08-13,Medicare,8395.04,3,Pending
P10809,38,Female,New York,Asthma,Allegheny Health Center,2025-08-10,2025-08-13,Medicaid,5147.76,3,Paid
P10883,59,Female,Maryland,Hypertension,Harrisburg General Hospital,2025-08-10,2025-08-14,Commercial,5787.13,4,Paid
P10961,47,Male,New York,Asthma,Penn Valley Hospital,2025-08-10,2025-08-17,Commercial,6934.94,7,Paid
P11033,19,Female,Pennsylvania,Heart Disease,Keystone Medical Center,2025-08-10,2025-08-11,Medicare,9037.54,1,Paid
P11056,68,Female,Ohio,Arthritis,Riverside Health,2025-08-10,2025-08-15,Medicare,3537.83,5,Denied
P11195,37,Female,New Jersey,Diabetes,Community Care Hospital,2025-08-10,2025-08-16,Commercial,8714.56,6,Pending
P11217,73,Male,Virginia,Hypertension,Central PA Medical,2025-08-10,2025-08-16,Commercial,7084.01,6,Denied
P11222,42,Female,New Jersey,COPD,Harrisburg General Hospital,2025-08-10,2025-08-14,Commercial,8946.46,4,Paid
P11257,59,Male,Ohio,Kidney Disease,Pinecrest Medical,2025-08-10,2025-08-12,Commercial,7996.49,2,Paid
P11392,25,Female,Pennsylvania,Kidney Disease,Valley Care Hospital,2025-08-10,2025-08-17,Medicaid,10385.58,7,Paid
P11392,24,Female,Pennsylvania,Hypertension,Penn Valley Hospital,2025-08-10,2025-08-11,Medicaid,2321.27,1,Paid
P10251,31,Female,Pennsylvania,COPD,Pinecrest Medical,2025-08-11,2025-08-16,Self-Pay,7892.36,5,Paid
P10411,80,Female,New York,Asthma,Pinecrest Medical,2025-08-11,2025-08-15,Commercial,3552.84,4,Paid
P10438,52,Female,Pennsylvania,COPD,Penn Valley Hospital,2025-08-11,2025-08-15,Medicaid,9212.06,4,Paid
P10488,74,Male,New Jersey,COPD,Valley Care Hospital,2025-08-11,2025-08-12,Medicare,6444.27,1,Paid
P10580,82,Male,Pennsylvania,Pneumonia,Summit Health System,2025-08-11,2025-08-12,Medicare,7647.36,1,Paid
P10619,70,Female,Pennsylvania,Hypertension,Keystone Medical Center,2025-08-11,2025-08-21,Medicare,7045.09,10,Paid
P10639,37,Female,New Jersey,Kidney Disease,Community Care Hospital,2025-08-11,2025-08-16,Commercial,11649.63,5,Paid
P10739,47,Male,Pennsylvania,Heart Disease,Riverside Health,2025-08-11,2025-08-14,Medicare,10855.61,3,Paid
P10819,52,Male,Delaware,High Cholesterol,Summit Health System,2025-08-11,2025-08-13,Commercial,3437.55,2,Paid
P10906,51,Female,Ohio,Asthma,Riverside Health,2025-08-11,2025-08-20,Medicaid,7560.75,9,Paid
P11065,71,Female,Pennsylvania,Kidney Disease,Community Care Hospital,2025-08-11,2025-08-18,Commercial,11926.25,7,Pending
P11118,76,Male,Maryland,Kidney Disease,Riverside Health,2025-08-11,2025-08-17,Medicare,12384.04,6,Paid
P11161,28,Male,Pennsylvania,Kidney Disease,Penn Valley Hospital,2025-08-11,2025-08-20,Medicare,11002.17,9,Paid
P11215,40,Female,Delaware,Asthma,Summit Health System,2025-08-11,2025-08-22,Medicare,11856.31,11,Paid
P11323,69,Male,New Jersey,Pneumonia,Community Care Hospital,2025-08-11,2025-08-17,Commercial,11473.54,6,Paid
P11482,32,Female,Virginia,Asthma,Valley Care Hospital,2025-08-11,2025-08-13,Medicare,4245.27,2,Pending
P10020,70,Male,New York,Hypertension,Summit Health System,2025-08-12,2025-08-13,Commercial,3708.59,1,Pending
P10064,67,Female,New Jersey,Kidney Disease,Penn Valley Hospital,2025-08-12,2025-08-16,Medicare,11473.94,4,Denied
P10241,71,Male,Pennsylvania,Pneumonia,Penn Valley Hospital,2025-08-12,2025-08-14,Commercial,6535.49,2,Paid
P10252,28,Male,Pennsylvania,Diabetes,Riverside Health,2025-08-12,2025-08-14,Medicaid,4461.0,2,Paid
P10291,73,Female,Pennsylvania,Asthma,Penn Valley Hospital,2025-08-12,2025-08-16,Medicaid,4448.88,4,Paid
P10336,70,Female,Pennsylvania,Arthritis,Riverside Health,2025-08-12,2025-08-19,Medicaid,8141.49,7,Pending
P10393,38,Female,Pennsylvania,Diabetes,Keystone Medical Center,2025-08-12,2025-08-16,Commercial,6012.56,4,Pending
P10476,41,Male,Pennsylvania,Arthritis,Valley Care Hospital,2025-08-12,2025-08-15,Medicaid,4946.44,3,Paid
P10769,37,Male,New York,COPD,Community Care Hospital,2025-08-12,2025-08-16,Medicare,7460.9,4,Paid
P10883,53,Female,New Jersey,Cancer,Penn Valley Hospital,2025-08-12,2025-08-19,Medicare,16372.85,7,Paid
P10938,57,Male,Pennsylvania,Kidney Disease,Valley Care Hospital,2025-08-12,2025-08-19,Commercial,13367.92,7,Paid
P11023,50,Male,New Jersey,Hypertension,Summit Health System,2025-08-12,2025-08-15,Commercial,4400.82,3,Paid
P11114,30,Male,Pennsylvania,COPD,Harrisburg General Hospital,2025-08-12,2025-08-18,Commercial,8824.87,6,Paid
P11192,56,Male,Ohio,Diabetes,Valley Care Hospital,2025-08-12,2025-08-15,Medicaid,5424.97,3,Pending
P11194,35,Male,Ohio,Cancer,Summit Health System,2025-08-12,2025-08-15,Commercial,17381.69,3,Pending
P11290,50,Female,Maryland,COPD,Summit Health System,2025-08-12,2025-08-15,Medicaid,7435.3,3,Paid
P11470,37,Male,Pennsylvania,Kidney Disease,Central PA Medical,2025-08-12,2025-08-25,Commercial,17905.29,13,Paid
P10041,23,Male,Virginia,Hypertension,Pinecrest Medical,2025-08-13,2025-08-19,Medicare,7871.14,6,Paid
P10062,39,Female,New Jersey,Hypertension,Penn Valley Hospital,2025-08-13,2025-08-18,Commercial,6195.96,5,Paid
P10152,30,Female,Delaware,Cancer,Allegheny Health Center,2025-08-13,2025-08-19,Commercial,18839.51,6,Paid
P10304,69,Male,New Jersey,Diabetes,Penn Valley Hospital,2025-08-13,2025-08-20,Commercial,6365.74,7,Paid
P10513,47,Female,Pennsylvania,Pneumonia,Harrisburg General Hospital,2025-08-13,2025-08-16,Medicare,7395.5,3,Paid
P10687,23,Female,Pennsylvania,Cancer,Central PA Medical,2025-08-13,2025-08-21,Commercial,20953.22,8,Denied
P10697,80,Male,Pennsylvania,Kidney Disease,Community Care Hospital,2025-08-13,2025-08-14,Medicaid,7665.52,1,Paid
P10797,39,Female,New Jersey,Hypertension,Community Care Hospital,2025-08-13,2025-08-22,Medicaid,7006.44,9,Paid
P10907,71,Female,Virginia,Hypertension,Riverside Health,2025-08-13,2025-08-15,Commercial,2162.96,2,Pending
P11083,19,Male,Pennsylvania,High Cholesterol,Summit Health System,2025-08-13,2025-08-15,Commercial,3562.73,2,Paid
P11144,39,Female,New Jersey,Pneumonia,Harrisburg General Hospital,2025-08-13,2025-08-15,Commercial,6768.37,2,Paid
P11318,43,Female,Pennsylvania,Arthritis,Keystone Medical Center,2025-08-13,2025-08-14,Medicare,1663.97,1,Paid
P10043,73,Male,Virginia,COPD,Riverside Health,2025-08-14,2025-08-15,Commercial,8764.44,1,Paid
P10081,67,Male,Virginia,Kidney Disease,Allegheny Health Center,2025-08-14,2025-08-18,Medicare,9978.53,4,Paid
P10264,69,Male,Maryland,Asthma,Pinecrest Medical,2025-08-14,2025-08-18,Commercial,5249.4,4,Denied
P10314,78,Male,Ohio,COPD,Harrisburg General Hospital,2025-08-14,2025-08-17,Medicare,8409.78,3,Paid
P10369,53,Female,Ohio,Asthma,Community Care Hospital,2025-08-14,2025-08-15,Medicaid,2742.14,1,Pending
P10644,46,Female,New York,Asthma,Central PA Medical,2025-08-14,2025-08-15,Medicaid,1381.53,1,Paid
P10653,22,Male,New York,COPD,Allegheny Health Center,2025-08-14,2025-08-19,Medicaid,10807.94,5,Denied
P10725,85,Female,New Jersey,Hypertension,Valley Care Hospital,2025-08-14,2025-08-16,Commercial,5273.04,2,Paid
P10786,81,Female,New Jersey,Pneumonia,Central PA Medical,2025-08-14,2025-08-15,Self-Pay,6669.58,1,Pending
P10822,71,Female,Pennsylvania,Arthritis,Community Care Hospital,2025-08-14,2025-08-18,Commercial,7015.28,4,Paid
P11031,54,Female,Ohio,Diabetes,Summit Health System,2025-08-14,2025-08-17,Commercial,5401.74,3,Paid
P11171,44,Female,Pennsylvania,Heart Disease,Allegheny Health Center,2025-08-14,2025-08-17,Medicare,11467.93,3,Paid
P11243,46,Female,Pennsylvania,Hypertension,Pinecrest Medical,2025-08-14,2025-08-16,Commercial,4848.07,2,Paid
P11308,43,Male,Pennsylvania,Kidney Disease,Harrisburg General Hospital,2025-08-14,2025-08-18,Commercial,10094.64,4,Paid
P11356,79,Male,Ohio,High Cholesterol,Penn Valley Hospital,2025-08-14,2025-08-15,Commercial,2520.22,1,Paid
P10124,55,Male,Delaware,COPD,Community Care Hospital,2025-08-15,2025-08-20,Medicare,9193.0,5,Paid
P10202,25,Female,Pennsylvania,Asthma,Community Care Hospital,2025-08-15,2025-08-21,Medicaid,3581.0,6,Paid
P10243,35,Male,Maryland,Arthritis,Allegheny Health Center,2025-08-15,2025-08-27,Medicaid,10905.31,12,Paid
P10252,85,Female,Pennsylvania,Arthritis,Central PA Medical,2025-08-15,2025-08-20,Self-Pay,2986.78,5,Pending
P10289,35,Male,Pennsylvania,Pneumonia,Pinecrest Medical,2025-08-15,2025-08-16,Commercial,6179.91,1,Pending
P10468,69,Male,New Jersey,High Cholesterol,Keystone Medical Center,2025-08-15,2025-08-19,Medicare,4609.57,4,Paid
P10472,62,Male,Virginia,High Cholesterol,Allegheny Health Center,2025-08-15,2025-08-16,Commercial,3534.36,1,Paid
P10585,18,Female,Maryland,High Cholesterol,Valley Care Hospital,2025-08-15,2025-08-18,Medicare,4419.35,3,Paid
P10654,58,Female,Delaware,Cancer,Summit Health System,2025-08-15,2025-08-19,Medicare,18186.32,4,Pending
P10656,18,Female,Delaware,Heart Disease,Community Care Hospital,2025-08-15,2025-08-20,Commercial,11727.02,5,Paid
P10701,71,Female,New Jersey,COPD,Allegheny Health Center,2025-08-15,2025-08-24,Medicaid,9327.12,9,Paid
P10715,82,Female,Pennsylvania,Heart Disease,Community Care Hospital,2025-08-15,2025-08-18,Medicaid,8532.88,3,Paid
P10793,61,Male,New York,Cancer,Keystone Medical Center,2025-08-15,2025-08-16,Commercial,14132.38,1,Denied
P10819,19,Male,New Jersey,High Cholesterol,Riverside Health,2025-08-15,2025-08-18,Medicare,2907.1,3,Paid
P10873,71,Female,Pennsylvania,Asthma,Harrisburg General Hospital,2025-08-15,2025-08-18,Commercial,3890.41,3,Paid
P11024,28,Male,Pennsylvania,Arthritis,Harrisburg General Hospital,2025-08-15,2025-08-21,Commercial,6332.48,6,Paid
P11083,55,Female,Ohio,Diabetes,Harrisburg General Hospital,2025-08-15,2025-08-22,Commercial,5326.96,7,Paid
P11126,53,Female,New York,Kidney Disease,Harrisburg General Hospital,2025-08-15,2025-08-22,Commercial,9905.68,7,Paid
P11427,25,Male,New Jersey,High Cholesterol,Central PA Medical,2025-08-15,2025-08-18,Medicaid,5030.15,3,Paid
P10031,30,Male,Pennsylvania,Hypertension,Pinecrest Medical,2025-08-16,2025-08-17,Self-Pay,3650.74,1,Pending
P10095,18,Male,Pennsylvania,Arthritis,Central PA Medical,2025-08-16,2025-08-17,Medicaid,578.05,1,Pending
P10226,68,Female,Pennsylvania,Kidney Disease,Allegheny Health Center,2025-08-16,2025-08-18,Commercial,7916.33,2,Paid
P10234,50,Female,Pennsylvania,Diabetes,Keystone Medical Center,2025-08-16,2025-08-25,Commercial,10793.55,9,Pending
P10371,23,Female,New Jersey,High Cholesterol,Allegheny Health Center,2025-08-16,2025-08-27,Commercial,5068.69,11,Paid
P10584,35,Female,Virginia,Kidney Disease,Valley Care Hospital,2025-08-16,2025-08-21,Commercial,10942.63,5,Pending
P10601,58,Female,Pennsylvania,Cancer,Riverside Health,2025-08-16,2025-08-19,Medicaid,16514.72,3,Pending
P10767,20,Male,Pennsylvania,Cancer,Summit Health System,2025-08-16,2025-08-20,Commercial,17280.28,4,Paid
P10784,57,Female,Maryland,Heart Disease,Central PA Medical,2025-08-16,2025-08-20,Self-Pay,9078.48,4,Paid
P10802,46,Male,Pennsylvania,Cancer,Community Care Hospital,2025-08-16,2025-08-19,Commercial,16830.66,3,Paid
P10912,81,Female,New Jersey,Kidney Disease,Riverside Health,2025-08-16,2025-08-17,Medicare,7737.35,1,Paid
P11067,76,Male,Pennsylvania,Pneumonia,Keystone Medical Center,2025-08-16,2025-08-19,Medicaid,7334.63,3,Paid
P11130,81,Female,Pennsylvania,Hypertension,Riverside Health,2025-08-16,2025-08-21,Medicare,4535.35,5,Paid
P11460,71,Male,New Jersey,Asthma,Harrisburg General Hospital,2025-08-16,2025-08-27,Commercial,8022.22,11,Paid
P10121,69,Male,Delaware,Heart Disease,Summit Health System,2025-08-17,2025-08-20,Self-Pay,10348.45,3,Paid
P10147,34,Female,Pennsylvania,High Cholesterol,Pinecrest Medical,2025-08-17,2025-08-23,Self-Pay,4895.55,6,Pending
P10230,31,Female,Pennsylvania,Heart Disease,Penn Valley Hospital,2025-08-17,2025-08-29,Medicare,15973.71,12,Denied
P10437,71,Male,Pennsylvania,Diabetes,Central PA Medical,2025-08-17,2025-08-23,Medicaid,7031.97,6,Paid
P10661,20,Male,Pennsylvania,High Cholesterol,Allegheny Health Center,2025-08-17,2025-08-21,Commercial,4973.58,4,Denied
P10967,43,Female,Pennsylvania,Diabetes,Summit Health System,2025-08-17,2025-08-21,Commercial,6612.92,4,Paid
P10980,60,Female,Pennsylvania,High Cholesterol,Harrisburg General Hospital,2025-08-17,2025-08-22,Medicaid,3500.42,5,Paid
P11114,41,Female,Maryland,Heart Disease,Valley Care Hospital,2025-08-17,2025-08-25,Commercial,15754.18,8,Paid
P11161,74,Female,New York,Asthma,Riverside Health,2025-08-17,2025-08-18,Commercial,2779.58,1,Paid
P11197,54,Male,Pennsylvania,Kidney Disease,Keystone Medical Center,2025-08-17,2025-08-19,Medicare,8568.27,2,Paid
P11243,68,Female,Virginia,Hypertension,Penn Valley Hospital,2025-08-17,2025-08-19,Medicaid,3018.13,2,Paid
P11409,20,Male,Maryland,High Cholesterol,Community Care Hospital,2025-08-17,2025-08-19,Medicare,3471.41,2,Pending
P11471,31,Male,Pennsylvania,COPD,Pinecrest Medical,2025-08-17,2025-08-20,Medicare,6347.06,3,Paid
P11492,25,Female,Pennsylvania,High Cholesterol,Riverside Health,2025-08-17,2025-08-20,Medicaid,4617.6,3,Paid
P10014,34,Male,Pennsylvania,High Cholesterol,Community Care Hospital,2025-08-18,2025-08-22,Medicare,5474.1,4,Paid
P10079,49,Female,Pennsylvania,Cancer,Keystone Medical Center,2025-08-18,2025-08-30,Medicaid,19209.44,12,Paid
P10238,22,Male,Delaware,Pneumonia,Central PA Medical,2025-08-18,2025-08-31,Commercial,12959.84,13,Paid
P10293,70,Female,Pennsylvania,Diabetes,Keystone Medical Center,2025-08-18,2025-08-30,Commercial,8672.99,12,Pending
P10460,42,Female,New Jersey,Diabetes,Central PA Medical,2025-08-18,2025-08-26,Commercial,11207.38,8,Paid
P10937,45,Female,Maryland,Heart Disease,Riverside Health,2025-08-18,2025-08-22,Commercial,11238.03,4,Paid
P11191,55,Female,Virginia,Diabetes,Pinecrest Medical,2025-08-18,2025-08-23,Medicaid,5180.7,5,Paid
P11196,21,Female,Maryland,Kidney Disease,Riverside Health,2025-08-18,2025-08-20,Medicare,7820.48,2,Paid
P11201,41,Male,New Jersey,COPD,Summit Health System,2025-08-18,2025-08-24,Commercial,10362.61,6,Paid
P11238,70,Male,New York,Cancer,Valley Care Hospital,2025-08-18,2025-08-21,Medicare,15381.43,3,Paid
P10065,48,Female,New Jersey,Kidney Disease,Central PA Medical,2025-08-19,2025-08-20,Commercial,6983.36,1,Paid
P10092,23,Male,Maryland,High Cholesterol,Summit Health System,2025-08-19,2025-08-21,Commercial,3908.4,2,Paid
P10125,27,Male,Pennsylvania,Heart Disease,Community Care Hospital,2025-08-19,2025-08-22,Commercial,11282.59,3,Pending
P10278,23,Male,Pennsylvania,Asthma,Riverside Health,2025-08-19,2025-08-24,Medicare,4125.42,5,Paid
P10518,77,Male,New Jersey,Pneumonia,Summit Health System,2025-08-19,2025-08-29,Commercial,15770.15,10,Paid
P10802,36,Female,Maryland,Heart Disease,Penn Valley Hospital,2025-08-19,2025-08-22,Medicare,12427.81,3,Paid
P10921,79,Male,Virginia,Cancer,Penn Valley Hospital,2025-08-19,2025-08-28,Medicaid,18312.96,9,Paid
P10945,23,Male,Pennsylvania,Diabetes,Central PA Medical,2025-08-19,2025-08-20,Commercial,4412.5,1,Paid
P10954,20,Female,Pennsylvania,Kidney Disease,Allegheny Health Center,2025-08-19,2025-08-21,Commercial,8440.6,2,Denied
P10973,74,Male,Pennsylvania,Heart Disease,Community Care Hospital,2025-08-19,2025-08-27,Medicare,14154.25,8,Paid
P11088,32,Female,Virginia,Asthma,Pinecrest Medical,2025-08-19,2025-08-26,Commercial,5058.09,7,Paid
P11253,26,Male,Delaware,Asthma,Community Care Hospital,2025-08-19,2025-08-22,Medicare,2720.07,3,Paid
P11408,30,Male,Pennsylvania,Asthma,Riverside Health,2025-08-19,2025-08-22,Commercial,2643.41,3,Paid
P11429,51,Male,Pennsylvania,High Cholesterol,Allegheny Health Center,2025-08-19,2025-08-21,Medicare,1932.81,2,Denied
P10203,69,Male,New York,Heart Disease,Pinecrest Medical,2025-08-20,2025-08-22,Medicare,9810.26,2,Denied
P10284,63,Male,New Jersey,Hypertension,Pinecrest Medical,2025-08-20,2025-08-26,Medicare,5992.06,6,Denied
P10291,83,Male,Delaware,Heart Disease,Penn Valley Hospital,2025-08-20,2025-08-25,Commercial,10229.25,5,Paid
P10606,46,Male,New York,Kidney Disease,Summit Health System,2025-08-20,2025-09-01,Medicare,17226.34,12,Paid
P10646,25,Female,Ohio,Asthma,Harrisburg General Hospital,2025-08-20,2025-08-26,Medicaid,6104.7,6,Paid
P10651,80,Female,Pennsylvania,Heart Disease,Riverside Health,2025-08-20,2025-08-29,Medicare,14190.68,9,Pending
P10893,41,Female,New Jersey,Arthritis,Central PA Medical,2025-08-20,2025-08-28,Commercial,7986.4,8,Paid
P10974,82,Female,New York,Cancer,Pinecrest Medical,2025-08-20,2025-08-27,Medicare,20949.14,7,Paid
P11065,37,Male,Maryland,Arthritis,Riverside Health,2025-08-20,2025-08-25,Commercial,5019.91,5,Paid
P11131,21,Female,New Jersey,Asthma,Harrisburg General Hospital,2025-08-20,2025-08-23,Commercial,4050.61,3,Paid
P11252,66,Female,Ohio,Arthritis,Penn Valley Hospital,2025-08-20,2025-08-21,Medicare,3087.17,1,Paid
P10092,46,Female,Pennsylvania,Heart Disease,Summit Health System,2025-08-21,2025-08-29,Medicare,9489.14,8,Paid
P10238,39,Male,New York,COPD,Harrisburg General Hospital,2025-08-21,2025-08-27,Commercial,9800.47,6,Pending
P10269,48,Male,Ohio,Heart Disease,Community Care Hospital,2025-08-21,2025-08-26,Medicare,13445.99,5,Denied
P10471,24,Female,New York,Heart Disease,Pinecrest Medical,2025-08-21,2025-08-30,Commercial,14013.52,9,Paid
P10472,40,Male,New York,Pneumonia,Central PA Medical,2025-08-21,2025-08-22,Commercial,7197.51,1,Paid
P10531,63,Female,Pennsylvania,Pneumonia,Allegheny Health Center,2025-08-21,2025-08-29,Commercial,10442.19,8,Pending
P10644,46,Female,Pennsylvania,Pneumonia,Pinecrest Medical,2025-08-21,2025-08-23,Commercial,6864.5,2,Paid
P10674,68,Male,Pennsylvania,High Cholesterol,Allegheny Health Center,2025-08-21,2025-08-24,Self-Pay,3862.32,3,Paid
P10736,77,Female,New York,Cancer,Allegheny Health Center,2025-08-21,2025-08-22,Medicare,13786.61,1,Pending
P10940,70,Male,New Jersey,Hypertension,Penn Valley Hospital,2025-08-21,2025-08-23,Commercial,4486.14,2,Paid
P10945,38,Female,Pennsylvania,Kidney Disease,Harrisburg General Hospital,2025-08-21,2025-08-24,Medicaid,7852.53,3,Paid
P11106,77,Male,Pennsylvania,Asthma,Harrisburg General Hospital,2025-08-21,2025-08-25,Commercial,4300.51,4,Paid
P11117,37,Male,New York,Kidney Disease,Pinecrest Medical,2025-08-21,2025-08-30,Medicaid,13402.91,9,Pending
P11222,27,Female,Pennsylvania,Hypertension,Penn Valley Hospital,2025-08-21,2025-08-23,Medicare,3388.56,2,Paid
P11248,83,Female,Pennsylvania,Hypertension,Allegheny Health Center,2025-08-21,2025-08-22,Medicare,3956.15,1,Paid
P11249,23,Female,Virginia,Cancer,Valley Care Hospital,2025-08-21,2025-08-28,Commercial,20408.1,7,Paid
P11398,65,Male,Pennsylvania,Hypertension,Community Care Hospital,2025-08-21,2025-08-25,Commercial,4132.16,4,Paid
P11413,18,Male,New Jersey,Kidney Disease,Riverside Health,2025-08-21,2025-08-22,Medicare,8244.58,1,Paid
P11474,28,Male,New Jersey,Kidney Disease,Central PA Medical,2025-08-21,2025-08-29,Medicaid,13389.76,8,Paid
P10270,42,Male,Maryland,Diabetes,Allegheny Health Center,2025-08-22,2025-08-27,Commercial,4585.41,5,Paid
P10469,20,Female,New Jersey,COPD,Pinecrest Medical,2025-08-22,2025-08-23,Medicare,5950.31,1,Denied
P10560,40,Female,New York,Heart Disease,Penn Valley Hospital,2025-08-22,2025-08-23,Self-Pay,8112.14,1,Paid
P10723,84,Female,Pennsylvania,High Cholesterol,Harrisburg General Hospital,2025-08-22,2025-08-30,Medicaid,6455.27,8,Paid
P10874,29,Female,New York,Asthma,Keystone Medical Center,2025-08-22,2025-09-04,Medicare,11953.14,13,Denied
P10929,51,Male,New York,Arthritis,Harrisburg General Hospital,2025-08-22,2025-08-25,Medicaid,4468.17,3,Paid
P11052,83,Male,New Jersey,COPD,Riverside Health,2025-08-22,2025-08-27,Commercial,8519.58,5,Paid
P11078,24,Male,Pennsylvania,High Cholesterol,Allegheny Health Center,2025-08-22,2025-08-29,Commercial,3619.0,7,Pending
P11291,35,Male,New York,Arthritis,Allegheny Health Center,2025-08-22,2025-08-24,Medicaid,2137.01,2,Paid
P11302,38,Female,New Jersey,Heart Disease,Penn Valley Hospital,2025-08-22,2025-08-29,Medicare,13546.3,7,Paid
P10402,53,Male,Pennsylvania,Diabetes,Community Care Hospital,2025-08-23,2025-08-28,Commercial,5149.39,5,Paid
P10629,38,Female,Pennsylvania,Heart Disease,Allegheny Health Center,2025-08-23,2025-09-04,Medicaid,13401.48,12,Denied
P10649,72,Male,Ohio,COPD,Keystone Medical Center,2025-08-23,2025-08-25,Medicaid,8520.56,2,Paid
P10715,31,Female,Pennsylvania,Kidney Disease,Riverside Health,2025-08-23,2025-08-29,Medicaid,11459.16,6,Paid
P10800,56,Male,Maryland,COPD,Penn Valley Hospital,2025-08-23,2025-08-31,Commercial,10614.16,8,Paid
P10869,64,Female,New Jersey,Diabetes,Central PA Medical,2025-08-23,2025-08-24,Commercial,4862.88,1,Paid
P10995,46,Male,Pennsylvania,Asthma,Community Care Hospital,2025-08-23,2025-08-24,Medicaid,2509.49,1,Paid
P11065,57,Male,Maryland,Pneumonia,Penn Valley Hospital,2025-08-23,2025-08-26,Commercial,8010.63,3,Paid
P11069,18,Female,Pennsylvania,Cancer,Riverside Health,2025-08-23,2025-08-28,Medicaid,19446.62,5,Pending
P11257,31,Female,Pennsylvania,Cancer,Community Care Hospital,2025-08-23,2025-08-28,Commercial,19372.69,5,Pending
P11278,38,Female,Maryland,COPD,Harrisburg General Hospital,2025-08-23,2025-08-27,Commercial,8632.19,4,Paid
P11303,39,Male,Pennsylvania,Pneumonia,Keystone Medical Center,2025-08-23,2025-08-25,Medicare,7390.59,2,Pending
P11451,47,Female,Pennsylvania,Cancer,Harrisburg General Hospital,2025-08-23,2025-08-26,Commercial,15875.45,3,Denied
P10081,30,Female,Pennsylvania,Pneumonia,Central PA Medical,2025-08-24,2025-08-30,Self-Pay,8009.75,6,Denied
P10183,34,Female,Pennsylvania,Arthritis,Summit Health System,2025-08-24,2025-08-30,Medicaid,7607.52,6,Paid
P10425,43,Female,New Jersey,Cancer,Keystone Medical Center,2025-08-24,2025-08-26,Medicare,17176.17,2,Paid
P10446,66,Female,Ohio,Cancer,Allegheny Health Center,2025-08-24,2025-08-30,Commercial,17856.57,6,Paid
P10630,34,Female,Pennsylvania,Kidney Disease,Riverside Health,2025-08-24,2025-08-27,Commercial,7929.74,3,Paid
P10731,43,Female,Maryland,Asthma,Penn Valley Hospital,2025-08-24,2025-08-29,Commercial,6057.54,5,Paid
P10874,64,Female,Pennsylvania,Hypertension,Central PA Medical,2025-08-24,2025-09-01,Medicare,8283.4,8,Paid
P11113,52,Male,Pennsylvania,Cancer,Harrisburg General Hospital,2025-08-24,2025-08-30,Commercial,18913.33,6,Paid
P11122,68,Female,Delaware,COPD,Riverside Health,2025-08-24,2025-08-28,Medicare,10205.92,4,Paid
P11125,57,Male,New Jersey,Pneumonia,Valley Care Hospital,2025-08-24,2025-08-29,Commercial,7964.74,5,Paid
P11129,80,Male,Pennsylvania,Heart Disease,Central PA Medical,2025-08-24,2025-09-01,Medicaid,12253.1,8,Paid
P11498,42,Male,Virginia,High Cholesterol,Central PA Medical,2025-08-24,2025-08-27,Commercial,5172.87,3,Paid
P10009,83,Female,New York,Pneumonia,Harrisburg General Hospital,2025-08-25,2025-09-01,Medicaid,11513.07,7,Paid
P10110,74,Female,Pennsylvania,Asthma,Penn Valley Hospital,2025-08-25,2025-09-03,Commercial,10503.7,9,Paid
P10206,62,Female,Virginia,Cancer,Allegheny Health Center,2025-08-25,2025-08-26,Commercial,14032.24,1,Paid
P10356,78,Male,Pennsylvania,Heart Disease,Pinecrest Medical,2025-08-25,2025-08-31,Medicare,12690.37,6,Paid
P10534,42,Male,New Jersey,Heart Disease,Community Care Hospital,2025-08-25,2025-08-28,Commercial,10475.1,3,Paid
P10566,25,Male,Pennsylvania,Cancer,Community Care Hospital,2025-08-25,2025-09-08,Medicare,20468.95,14,Paid
P10699,44,Female,Virginia,COPD,Keystone Medical Center,2025-08-25,2025-08-27,Commercial,7390.04,2,Paid
P10699,24,Male,Pennsylvania,Arthritis,Penn Valley Hospital,2025-08-25,2025-08-26,Commercial,2014.63,1,Paid
P11081,58,Female,Pennsylvania,Pneumonia,Pinecrest Medical,2025-08-25,2025-08-27,Medicare,6019.79,2,Paid
P11098,78,Male,Maryland,Pneumonia,Keystone Medical Center,2025-08-25,2025-08-26,Commercial,6222.47,1,Paid
P11186,28,Male,Delaware,High Cholesterol,Community Care Hospital,2025-08-25,2025-08-27,Medicare,3632.32,2,Paid
P11256,57,Female,Pennsylvania,Arthritis,Pinecrest Medical,2025-08-25,2025-09-02,Medicare,6416.68,8,Paid
P11258,73,Male,Pennsylvania,Kidney Disease,Harrisburg General Hospital,2025-08-25,2025-09-02,Commercial,13184.41,8,Paid
P11336,84,Female,Pennsylvania,Diabetes,Pinecrest Medical,2025-08-25,2025-09-01,Medicare,7756.19,7,Paid
P11364,26,Male,New York,Kidney Disease,Summit Health System,2025-08-25,2025-08-27,Medicaid,8374.09,2,Denied
P11383,41,Female,Virginia,Cancer,Allegheny Health Center,2025-08-25,2025-08-28,Commercial,15200.78,3,Pending
P10140,79,Female,Ohio,COPD,Central PA Medical,2025-08-26,2025-08-29,Medicaid,8499.53,3,Paid
P10576,29,Female,Pennsylvania,Hypertension,Central PA Medical,2025-08-26,2025-08-29,Commercial,4717.63,3,Paid
P10686,56,Female,Maryland,Asthma,Allegheny Health Center,2025-08-26,2025-08-30,Commercial,4664.35,4,Paid
P10866,57,Male,New Jersey,Arthritis,Penn Valley Hospital,2025-08-26,2025-08-28,Medicare,2931.5,2,Paid
P10980,49,Female,Pennsylvania,Kidney Disease,Penn Valley Hospital,2025-08-26,2025-08-30,Commercial,10343.44,4,Paid
P11085,69,Female,New Jersey,Kidney Disease,Valley Care Hospital,2025-08-26,2025-09-05,Commercial,14098.23,10,Denied
P11317,81,Female,New York,Pneumonia,Riverside Health,2025-08-26,2025-09-05,Commercial,14084.12,10,Paid
P11470,24,Female,New York,Asthma,Keystone Medical Center,2025-08-26,2025-08-27,Medicaid,1825.2,1,Paid
P10111,78,Female,New Jersey,COPD,Central PA Medical,2025-08-27,2025-08-31,Medicare,8603.91,4,Paid
P10156,73,Female,New York,Pneumonia,Pinecrest Medical,2025-08-27,2025-08-29,Medicare,7572.21,2,Paid
P10459,56,Female,Ohio,Arthritis,Harrisburg General Hospital,2025-08-27,2025-09-08,Commercial,7670.04,12,Paid
P10499,30,Female,Delaware,High Cholesterol,Summit Health System,2025-08-27,2025-08-28,Medicare,2512.13,1,Paid
P10582,73,Male,New Jersey,Asthma,Pinecrest Medical,2025-08-27,2025-09-01,Medicare,5197.42,5,Paid
P10675,40,Male,Maryland,Heart Disease,Riverside Health,2025-08-27,2025-08-29,Medicare,11604.05,2,Paid
P10764,45,Male,Pennsylvania,Hypertension,Community Care Hospital,2025-08-27,2025-09-01,Medicare,6306.75,5,Paid
P10837,68,Female,Pennsylvania,Pneumonia,Penn Valley Hospital,2025-08-27,2025-08-28,Medicaid,5779.6,1,Paid
P10858,66,Male,Pennsylvania,COPD,Valley Care Hospital,2025-08-27,2025-08-30,Commercial,8384.65,3,Pending
P10950,85,Male,Pennsylvania,Cancer,Penn Valley Hospital,2025-08-27,2025-09-03,Commercial,20468.73,7,Denied
P11015,29,Female,Pennsylvania,Arthritis,Allegheny Health Center,2025-08-27,2025-08-31,Medicare,6222.41,4,Paid
P11104,44,Male,Pennsylvania,High Cholesterol,Central PA Medical,2025-08-27,2025-08-30,Commercial,6209.19,3,Paid
P11163,56,Female,Pennsylvania,Kidney Disease,Keystone Medical Center,2025-08-27,2025-09-06,Medicare,13968.17,10,Pending
P11230,43,Female,Maryland,Diabetes,Community Care Hospital,2025-08-27,2025-08-28,Medicare,4090.36,1,Paid
P11272,75,Male,Pennsylvania,Diabetes,Allegheny Health Center,2025-08-27,2025-08-30,Medicare,5096.74,3,Paid
P11351,62,Female,Pennsylvania,Kidney Disease,Central PA Medical,2025-08-27,2025-08-29,Medicare,7718.58,2,Paid
P11371,35,Male,Ohio,Heart Disease,Keystone Medical Center,2025-08-27,2025-08-29,Self-Pay,10959.01,2,Paid
P11412,48,Female,Pennsylvania,Pneumonia,Penn Valley Hospital,2025-08-27,2025-09-06,Self-Pay,13170.37,10,Paid
P11494,71,Female,New Jersey,Asthma,Keystone Medical Center,2025-08-27,2025-09-02,Commercial,7944.31,6,Paid
P10103,47,Female,Pennsylvania,High Cholesterol,Central PA Medical,2025-08-28,2025-09-01,Commercial,4666.7,4,Pending
P10164,58,Female,Pennsylvania,Cancer,Allegheny Health Center,2025-08-28,2025-09-06,Commercial,20294.62,9,Pending
P10712,69,Female,Ohio,Cancer,Central PA Medical,2025-08-28,2025-09-03,Medicare,18463.16,6,Pending
P10907,81,Male,Pennsylvania,Heart Disease,Community Care Hospital,2025-08-28,2025-09-08,Commercial,12504.62,11,Paid
P10952,79,Female,Virginia,High Cholesterol,Central PA Medical,2025-08-28,2025-09-02,Commercial,4535.73,5,Paid
P11015,64,Male,Pennsylvania,Asthma,Pinecrest Medical,2025-08-28,2025-08-31,Medicare,4017.77,3,Paid
P11187,24,Male,Pennsylvania,Diabetes,Valley Care Hospital,2025-08-28,2025-09-03,Medicaid,5568.83,6,Paid
P11368,71,Female,Virginia,Cancer,Riverside Health,2025-08-28,2025-08-31,Commercial,16872.72,3,Paid
P10062,52,Female,Virginia,Arthritis,Riverside Health,2025-08-29,2025-09-07,Medicare,8355.33,9,Denied
P10079,19,Female,Pennsylvania,Heart Disease,Pinecrest Medical,2025-08-29,2025-09-01,Self-Pay,7367.96,3,Paid
P10102,41,Female,New Jersey,COPD,Valley Care Hospital,2025-08-29,2025-09-06,Medicare,13041.68,8,Pending
P10249,36,Male,Pennsylvania,COPD,Pinecrest Medical,2025-08-29,2025-08-31,Medicare,7895.86,2,Paid
P10330,23,Male,New Jersey,High Cholesterol,Central PA Medical,2025-08-29,2025-08-31,Medicare,3377.94,2,Pending
P10573,61,Female,Virginia,Heart Disease,Penn Valley Hospital,2025-08-29,2025-09-04,Medicare,13304.33,6,Paid
P10694,46,Female,New York,Cancer,Harrisburg General Hospital,2025-08-29,2025-09-02,Medicaid,14670.37,4,Paid
P11157,83,Female,Pennsylvania,Hypertension,Allegheny Health Center,2025-08-29,2025-09-04,Medicare,8688.7,6,Paid
P11274,20,Female,Maryland,Kidney Disease,Valley Care Hospital,2025-08-29,2025-09-03,Medicaid,10936.45,5,Paid
P11389,74,Female,Pennsylvania,Pneumonia,Community Care Hospital,2025-08-29,2025-08-31,Medicaid,7369.84,2,Denied
P11423,61,Male,New York,Cancer,Valley Care Hospital,2025-08-29,2025-09-01,Self-Pay,16801.81,3,Paid
P11462,41,Female,New Jersey,Cancer,Keystone Medical Center,2025-08-29,2025-08-31,Commercial,16470.5,2,Paid
P10077,63,Female,Virginia,Asthma,Keystone Medical Center,2025-08-30,2025-09-05,Medicare,5467.99,6,Denied
P10187,63,Male,Virginia,Hypertension,Harrisburg General Hospital,2025-08-30,2025-09-13,Commercial,7923.41,14,Paid
P10251,65,Female,New York,Cancer,Pinecrest Medical,2025-08-30,2025-09-04,Medicaid,17419.45,5,Paid
P10273,69,Male,New York,Kidney Disease,Penn Valley Hospital,2025-08-30,2025-09-07,Commercial,10523.56,8,Paid
P10301,52,Female,Pennsylvania,Asthma,Pinecrest Medical,2025-08-30,2025-09-01,Self-Pay,2916.21,2,Paid
P10362,81,Female,Maryland,Pneumonia,Pinecrest Medical,2025-08-30,2025-09-03,Medicaid,6445.33,4,Denied
P10581,61,Male,New York,Diabetes,Harrisburg General Hospital,2025-08-30,2025-09-02,Medicaid,4526.65,3,Paid
P10585,45,Female,New York,Diabetes,Community Care Hospital,2025-08-30,2025-09-10,Commercial,10522.67,11,Pending
P10612,66,Male,Pennsylvania,Hypertension,Valley Care Hospital,2025-08-30,2025-09-02,Medicare,2205.85,3,Paid
P10997,73,Female,Pennsylvania,Pneumonia,Community Care Hospital,2025-08-30,2025-09-04,Medicaid,9334.44,5,Denied
P11050,32,Male,New York,Cancer,Keystone Medical Center,2025-08-30,2025-08-31,Medicaid,15704.31,1,Paid
P11053,51,Male,Maryland,Heart Disease,Keystone Medical Center,2025-08-30,2025-09-02,Medicare,11397.06,3,Paid
P11094,36,Female,Pennsylvania,Hypertension,Summit Health System,2025-08-30,2025-09-07,Commercial,8476.63,8,Paid
P11149,50,Female,New York,Pneumonia,Allegheny Health Center,2025-08-30,2025-09-01,Self-Pay,6422.18,2,Paid
P11382,65,Female,New York,COPD,Riverside Health,2025-08-30,2025-09-10,Medicare,10678.54,11,Paid
P11442,31,Female,Pennsylvania,Cancer,Keystone Medical Center,2025-08-30,2025-09-05,Commercial,19948.37,6,Paid
P11469,31,Female,Pennsylvania,High Cholesterol,Central PA Medical,2025-08-30,2025-08-31,Medicaid,3839.78,1,Denied
P10041,53,Female,Pennsylvania,Cancer,Valley Care Hospital,2025-08-31,2025-09-04,Commercial,18052.96,4,Paid
P10121,57,Male,Pennsylvania,Hypertension,Valley Care Hospital,2025-08-31,2025-09-10,Commercial,11955.97,10,Paid
P10168,50,Male,Pennsylvania,Diabetes,Riverside Health,2025-08-31,2025-09-01,Medicaid,3087.6,1,Paid
P10513,31,Male,Pennsylvania,COPD,Riverside Health,2025-08-31,2025-09-01,Medicare,7401.97,1,Paid
P10814,32,Female,New York,Arthritis,Penn Valley Hospital,2025-08-31,2025-09-08,Commercial,8347.26,8,Pending
P10852,78,Male,New York,Diabetes,Community Care Hospital,2025-08-31,2025-09-11,Commercial,10677.38,11,Paid
P11078,47,Female,New Jersey,Pneumonia,Summit Health System,2025-08-31,2025-09-02,Commercial,7668.38,2,Pending
P11095,52,Male,Virginia,High Cholesterol,Central PA Medical,2025-08-31,2025-09-07,Medicaid,8618.66,7,Paid
P11255,51,Female,New York,COPD,Harrisburg General Hospital,2025-08-31,2025-09-05,Commercial,7735.53,5,Paid
P11413,64,Male,Pennsylvania,Cancer,Community Care Hospital,2025-08-31,2025-09-01,Commercial,14086.61,1,Pending
P10221,81,Female,Pennsylvania,Asthma,Valley Care Hospital,2025-09-01,2025-09-05,Self-Pay,4956.17,4,Paid
P10574,21,Male,Ohio,Heart Disease,Allegheny Health Center,2025-09-01,2025-09-14,Medicaid,15099.75,13,Pending
P10895,31,Male,Maryland,Hypertension,Pinecrest Medical,2025-09-01,2025-09-06,Commercial,7214.4,5,Paid
P10924,80,Female,New Jersey,Heart Disease,Harrisburg General Hospital,2025-09-01,2025-09-05,Medicare,12513.97,4,Paid
P11145,62,Male,New Jersey,Pneumonia,Summit Health System,2025-09-01,2025-09-04,Medicare,5890.24,3,Paid
P11431,37,Female,Pennsylvania,Kidney Disease,Valley Care Hospital,2025-09-01,2025-09-03,Medicaid,8099.02,2,Paid
P10264,69,Male,Maryland,Cancer,Valley Care Hospital,2025-09-02,2025-09-09,Medicaid,18339.06,7,Paid
P10288,60,Female,New York,Arthritis,Keystone Medical Center,2025-09-02,2025-09-04,Commercial,2788.17,2,Pending
P10381,44,Female,Pennsylvania,Pneumonia,Allegheny Health Center,2025-09-02,2025-09-14,Commercial,11868.83,12,Paid
P10501,19,Female,New York,Pneumonia,Allegheny Health Center,2025-09-02,2025-09-07,Medicare,10959.43,5,Denied
P11123,34,Female,Pennsylvania,Asthma,Allegheny Health Center,2025-09-02,2025-09-08,Medicaid,7102.38,6,Denied
P11230,62,Female,New Jersey,High Cholesterol,Riverside Health,2025-09-02,2025-09-09,Medicaid,7466.27,7,Pending
P11267,82,Male,Pennsylvania,Asthma,Keystone Medical Center,2025-09-02,2025-09-07,Commercial,6154.93,5,Paid
P11287,26,Female,Virginia,Heart Disease,Central PA Medical,2025-09-02,2025-09-07,Medicare,11459.59,5,Paid
P11372,59,Male,Maryland,Pneumonia,Valley Care Hospital,2025-09-02,2025-09-06,Commercial,7071.75,4,Paid
P11391,61,Male,New York,Heart Disease,Pinecrest Medical,2025-09-02,2025-09-09,Medicare,12115.04,7,Paid
P11401,29,Male,New Jersey,Asthma,Penn Valley Hospital,2025-09-02,2025-09-08,Medicaid,7102.34,6,Denied
P10062,22,Male,Pennsylvania,COPD,Keystone Medical Center,2025-09-03,2025-09-11,Commercial,12461.72,8,Pending
P10088,33,Female,Pennsylvania,Arthritis,Summit Health System,2025-09-03,2025-09-11,Commercial,8094.08,8,Paid
P10199,61,Female,Maryland,Heart Disease,Penn Valley Hospital,2025-09-03,2025-09-11,Commercial,10547.56,8,Paid
P10209,58,Male,Ohio,Hypertension,Keystone Medical Center,2025-09-03,2025-09-07,Commercial,4443.9,4,Paid
P10276,80,Male,Ohio,Kidney Disease,Community Care Hospital,2025-09-03,2025-09-05,Medicaid,9807.47,2,Paid
P10671,71,Female,New York,Pneumonia,Keystone Medical Center,2025-09-03,2025-09-08,Commercial,10165.28,5,Paid
P10913,76,Female,New Jersey,COPD,Pinecrest Medical,2025-09-03,2025-09-09,Medicaid,11661.54,6,Paid
P11205,75,Female,Pennsylvania,Cancer,Penn Valley Hospital,2025-09-03,2025-09-15,Commercial,21192.65,12,Paid
P11259,81,Female,Ohio,Pneumonia,Keystone Medical Center,2025-09-03,2025-09-16,Commercial,14254.11,13,Pending
P11276,77,Female,Virginia,Hypertension,Riverside Health,2025-09-03,2025-09-07,Medicaid,6305.36,4,Paid
P11343,30,Female,Pennsylvania,Diabetes,Keystone Medical Center,2025-09-03,2025-09-05,Medicaid,4987.48,2,Pending
P11423,83,Male,Pennsylvania,COPD,Community Care Hospital,2025-09-03,2025-09-05,Commercial,7729.04,2,Paid
P11451,70,Male,Pennsylvania,COPD,Riverside Health,2025-09-03,2025-09-12,Commercial,11395.67,9,Paid
P10113,34,Female,Pennsylvania,Cancer,Pinecrest Medical,2025-09-04,2025-09-08,Commercial,19254.23,4,Paid
P10158,73,Male,Pennsylvania,Kidney Disease,Riverside Health,2025-09-04,2025-09-12,Medicaid,12704.75,8,Pending
P10189,61,Female,Virginia,Cancer,Riverside Health,2025-09-04,2025-09-08,Medicare,18132.54,4,Paid
P10320,68,Female,New York,Asthma,Penn Valley Hospital,2025-09-04,2025-09-14,Commercial,8512.24,10,Paid
P10403,66,Female,Maryland,COPD,Community Care Hospital,2025-09-04,2025-09-08,Medicaid,9755.1,4,Paid
P10476,53,Female,Pennsylvania,Asthma,Community Care Hospital,2025-09-04,2025-09-09,Commercial,4871.61,5,Paid
P10748,41,Female,Ohio,Pneumonia,Keystone Medical Center,2025-09-04,2025-09-08,Commercial,7155.26,4,Pending
P10916,80,Female,Pennsylvania,Cancer,Community Care Hospital,2025-09-04,2025-09-07,Medicare,16678.92,3,Paid
P10918,82,Female,Pennsylvania,Arthritis,Valley Care Hospital,2025-09-04,2025-09-08,Medicaid,4792.41,4,Paid
P10936,72,Male,Pennsylvania,High Cholesterol,Pinecrest Medical,2025-09-04,2025-09-11,Commercial,7448.0,7,Denied
P10955,74,Female,Pennsylvania,Pneumonia,Central PA Medical,2025-09-04,2025-09-06,Commercial,5526.62,2,Paid
P10963,54,Female,New Jersey,Heart Disease,Community Care Hospital,2025-09-04,2025-09-05,Medicare,9085.48,1,Paid
P10985,76,Male,Ohio,Pneumonia,Summit Health System,2025-09-04,2025-09-10,Medicare,8626.94,6,Paid
P10990,37,Female,New Jersey,Diabetes,Central PA Medical,2025-09-04,2025-09-10,Commercial,8250.71,6,Paid
P11005,52,Male,New Jersey,Pneumonia,Harrisburg General Hospital,2025-09-04,2025-09-06,Commercial,7234.49,2,Paid
P11048,21,Female,Ohio,COPD,Valley Care Hospital,2025-09-04,2025-09-09,Medicare,10143.83,5,Pending
P10085,50,Female,New Jersey,Asthma,Central PA Medical,2025-09-05,2025-09-11,Commercial,6698.72,6,Paid
P10108,52,Female,Pennsylvania,Heart Disease,Pinecrest Medical,2025-09-05,2025-09-06,Medicaid,9448.51,1,Pending
P10125,20,Female,Pennsylvania,High Cholesterol,Pinecrest Medical,2025-09-05,2025-09-07,Commercial,1882.03,2,Paid
P10224,22,Male,Pennsylvania,High Cholesterol,Harrisburg General Hospital,2025-09-05,2025-09-10,Commercial,4648.98,5,Paid
P10257,72,Male,Pennsylvania,Arthritis,Allegheny Health Center,2025-09-05,2025-09-11,Commercial,5185.16,6,Pending
P10288,25,Male,Pennsylvania,High Cholesterol,Keystone Medical Center,2025-09-05,2025-09-10,Medicaid,3981.82,5,Paid
P10903,72,Male,New York,Arthritis,Summit Health System,2025-09-05,2025-09-11,Medicare,6430.84,6,Paid
P10969,53,Female,Delaware,Hypertension,Community Care Hospital,2025-09-05,2025-09-11,Commercial,4717.5,6,Paid
P11142,37,Female,New York,High Cholesterol,Community Care Hospital,2025-09-05,2025-09-10,Medicaid,3772.59,5,Paid
P11419,52,Male,Pennsylvania,Heart Disease,Penn Valley Hospital,2025-09-05,2025-09-07,Commercial,8732.35,2,Paid
P11420,36,Male,Pennsylvania,Diabetes,Central PA Medical,2025-09-05,2025-09-09,Medicaid,6065.91,4,Pending
P11453,19,Female,Maryland,High Cholesterol,Keystone Medical Center,2025-09-05,2025-09-07,Medicaid,2306.4,2,Paid
P10111,37,Male,Maryland,Pneumonia,Summit Health System,2025-09-06,2025-09-14,Commercial,8225.73,8,Paid
P10129,65,Male,Maryland,Asthma,Harrisburg General Hospital,2025-09-06,2025-09-11,Medicaid,5222.08,5,Paid
P10350,38,Male,New Jersey,Kidney Disease,Allegheny Health Center,2025-09-06,2025-09-13,Medicaid,11556.1,7,Paid
P10371,61,Male,Pennsylvania,Pneumonia,Allegheny Health Center,2025-09-06,2025-09-10,Medicaid,6670.89,4,Denied
P10554,34,Female,New York,High Cholesterol,Pinecrest Medical,2025-09-06,2025-09-13,Commercial,3574.88,7,Denied
P10600,55,Female,Virginia,Heart Disease,Keystone Medical Center,2025-09-06,2025-09-10,Medicaid,10265.93,4,Paid
P10944,35,Male,Pennsylvania,High Cholesterol,Penn Valley Hospital,2025-09-06,2025-09-08,Self-Pay,2301.15,2,Paid
P11114,77,Male,Pennsylvania,Pneumonia,Harrisburg General Hospital,2025-09-06,2025-09-17,Medicare,10646.55,11,Paid
P11265,83,Male,Pennsylvania,Heart Disease,Valley Care Hospital,2025-09-06,2025-09-11,Commercial,10737.45,5,Paid
P11403,28,Female,Pennsylvania,Cancer,Allegheny Health Center,2025-09-06,2025-09-07,Commercial,14195.11,1,Paid
P10031,66,Male,Pennsylvania,Kidney Disease,Harrisburg General Hospital,2025-09-07,2025-09-15,Medicaid,13676.34,8,Paid
P10093,27,Male,Pennsylvania,Heart Disease,Community Care Hospital,2025-09-07,2025-09-12,Medicaid,10689.9,5,Paid
P10097,75,Male,Pennsylvania,High Cholesterol,Harrisburg General Hospital,2025-09-07,2025-09-15,Medicaid,5338.22,8,Paid
P10193,47,Female,Ohio,Kidney Disease,Community Care Hospital,2025-09-07,2025-09-13,Medicaid,12062.64,6,Pending
P10305,74,Female,Pennsylvania,Heart Disease,Harrisburg General Hospital,2025-09-07,2025-09-10,Medicaid,8379.93,3,Paid
P10678,80,Female,Pennsylvania,Asthma,Keystone Medical Center,2025-09-07,2025-09-18,Medicare,10952.44,11,Denied
P10712,47,Male,Pennsylvania,Hypertension,Summit Health System,2025-09-07,2025-09-11,Medicare,6451.4,4,Paid
P10844,44,Female,Pennsylvania,Hypertension,Penn Valley Hospital,2025-09-07,2025-09-10,Commercial,5168.9,3,Paid
P10963,38,Male,New Jersey,Asthma,Summit Health System,2025-09-07,2025-09-10,Medicare,3048.63,3,Paid
P11045,45,Male,Pennsylvania,Heart Disease,Harrisburg General Hospital,2025-09-07,2025-09-16,Medicaid,13351.46,9,Paid
P11048,77,Female,Delaware,Diabetes,Pinecrest Medical,2025-09-07,2025-09-18,Medicare,10954.87,11,Paid
P11266,49,Female,Maryland,Hypertension,Valley Care Hospital,2025-09-07,2025-09-17,Medicare,6519.6,10,Paid
P10017,18,Female,New York,Cancer,Community Care Hospital,2025-09-08,2025-09-17,Commercial,18725.56,9,Paid
P10020,46,Female,Pennsylvania,Heart Disease,Harrisburg General Hospital,2025-09-08,2025-09-09,Commercial,7967.7,1,Pending
P10054,24,Female,New Jersey,High Cholesterol,Central PA Medical,2025-09-08,2025-09-15,Commercial,6949.99,7,Paid
P10144,69,Female,Delaware,Heart Disease,Harrisburg General Hospital,2025-09-08,2025-09-10,Commercial,10590.83,2,Paid
P10205,57,Female,Pennsylvania,Cancer,Riverside Health,2025-09-08,2025-09-11,Medicare,17841.24,3,Paid
P10262,80,Male,Maryland,Diabetes,Penn Valley Hospital,2025-09-08,2025-09-09,Medicare,3201.03,1,Pending
P10269,76,Female,Ohio,COPD,Central PA Medical,2025-09-08,2025-09-13,Commercial,8537.94,5,Pending
P10530,60,Female,Maryland,COPD,Central PA Medical,2025-09-08,2025-09-19,Medicare,12914.26,11,Paid
P10534,53,Male,New York,Hypertension,Community Care Hospital,2025-09-08,2025-09-11,Medicaid,4522.21,3,Paid
P10649,45,Female,Ohio,High Cholesterol,Pinecrest Medical,2025-09-08,2025-09-17,Commercial,5661.62,9,Paid
P10781,73,Female,Pennsylvania,Cancer,Pinecrest Medical,2025-09-08,2025-09-11,Commercial,16094.86,3,Paid
P11080,37,Male,New Jersey,Cancer,Pinecrest Medical,2025-09-08,2025-09-15,Medicaid,19640.77,7,Paid
P11099,23,Female,New York,Diabetes,Summit Health System,2025-09-08,2025-09-12,Medicare,6571.35,4,Paid
P11107,83,Female,New Jersey,Kidney Disease,Pinecrest Medical,2025-09-08,2025-09-12,Medicaid,9705.51,4,Paid
P11182,79,Female,Pennsylvania,COPD,Harrisburg General Hospital,2025-09-08,2025-09-12,Self-Pay,8583.65,4,Paid
P11437,55,Female,New York,Pneumonia,Pinecrest Medical,2025-09-08,2025-09-10,Medicaid,8326.91,2,Paid
P10053,18,Male,Maryland,Hypertension,Community Care Hospital,2025-09-09,2025-09-11,Commercial,3668.51,2,Paid
P10110,66,Male,Pennsylvania,Arthritis,Harrisburg General Hospital,2025-09-09,2025-09-17,Medicaid,8910.66,8,Paid
P10229,67,Male,Virginia,Cancer,Valley Care Hospital,2025-09-09,2025-09-15,Medicare,19633.58,6,Paid
P10449,69,Female,Ohio,High Cholesterol,Valley Care Hospital,2025-09-09,2025-09-10,Medicare,2075.52,1,Paid
P10532,55,Male,New York,Kidney Disease,Summit Health System,2025-09-09,2025-09-10,Commercial,8126.44,1,Denied
P10554,27,Female,Virginia,Diabetes,Central PA Medical,2025-09-09,2025-09-17,Commercial,5373.0,8,Paid
P10559,60,Male,Delaware,Hypertension,Central PA Medical,2025-09-09,2025-09-14,Commercial,7269.45,5,Paid
P10618,18,Male,Pennsylvania,Diabetes,Summit Health System,2025-09-09,2025-09-12,Medicare,3138.97,3,Denied
P10655,65,Female,Maryland,Hypertension,Central PA Medical,2025-09-09,2025-09-20,Medicare,10860.33,11,Paid
P10869,52,Female,Pennsylvania,Heart Disease,Keystone Medical Center,2025-09-09,2025-09-19,Commercial,16537.21,10,Paid
P10933,47,Male,Delaware,Cancer,Central PA Medical,2025-09-09,2025-09-12,Self-Pay,15836.81,3,Paid
P11026,29,Male,Ohio,High Cholesterol,Keystone Medical Center,2025-09-09,2025-09-14,Medicaid,4154.59,5,Paid
P11088,28,Male,Pennsylvania,Arthritis,Penn Valley Hospital,2025-09-09,2025-09-13,Commercial,4180.13,4,Paid
P11257,80,Female,Delaware,Cancer,Summit Health System,2025-09-09,2025-09-12,Medicaid,17339.19,3,Paid
P11403,62,Male,New Jersey,Arthritis,Allegheny Health Center,2025-09-09,2025-09-12,Commercial,3334.91,3,Paid
P10060,32,Female,Maryland,Diabetes,Valley Care Hospital,2025-09-10,2025-09-13,Commercial,3470.35,3,Paid
P10152,42,Female,Pennsylvania,Arthritis,Pinecrest Medical,2025-09-10,2025-09-15,Commercial,4212.52,5,Pending
P10322,75,Female,Pennsylvania,High Cholesterol,Riverside Health,2025-09-10,2025-09-13,Medicare,3403.09,3,Paid
P10736,43,Female,Ohio,Kidney Disease,Summit Health System,2025-09-10,2025-09-11,Medicare,8723.97,1,Paid
P10763,19,Female,New York,Kidney Disease,Keystone Medical Center,2025-09-10,2025-09-13,Medicare,9669.28,3,Paid
P10974,85,Female,Pennsylvania,Cancer,Pinecrest Medical,2025-09-10,2025-09-12,Commercial,16524.76,2,Denied
P11006,65,Female,Pennsylvania,Pneumonia,Valley Care Hospital,2025-09-10,2025-09-14,Medicaid,7326.52,4,Paid
P11054,54,Female,New Jersey,Cancer,Harrisburg General Hospital,2025-09-10,2025-09-16,Medicare,17915.51,6,Paid
P11321,70,Female,New Jersey,Pneumonia,Riverside Health,2025-09-10,2025-09-16,Commercial,8797.02,6,Pending
P11394,23,Male,Ohio,Kidney Disease,Harrisburg General Hospital,2025-09-10,2025-09-14,Medicare,9734.52,4,Paid
P10161,35,Female,Maryland,Asthma,Harrisburg General Hospital,2025-09-11,2025-09-15,Commercial,2949.09,4,Paid
P10170,19,Male,Pennsylvania,Kidney Disease,Riverside Health,2025-09-11,2025-09-14,Commercial,9242.53,3,Paid
P10377,83,Male,Pennsylvania,Heart Disease,Penn Valley Hospital,2025-09-11,2025-09-15,Medicaid,11861.57,4,Paid
P10632,42,Male,Pennsylvania,Cancer,Central PA Medical,2025-09-11,2025-09-14,Medicaid,14630.11,3,Paid
P10761,84,Female,Maryland,Heart Disease,Keystone Medical Center,2025-09-11,2025-09-21,Medicaid,13927.11,10,Paid
P10767,67,Male,Delaware,Arthritis,Valley Care Hospital,2025-09-11,2025-09-19,Commercial,3680.74,8,Denied
P10927,46,Female,New York,Diabetes,Allegheny Health Center,2025-09-11,2025-09-12,Self-Pay,3322.83,1,Paid
P10936,31,Male,Virginia,Arthritis,Harrisburg General Hospital,2025-09-11,2025-09-16,Medicare,5382.6,5,Paid
P11007,81,Female,New Jersey,Asthma,Valley Care Hospital,2025-09-11,2025-09-15,Self-Pay,4748.44,4,Paid
P11181,46,Male,Ohio,COPD,Penn Valley Hospital,2025-09-11,2025-09-13,Medicaid,7859.3,2,Paid
P11198,19,Male,New Jersey,COPD,Allegheny Health Center,2025-09-11,2025-09-19,Medicaid,10157.17,8,Paid
P11198,69,Female,New Jersey,Asthma,Summit Health System,2025-09-11,2025-09-13,Commercial,4001.47,2,Pending
P10160,50,Female,New York,Arthritis,Penn Valley Hospital,2025-09-12,2025-09-15,Commercial,5700.34,3,Paid
P10297,50,Female,Pennsylvania,Pneumonia,Pinecrest Medical,2025-09-12,2025-09-15,Commercial,5815.92,3,Pending
P10409,75,Female,New York,Cancer,Harrisburg General Hospital,2025-09-12,2025-09-16,Medicaid,17549.71,4,Pending
P10585,21,Female,Virginia,Arthritis,Community Care Hospital,2025-09-12,2025-09-16,Medicare,4118.1,4,Paid
P10601,70,Female,Ohio,High Cholesterol,Valley Care Hospital,2025-09-12,2025-09-19,Medicare,6598.59,7,Paid
P10755,37,Male,New York,Pneumonia,Valley Care Hospital,2025-09-12,2025-09-13,Commercial,5669.12,1,Paid
P10810,21,Male,New Jersey,Diabetes,Community Care Hospital,2025-09-12,2025-09-16,Commercial,5948.99,4,Paid
P10908,76,Female,New Jersey,Hypertension,Central PA Medical,2025-09-12,2025-09-21,Commercial,8433.85,9,Pending
P11173,78,Male,Pennsylvania,Cancer,Summit Health System,2025-09-12,2025-09-20,Commercial,20576.76,8,Paid
P11471,56,Female,Pennsylvania,Heart Disease,Central PA Medical,2025-09-12,2025-09-15,Commercial,11007.71,3,Denied
P10008,31,Female,New York,Heart Disease,Allegheny Health Center,2025-09-13,2025-09-20,Commercial,13584.73,7,Paid
P10162,48,Male,New York,Heart Disease,Allegheny Health Center,2025-09-13,2025-09-15,Medicare,10233.06,2,Paid
P10426,80,Male,Pennsylvania,Arthritis,Central PA Medical,2025-09-13,2025-09-15,Medicare,4007.45,2,Denied
P10472,75,Female,Maryland,Asthma,Harrisburg General Hospital,2025-09-13,2025-09-18,Medicare,2315.74,5,Paid
P10580,64,Female,Maryland,Diabetes,Central PA Medical,2025-09-13,2025-09-14,Commercial,2695.1,1,Paid
P10658,81,Female,Pennsylvania,Hypertension,Penn Valley Hospital,2025-09-13,2025-09-15,Medicare,2977.89,2,Paid
P10666,80,Male,Pennsylvania,High Cholesterol,Keystone Medical Center,2025-09-13,2025-09-15,Medicare,3191.77,2,Paid
P10888,35,Female,Pennsylvania,Arthritis,Penn Valley Hospital,2025-09-13,2025-09-18,Commercial,4993.41,5,Paid
P10941,24,Male,Ohio,Pneumonia,Keystone Medical Center,2025-09-13,2025-09-18,Commercial,9502.77,5,Denied
P11177,82,Female,Pennsylvania,COPD,Penn Valley Hospital,2025-09-13,2025-09-15,Commercial,7868.87,2,Paid
P11231,26,Male,Virginia,Pneumonia,Keystone Medical Center,2025-09-13,2025-09-15,Commercial,7816.95,2,Denied
P11256,67,Male,Pennsylvania,COPD,Allegheny Health Center,2025-09-13,2025-09-15,Self-Pay,5996.3,2,Pending
P11344,29,Female,Delaware,Hypertension,Harrisburg General Hospital,2025-09-13,2025-09-24,Medicare,6256.93,11,Pending
P11391,25,Male,Pennsylvania,COPD,Pinecrest Medical,2025-09-13,2025-09-19,Medicare,8096.63,6,Paid
P11484,32,Male,Virginia,Heart Disease,Penn Valley Hospital,2025-09-13,2025-09-20,Self-Pay,15422.96,7,Paid
P10022,47,Male,New Jersey,Hypertension,Valley Care Hospital,2025-09-14,2025-09-15,Commercial,2996.44,1,Paid
P10174,38,Female,Pennsylvania,Kidney Disease,Harrisburg General Hospital,2025-09-14,2025-09-18,Commercial,10117.62,4,Pending
P10184,42,Male,Ohio,Arthritis,Community Care Hospital,2025-09-14,2025-09-18,Medicare,4408.76,4,Paid
P10435,83,Male,Pennsylvania,Arthritis,Penn Valley Hospital,2025-09-14,2025-09-27,Medicaid,10760.32,13,Paid
P10449,58,Male,Pennsylvania,High Cholesterol,Penn Valley Hospital,2025-09-14,2025-09-21,Medicare,4241.38,7,Pending
P10541,37,Male,Delaware,High Cholesterol,Penn Valley Hospital,2025-09-14,2025-09-21,Medicaid,4142.43,7,Paid
P10676,18,Female,New York,Hypertension,Allegheny Health Center,2025-09-14,2025-09-23,Commercial,4491.97,9,Paid
P10715,38,Female,Pennsylvania,COPD,Pinecrest Medical,2025-09-14,2025-09-17,Commercial,8868.45,3,Paid
P10751,68,Male,Delaware,Arthritis,Summit Health System,2025-09-14,2025-09-17,Medicare,2290.62,3,Paid
P10768,51,Male,Pennsylvania,Cancer,Summit Health System,2025-09-14,2025-09-15,Commercial,13460.95,1,Pending
P10800,51,Male,Maryland,Heart Disease,Allegheny Health Center,2025-09-14,2025-09-21,Medicare,14692.15,7,Paid
P11076,82,Male,Pennsylvania,Asthma,Pinecrest Medical,2025-09-14,2025-09-17,Medicaid,3132.46,3,Denied
P10090,29,Female,Pennsylvania,Pneumonia,Valley Care Hospital,2025-09-15,2025-09-20,Commercial,9153.47,5,Paid
P10116,55,Male,Pennsylvania,Hypertension,Community Care Hospital,2025-09-15,2025-09-19,Medicare,6479.2,4,Paid
P10326,71,Female,Maryland,Kidney Disease,Keystone Medical Center,2025-09-15,2025-09-17,Commercial,10206.65,2,Paid
P10360,18,Male,Pennsylvania,COPD,Riverside Health,2025-09-15,2025-09-28,Medicaid,15201.27,13,Paid
P10578,65,Male,Ohio,Diabetes,Central PA Medical,2025-09-15,2025-09-23,Medicare,9134.38,8,Paid
P10614,30,Female,Pennsylvania,Kidney Disease,Central PA Medical,2025-09-15,2025-09-18,Medicare,8325.56,3,Paid
P10792,35,Male,Pennsylvania,Diabetes,Pinecrest Medical,2025-09-15,2025-09-24,Commercial,7995.96,9,Paid
P10843,57,Male,Delaware,Asthma,Central PA Medical,2025-09-15,2025-09-27,Medicare,9610.45,12,Pending
P10862,21,Female,Pennsylvania,Asthma,Harrisburg General Hospital,2025-09-15,2025-09-17,Commercial,1588.3,2,Paid
P10969,42,Male,New Jersey,Diabetes,Summit Health System,2025-09-15,2025-09-19,Commercial,6811.92,4,Pending
P11070,58,Female,Virginia,Arthritis,Riverside Health,2025-09-15,2025-09-25,Medicare,5343.95,10,Paid
P11085,80,Male,Virginia,Kidney Disease,Harrisburg General Hospital,2025-09-15,2025-09-18,Commercial,8783.62,3,Paid
P11137,26,Female,Virginia,COPD,Riverside Health,2025-09-15,2025-09-22,Commercial,9613.4,7,Paid
P11433,48,Female,Virginia,Diabetes,Central PA Medical,2025-09-15,2025-09-20,Medicaid,7125.0,5,Paid
P10010,80,Female,Virginia,COPD,Pinecrest Medical,2025-09-16,2025-09-22,Commercial,11674.13,6,Pending
P10044,82,Male,New Jersey,High Cholesterol,Keystone Medical Center,2025-09-16,2025-09-21,Commercial,4795.88,5,Paid
P10075,56,Male,Pennsylvania,Asthma,Keystone Medical Center,2025-09-16,2025-09-21,Commercial,4551.98,5,Paid
P10261,41,Male,New Jersey,Hypertension,Summit Health System,2025-09-16,2025-09-18,Commercial,2887.84,2,Paid
P10322,18,Female,Maryland,Arthritis,Summit Health System,2025-09-16,2025-09-24,Medicare,8465.22,8,Paid
P10368,35,Female,Pennsylvania,Hypertension,Valley Care Hospital,2025-09-16,2025-09-21,Medicare,4241.06,5,Paid
P10468,74,Female,Maryland,Heart Disease,Allegheny Health Center,2025-09-16,2025-09-17,Commercial,9269.29,1,Paid
P10598,42,Female,Virginia,Kidney Disease,Valley Care Hospital,2025-09-16,2025-09-18,Medicaid,9398.74,2,Paid
P10747,25,Male,Pennsylvania,COPD,Valley Care Hospital,2025-09-16,2025-09-17,Medicare,5626.78,1,Paid
P11379,85,Female,New Jersey,Hypertension,Keystone Medical Center,2025-09-16,2025-09-20,Commercial,5529.41,4,Paid
P11396,64,Male,Delaware,Pneumonia,Keystone Medical Center,2025-09-16,2025-09-18,Medicaid,6794.59,2,Paid
P11473,31,Female,Pennsylvania,Asthma,Allegheny Health Center,2025-09-16,2025-09-24,Commercial,6257.15,8,Paid
P10017,44,Female,Pennsylvania,High Cholesterol,Penn Valley Hospital,2025-09-17,2025-09-20,Commercial,6179.06,3,Pending
P10139,63,Female,Ohio,Pneumonia,Community Care Hospital,2025-09-17,2025-09-23,Self-Pay,8804.44,6,Pending
P10248,37,Female,Pennsylvania,Hypertension,Summit Health System,2025-09-17,2025-09-24,Commercial,7104.37,7,Paid
P10361,31,Female,Virginia,Cancer,Pinecrest Medical,2025-09-17,2025-09-18,Commercial,15256.35,1,Paid
P10367,27,Female,Virginia,Asthma,Pinecrest Medical,2025-09-17,2025-09-25,Medicaid,8046.35,8,Paid
P10432,84,Female,New Jersey,Asthma,Summit Health System,2025-09-17,2025-09-26,Commercial,6854.67,9,Paid
P10446,38,Male,Pennsylvania,Arthritis,Valley Care Hospital,2025-09-17,2025-09-19,Commercial,3270.74,2,Pending
P10569,73,Male,Pennsylvania,Cancer,Community Care Hospital,2025-09-17,2025-09-23,Medicare,16999.8,6,Paid
P10688,71,Female,New Jersey,Cancer,Central PA Medical,2025-09-17,2025-09-19,Commercial,15793.81,2,Paid
P10994,32,Male,Delaware,High Cholesterol,Allegheny Health Center,2025-09-17,2025-09-28,Medicare,8006.54,11,Pending
P11066,31,Female,Pennsylvania,Heart Disease,Summit Health System,2025-09-17,2025-09-25,Medicaid,14344.95,8,Paid
P11073,38,Male,Pennsylvania,Arthritis,Allegheny Health Center,2025-09-17,2025-09-27,Commercial,5210.99,10,Paid
P11119,33,Female,Pennsylvania,Asthma,Pinecrest Medical,2025-09-17,2025-09-22,Medicare,7429.81,5,Paid
P11347,65,Female,Maryland,Diabetes,Allegheny Health Center,2025-09-17,2025-09-20,Medicare,4180.17,3,Pending
P11348,32,Female,Pennsylvania,Pneumonia,Valley Care Hospital,2025-09-17,2025-09-21,Medicare,8393.19,4,Pending
P11351,62,Male,New York,Heart Disease,Summit Health System,2025-09-17,2025-09-18,Commercial,9458.02,1,Paid
P11362,65,Female,New Jersey,Diabetes,Riverside Health,2025-09-17,2025-09-27,Medicaid,10707.38,10,Paid
P11466,32,Female,Pennsylvania,Cancer,Riverside Health,2025-09-17,2025-09-21,Commercial,16918.35,4,Paid
P10018,78,Male,Pennsylvania,COPD,Valley Care Hospital,2025-09-18,2025-09-26,Commercial,10444.06,8,Denied
P10264,29,Male,New Jersey,High Cholesterol,Community Care Hospital,2025-09-18,2025-09-19,Medicare,2807.17,1,Paid
P10386,25,Female,New Jersey,Diabetes,Summit Health System,2025-09-18,2025-09-22,Commercial,6829.69,4,Paid
P10387,28,Female,New Jersey,Heart Disease,Allegheny Health Center,2025-09-18,2025-09-29,Medicare,19376.67,11,Paid
P10398,55,Male,New York,Diabetes,Harrisburg General Hospital,2025-09-18,2025-09-30,Commercial,8968.05,12,Paid
P10472,51,Female,Pennsylvania,Pneumonia,Harrisburg General Hospital,2025-09-18,2025-09-20,Medicaid,6628.35,2,Paid
P10720,53,Male,New York,COPD,Penn Valley Hospital,2025-09-18,2025-09-25,Self-Pay,9186.87,7,Paid
P10881,31,Male,Delaware,Heart Disease,Valley Care Hospital,2025-09-18,2025-09-23,Commercial,11428.04,5,Paid
P10917,72,Female,Pennsylvania,Heart Disease,Harrisburg General Hospital,2025-09-18,2025-09-21,Medicare,11049.96,3,Paid
P11052,85,Female,Pennsylvania,Heart Disease,Summit Health System,2025-09-18,2025-09-25,Commercial,10591.74,7,Paid
P11083,49,Female,Pennsylvania,Asthma,Keystone Medical Center,2025-09-18,2025-09-19,Commercial,1073.5,1,Paid
P11276,62,Male,Ohio,Heart Disease,Riverside Health,2025-09-18,2025-09-19,Medicare,9729.64,1,Paid
P10179,33,Female,Maryland,Cancer,Central PA Medical,2025-09-19,2025-09-23,Medicaid,19556.55,4,Paid
P10203,77,Male,Delaware,Heart Disease,Allegheny Health Center,2025-09-19,2025-10-01,Medicaid,14734.25,12,Paid
P10283,67,Male,Pennsylvania,High Cholesterol,Community Care Hospital,2025-09-19,2025-09-20,Medicaid,4542.19,1,Paid
P10402,36,Female,Virginia,High Cholesterol,Penn Valley Hospital,2025-09-19,2025-09-29,Medicare,6129.8,10,Paid
P10511,50,Female,Pennsylvania,Diabetes,Riverside Health,2025-09-19,2025-09-24,Commercial,8245.26,5,Paid
P10567,82,Female,Delaware,High Cholesterol,Community Care Hospital,2025-09-19,2025-09-27,Medicaid,7340.57,8,Pending
P10831,69,Female,Pennsylvania,Hypertension,Central PA Medical,2025-09-19,2025-09-30,Medicare,12603.27,11,Pending
P10861,75,Female,Pennsylvania,Pneumonia,Harrisburg General Hospital,2025-09-19,2025-09-27,Commercial,7215.28,8,Paid
P10944,80,Female,Ohio,COPD,Harrisburg General Hospital,2025-09-19,2025-09-24,Medicare,10127.49,5,Pending
P10986,20,Female,Maryland,High Cholesterol,Allegheny Health Center,2025-09-19,2025-09-20,Commercial,3356.92,1,Paid
P11185,33,Male,Pennsylvania,Asthma,Penn Valley Hospital,2025-09-19,2025-09-24,Commercial,4033.96,5,Paid
P11239,81,Male,New Jersey,Heart Disease,Central PA Medical,2025-09-19,2025-09-26,Commercial,14366.11,7,Paid
P11259,56,Male,Pennsylvania,Kidney Disease,Community Care Hospital,2025-09-19,2025-09-21,Medicare,7524.92,2,Paid
P11409,43,Female,Pennsylvania,Hypertension,Central PA Medical,2025-09-19,2025-09-21,Medicare,2689.46,2,Pending
P10031,63,Male,Maryland,Hypertension,Harrisburg General Hospital,2025-09-20,2025-10-01,Commercial,4947.62,11,Paid
P10184,67,Female,New Jersey,Diabetes,Harrisburg General Hospital,2025-09-20,2025-09-24,Commercial,5873.85,4,Denied
P10235,58,Female,New Jersey,Diabetes,Penn Valley Hospital,2025-09-20,2025-09-25,Self-Pay,7849.49,5,Paid
P10310,71,Male,New Jersey,Hypertension,Allegheny Health Center,2025-09-20,2025-09-21,Commercial,2869.06,1,Paid
P10337,83,Male,Virginia,Pneumonia,Penn Valley Hospital,2025-09-20,2025-09-21,Medicaid,6014.37,1,Paid
P10382,63,Male,Pennsylvania,Diabetes,Summit Health System,2025-09-20,2025-09-27,Commercial,9155.39,7,Paid
P11458,62,Female,New York,Kidney Disease,Riverside Health,2025-09-20,2025-09-25,Self-Pay,12273.66,5,Paid
P11484,54,Female,Delaware,Diabetes,Valley Care Hospital,2025-09-20,2025-09-25,Medicaid,5177.49,5,Paid
P10018,35,Female,New Jersey,Asthma,Harrisburg General Hospital,2025-09-21,2025-09-26,Medicaid,6299.79,5,Pending
P10023,47,Male,Pennsylvania,Diabetes,Valley Care Hospital,2025-09-21,2025-09-26,Medicaid,6732.31,5,Pending
P10133,84,Female,Ohio,Hypertension,Summit Health System,2025-09-21,2025-09-29,Medicare,5155.52,8,Paid
P10246,51,Female,Pennsylvania,Kidney Disease,Central PA Medical,2025-09-21,2025-10-05,Medicare,11614.99,14,Pending
P10260,67,Female,Virginia,Heart Disease,Central PA Medical,2025-09-21,2025-09-26,Medicaid,13463.02,5,Denied
P10358,49,Female,New Jersey,High Cholesterol,Summit Health System,2025-09-21,2025-09-26,Medicare,4842.46,5,Pending
P10509,56,Male,Pennsylvania,Asthma,Summit Health System,2025-09-21,2025-09-27,Medicare,5762.48,6,Paid
P10644,59,Female,Pennsylvania,Cancer,Summit Health System,2025-09-21,2025-09-26,Medicare,17448.75,5,Paid
P10694,32,Male,Virginia,Diabetes,Keystone Medical Center,2025-09-21,2025-09-23,Medicaid,4263.87,2,Paid
P10788,78,Male,Delaware,COPD,Central PA Medical,2025-09-21,2025-09-27,Commercial,8965.13,6,Paid
P10791,39,Female,Pennsylvania,Diabetes,Allegheny Health Center,2025-09-21,2025-09-23,Commercial,4322.13,2,Paid
P10924,70,Female,Pennsylvania,High Cholesterol,Community Care Hospital,2025-09-21,2025-09-30,Medicare,6974.01,9,Pending
P10942,27,Male,New Jersey,Pneumonia,Riverside Health,2025-09-21,2025-09-22,Medicaid,5686.03,1,Pending
P11059,24,Male,Maryland,Diabetes,Pinecrest Medical,2025-09-21,2025-09-25,Medicare,6235.14,4,Pending
P11070,55,Male,Pennsylvania,Diabetes,Keystone Medical Center,2025-09-21,2025-09-26,Medicaid,8367.61,5,Paid
P11145,31,Male,Pennsylvania,Arthritis,Keystone Medical Center,2025-09-21,2025-09-24,Commercial,2818.88,3,Paid
P11158,20,Female,New Jersey,Hypertension,Riverside Health,2025-09-21,2025-09-23,Medicaid,4382.47,2,Paid
P11232,72,Female,New Jersey,Kidney Disease,Central PA Medical,2025-09-21,2025-09-28,Commercial,8871.6,7,Denied
P11237,31,Female,Pennsylvania,Pneumonia,Valley Care Hospital,2025-09-21,2025-09-24,Medicare,6907.34,3,Paid
P11297,42,Female,Ohio,Asthma,Community Care Hospital,2025-09-21,2025-09-22,Medicare,4038.36,1,Pending
P11345,53,Male,New Jersey,Arthritis,Keystone Medical Center,2025-09-21,2025-09-22,Commercial,500.0,1,Paid
P11390,56,Male,Virginia,Cancer,Community Care Hospital,2025-09-21,2025-09-25,Medicaid,15880.39,4,Paid
P11466,71,Female,New York,Kidney Disease,Pinecrest Medical,2025-09-21,2025-09-24,Medicaid,10393.55,3,Paid
P11491,35,Male,Pennsylvania,Pneumonia,Valley Care Hospital,2025-09-21,2025-09-25,Medicare,6568.08,4,Paid
P10211,75,Female,Ohio,Pneumonia,Keystone Medical Center,2025-09-22,2025-09-26,Medicare,6839.06,4,Paid
P10390,47,Male,New Jersey,Asthma,Penn Valley Hospital,2025-09-22,2025-10-01,Commercial,8438.5,9,Paid
P10507,61,Male,Pennsylvania,Cancer,Central PA Medical,2025-09-22,2025-09-29,Self-Pay,20216.48,7,Paid
P10820,21,Male,Pennsylvania,Cancer,Summit Health System,2025-09-22,2025-09-25,Medicare,17178.43,3,Paid
P10858,26,Male,Pennsylvania,High Cholesterol,Allegheny Health Center,2025-09-22,2025-09-29,Commercial,4329.28,7,Paid
P10959,34,Male,Pennsylvania,Asthma,Harrisburg General Hospital,2025-09-22,2025-09-26,Commercial,6033.69,4,Paid
P10973,60,Male,Pennsylvania,High Cholesterol,Keystone Medical Center,2025-09-22,2025-09-28,Commercial,5686.29,6,Paid
P11226,85,Female,New York,Arthritis,Riverside Health,2025-09-22,2025-09-24,Commercial,2163.79,2,Denied
P11247,65,Female,Delaware,Arthritis,Harrisburg General Hospital,2025-09-22,2025-09-24,Medicaid,3533.01,2,Pending
P11341,26,Male,Pennsylvania,COPD,Central PA Medical,2025-09-22,2025-10-03,Commercial,15523.31,11,Paid
P10026,30,Female,New York,Heart Disease,Keystone Medical Center,2025-09-23,2025-09-30,Medicare,12243.53,7,Pending
P10034,22,Male,New Jersey,COPD,Summit Health System,2025-09-23,2025-10-02,Commercial,11788.34,9,Paid
P10081,70,Male,New Jersey,Kidney Disease,Central PA Medical,2025-09-23,2025-09-30,Medicaid,8891.98,7,Paid
P10099,81,Female,Delaware,Asthma,Riverside Health,2025-09-23,2025-10-03,Medicaid,7354.23,10,Denied
P10204,83,Female,Pennsylvania,COPD,Community Care Hospital,2025-09-23,2025-09-24,Commercial,7311.67,1,Paid
P10354,46,Female,New York,Kidney Disease,Pinecrest Medical,2025-09-23,2025-09-29,Medicaid,12211.05,6,Paid
P10643,27,Female,Pennsylvania,Heart Disease,Allegheny Health Center,2025-09-23,2025-09-30,Commercial,14252.78,7,Paid
P10925,41,Male,Pennsylvania,Asthma,Penn Valley Hospital,2025-09-23,2025-09-27,Commercial,5023.65,4,Pending
P10949,74,Male,New York,Cancer,Valley Care Hospital,2025-09-23,2025-09-24,Medicare,14239.47,1,Paid
P10993,45,Male,Pennsylvania,Hypertension,Keystone Medical Center,2025-09-23,2025-09-28,Self-Pay,5550.38,5,Paid
P11251,40,Female,Pennsylvania,High Cholesterol,Valley Care Hospital,2025-09-23,2025-09-27,Commercial,4659.39,4,Pending
P11466,84,Female,New Jersey,Hypertension,Community Care Hospital,2025-09-23,2025-09-26,Commercial,4321.25,3,Paid
P10014,69,Female,New Jersey,Kidney Disease,Summit Health System,2025-09-24,2025-10-02,Commercial,13754.11,8,Paid
P10028,81,Male,Pennsylvania,Diabetes,Central PA Medical,2025-09-24,2025-09-28,Medicare,5651.16,4,Paid
P10129,36,Male,New York,Pneumonia,Penn Valley Hospital,2025-09-24,2025-09-28,Medicare,8584.66,4,Paid
P10228,47,Female,Pennsylvania,Heart Disease,Riverside Health,2025-09-24,2025-09-28,Commercial,9234.59,4,Pending
P10309,44,Female,New Jersey,Asthma,Keystone Medical Center,2025-09-24,2025-09-25,Commercial,3485.14,1,Pending
P10453,35,Female,Pennsylvania,Asthma,Keystone Medical Center,2025-09-24,2025-10-02,Commercial,6752.3,8,Paid
P10499,27,Male,New Jersey,Kidney Disease,Pinecrest Medical,2025-09-24,2025-09-29,Medicare,9688.96,5,Pending
P10778,38,Male,Pennsylvania,Heart Disease,Harrisburg General Hospital,2025-09-24,2025-09-27,Commercial,9615.25,3,Paid
P10826,25,Male,Pennsylvania,Asthma,Summit Health System,2025-09-24,2025-10-04,Commercial,8141.29,10,Paid
P11201,26,Male,Maryland,Kidney Disease,Summit Health System,2025-09-24,2025-09-28,Medicaid,7619.27,4,Paid
P11202,37,Female,New Jersey,Arthritis,Valley Care Hospital,2025-09-24,2025-09-28,Self-Pay,5132.93,4,Paid
P11245,38,Female,Maryland,COPD,Penn Valley Hospital,2025-09-24,2025-10-03,Medicaid,9968.87,9,Pending
P11370,49,Female,Pennsylvania,Diabetes,Riverside Health,2025-09-24,2025-09-27,Medicaid,4634.07,3,Paid
P11424,44,Female,New York,Heart Disease,Summit Health System,2025-09-24,2025-09-27,Medicaid,11087.56,3,Pending
P11483,44,Male,New York,High Cholesterol,Keystone Medical Center,2025-09-24,2025-09-27,Medicaid,5267.39,3,Paid
P10034,68,Male,New York,Asthma,Riverside Health,2025-09-25,2025-09-29,Commercial,4853.06,4,Paid
P10053,80,Female,New Jersey,Asthma,Harrisburg General Hospital,2025-09-25,2025-09-26,Commercial,1749.42,1,Paid
P10201,38,Female,Pennsylvania,Pneumonia,Summit Health System,2025-09-25,2025-10-03,Commercial,10648.98,8,Pending
P10506,34,Female,New York,Cancer,Riverside Health,2025-09-25,2025-10-03,Commercial,21518.71,8,Pending
P10568,40,Female,Virginia,Hypertension,Riverside Health,2025-09-25,2025-09-29,Medicaid,3582.16,4,Paid
P10657,44,Female,Virginia,High Cholesterol,Keystone Medical Center,2025-09-25,2025-09-27,Commercial,3582.62,2,Paid
P10733,35,Female,Pennsylvania,Arthritis,Riverside Health,2025-09-25,2025-09-27,Medicare,3867.65,2,Paid
P10777,56,Male,Ohio,High Cholesterol,Valley Care Hospital,2025-09-25,2025-09-26,Commercial,4440.24,1,Paid
P10778,37,Male,Pennsylvania,COPD,Riverside Health,2025-09-25,2025-09-30,Commercial,10536.74,5,Paid
P10834,82,Male,New Jersey,Pneumonia,Community Care Hospital,2025-09-25,2025-09-27,Medicaid,7067.54,2,Paid
P10857,53,Male,Pennsylvania,COPD,Valley Care Hospital,2025-09-25,2025-09-29,Medicaid,7511.83,4,Paid
P10939,53,Male,Virginia,Asthma,Summit Health System,2025-09-25,2025-09-29,Commercial,3929.3,4,Paid
P10972,52,Female,Pennsylvania,High Cholesterol,Allegheny Health Center,2025-09-25,2025-09-28,Commercial,2906.54,3,Paid
P11112,32,Female,New York,Heart Disease,Riverside Health,2025-09-25,2025-09-26,Commercial,8811.81,1,Paid
P11168,32,Female,Pennsylvania,Cancer,Pinecrest Medical,2025-09-25,2025-09-27,Commercial,16422.78,2,Pending
P11188,82,Female,New York,Hypertension,Summit Health System,2025-09-25,2025-10-02,Commercial,6832.83,7,Paid
P11193,68,Female,Virginia,Pneumonia,Harrisburg General Hospital,2025-09-25,2025-09-28,Self-Pay,7346.56,3,Denied
P11409,54,Male,New Jersey,Pneumonia,Summit Health System,2025-09-25,2025-09-29,Medicaid,6505.21,4,Denied
P11418,44,Female,Delaware,Heart Disease,Summit Health System,2025-09-25,2025-10-08,Medicaid,17614.98,13,Paid
P10121,30,Female,Pennsylvania,High Cholesterol,Central PA Medical,2025-09-26,2025-10-01,Commercial,4811.74,5,Paid
P10294,29,Male,Virginia,Hypertension,Community Care Hospital,2025-09-26,2025-09-29,Commercial,5127.09,3,Denied
P10301,80,Male,Pennsylvania,Pneumonia,Community Care Hospital,2025-09-26,2025-10-03,Commercial,8003.24,7,Paid
P10351,39,Female,Pennsylvania,Heart Disease,Central PA Medical,2025-09-26,2025-09-30,Commercial,10688.9,4,Paid
P10392,72,Male,Pennsylvania,Hypertension,Pinecrest Medical,2025-09-26,2025-09-29,Commercial,5114.37,3,Paid
P10415,21,Male,Pennsylvania,Arthritis,Summit Health System,2025-09-26,2025-09-30,Medicare,2409.8,4,Paid
P10427,70,Female,Pennsylvania,High Cholesterol,Allegheny Health Center,2025-09-26,2025-10-03,Commercial,5003.67,7,Paid
P10737,48,Male,New York,Arthritis,Central PA Medical,2025-09-26,2025-09-28,Medicare,4018.19,2,Paid
P10741,67,Male,Virginia,Asthma,Central PA Medical,2025-09-26,2025-09-28,Medicaid,1304.91,2,Paid
P10791,40,Female,New York,Heart Disease,Allegheny Health Center,2025-09-26,2025-10-09,Self-Pay,13546.88,13,Paid
P10918,63,Female,New York,Heart Disease,Valley Care Hospital,2025-09-26,2025-09-29,Commercial,10712.96,3,Paid
P11207,57,Female,Pennsylvania,Hypertension,Allegheny Health Center,2025-09-26,2025-10-01,Medicare,7234.29,5,Pending
P11269,33,Female,Virginia,COPD,Allegheny Health Center,2025-09-26,2025-10-06,Self-Pay,11923.2,10,Pending
P11430,67,Female,Pennsylvania,High Cholesterol,Central PA Medical,2025-09-26,2025-10-01,Medicaid,5630.96,5,Paid
P10089,58,Male,Pennsylvania,COPD,Riverside Health,2025-09-27,2025-10-01,Medicare,8641.7,4,Paid
P10179,49,Male,Pennsylvania,Pneumonia,Penn Valley Hospital,2025-09-27,2025-10-02,Medicare,9387.64,5,Pending
P10280,24,Male,Delaware,COPD,Summit Health System,2025-09-27,2025-10-02,Medicare,6112.75,5,Paid
P10401,51,Male,Delaware,Arthritis,Central PA Medical,2025-09-27,2025-10-03,Commercial,7885.79,6,Paid
P10811,21,Female,Virginia,Diabetes,Keystone Medical Center,2025-09-27,2025-10-10,Commercial,7462.04,13,Paid
P10856,43,Female,New Jersey,Arthritis,Valley Care Hospital,2025-09-27,2025-09-29,Medicaid,4209.77,2,Denied
P11081,63,Male,Ohio,Asthma,Keystone Medical Center,2025-09-27,2025-09-28,Commercial,2752.86,1,Paid
P11225,39,Male,Pennsylvania,COPD,Summit Health System,2025-09-27,2025-10-10,Commercial,16758.76,13,Paid
P11298,52,Female,Pennsylvania,Hypertension,Summit Health System,2025-09-27,2025-10-01,Medicaid,5278.21,4,Paid
P11424,29,Male,Ohio,Pneumonia,Central PA Medical,2025-09-27,2025-09-29,Medicare,5849.02,2,Denied
P10172,70,Male,New York,Heart Disease,Riverside Health,2025-09-28,2025-10-06,Medicare,11057.69,8,Paid
P10177,68,Female,New York,Heart Disease,Pinecrest Medical,2025-09-28,2025-10-01,Medicaid,10088.9,3,Paid
P10180,43,Female,New York,COPD,Summit Health System,2025-09-28,2025-10-03,Medicaid,9185.28,5,Denied
P10227,47,Female,Maryland,COPD,Valley Care Hospital,2025-09-28,2025-09-29,Medicaid,7289.93,1,Paid
P10712,74,Female,Virginia,Pneumonia,Harrisburg General Hospital,2025-09-28,2025-10-01,Medicare,4629.72,3,Paid
P10824,57,Female,Virginia,Diabetes,Community Care Hospital,2025-09-28,2025-09-30,Medicaid,4822.31,2,Paid
P10852,37,Female,Pennsylvania,High Cholesterol,Harrisburg General Hospital,2025-09-28,2025-09-29,Medicare,4118.82,1,Paid
P10901,53,Female,Pennsylvania,Cancer,Pinecrest Medical,2025-09-28,2025-10-01,Commercial,16020.37,3,Paid
P10985,53,Female,Maryland,Arthritis,Allegheny Health Center,2025-09-28,2025-09-30,Medicare,1865.45,2,Paid
P11148,61,Female,Pennsylvania,COPD,Penn Valley Hospital,2025-09-28,2025-09-29,Medicaid,7146.81,1,Paid
P11159,44,Male,Pennsylvania,Arthritis,Valley Care Hospital,2025-09-28,2025-10-03,Commercial,5719.31,5,Denied
P11169,69,Female,Pennsylvania,Kidney Disease,Penn Valley Hospital,2025-09-28,2025-10-05,Medicare,10883.49,7,Paid
P11305,64,Male,Pennsylvania,COPD,Community Care Hospital,2025-09-28,2025-09-30,Medicaid,7359.39,2,Paid
P11329,29,Male,New York,Heart Disease,Valley Care Hospital,2025-09-28,2025-09-30,Self-Pay,8881.39,2,Paid
P11432,70,Male,Pennsylvania,Asthma,Harrisburg General Hospital,2025-09-28,2025-10-04,Medicaid,5168.47,6,Pending
P11453,56,Male,Virginia,Arthritis,Pinecrest Medical,2025-09-28,2025-10-05,Commercial,6310.61,7,Paid
P11471,38,Female,Virginia,Hypertension,Riverside Health,2025-09-28,2025-09-30,Medicare,4949.85,2,Pending
P10066,73,Female,Pennsylvania,High Cholesterol,Valley Care Hospital,2025-09-29,2025-10-03,Commercial,1220.46,4,Paid
P10227,41,Female,Pennsylvania,Kidney Disease,Valley Care Hospital,2025-09-29,2025-10-08,Commercial,14915.21,9,Pending
P10469,54,Male,Ohio,Arthritis,Allegheny Health Center,2025-09-29,2025-09-30,Medicare,2523.49,1,Paid
P10523,38,Male,New Jersey,Kidney Disease,Allegheny Health Center,2025-09-29,2025-10-03,Medicare,9623.57,4,Paid
P10579,43,Male,New Jersey,Cancer,Pinecrest Medical,2025-09-29,2025-10-01,Medicare,14554.77,2,Denied
P10657,26,Female,New Jersey,Heart Disease,Allegheny Health Center,2025-09-29,2025-10-08,Medicaid,12907.99,9,Denied
P10965,64,Female,Pennsylvania,Heart Disease,Central PA Medical,2025-09-29,2025-10-04,Medicare,10188.87,5,Paid
P11353,20,Male,Delaware,Pneumonia,Valley Care Hospital,2025-09-29,2025-10-05,Medicaid,7422.28,6,Paid
P11425,82,Male,Pennsylvania,Kidney Disease,Penn Valley Hospital,2025-09-29,2025-10-01,Commercial,8924.13,2,Paid
P10096,81,Male,Maryland,Heart Disease,Allegheny Health Center,2025-09-30,2025-10-03,Commercial,10196.92,3,Paid
P10103,68,Female,New York,Heart Disease,Keystone Medical Center,2025-09-30,2025-10-01,Commercial,8107.3,1,Denied
P10206,25,Male,Maryland,Pneumonia,Keystone Medical Center,2025-09-30,2025-10-02,Medicare,6822.24,2,Pending
P10214,46,Male,Delaware,High Cholesterol,Riverside Health,2025-09-30,2025-10-02,Self-Pay,4193.8,2,Paid
P10483,78,Female,New Jersey,Pneumonia,Summit Health System,2025-09-30,2025-10-02,Medicare,7658.65,2,Paid
P10547,69,Male,New Jersey,Cancer,Keystone Medical Center,2025-09-30,2025-10-06,Commercial,16269.18,6,Paid
P10616,44,Male,Pennsylvania,Arthritis,Keystone Medical Center,2025-09-30,2025-10-03,Medicare,5041.05,3,Paid
P10619,50,Female,New Jersey,Diabetes,Community Care Hospital,2025-09-30,2025-10-03,Medicaid,4275.69,3,Paid
P10723,82,Female,Delaware,Asthma,Penn Valley Hospital,2025-09-30,2025-10-07,Medicare,7860.22,7,Paid
P10741,26,Male,Pennsylvania,High Cholesterol,Harrisburg General Hospital,2025-09-30,2025-10-11,Commercial,8574.88,11,Paid
P10769,85,Male,Pennsylvania,High Cholesterol,Summit Health System,2025-09-30,2025-10-10,Medicare,9621.65,10,Paid
P10916,67,Male,New York,Hypertension,Penn Valley Hospital,2025-09-30,2025-10-12,Medicare,6514.85,12,Paid
P11136,38,Female,Delaware,Arthritis,Summit Health System,2025-09-30,2025-10-03,Commercial,3724.94,3,Paid
P11371,39,Female,Pennsylvania,Diabetes,Summit Health System,2025-09-30,2025-10-01,Medicaid,3544.41,1,Denied
P11381,54,Female,New Jersey,Cancer,Keystone Medical Center,2025-09-30,2025-10-11,Commercial,20026.4,11,Pending
P11401,74,Male,Pennsylvania,Cancer,Central PA Medical,2025-09-30,2025-10-11,Medicare,20220.94,11,Paid
P11422,22,Male,Pennsylvania,COPD,Pinecrest Medical,2025-09-30,2025-10-02,Medicaid,9444.0,2,Paid
P10054,26,Male,Pennsylvania,High Cholesterol,Valley Care Hospital,2025-10-01,2025-10-09,Medicare,5849.23,8,Paid
P10087,73,Female,Pennsylvania,Heart Disease,Pinecrest Medical,2025-10-01,2025-10-03,Medicare,10834.13,2,Denied
P10167,57,Female,Virginia,Heart Disease,Summit Health System,2025-10-01,2025-10-02,Medicare,9241.67,1,Paid
P10177,55,Male,Ohio,Kidney Disease,Pinecrest Medical,2025-10-01,2025-10-07,Commercial,9342.85,6,Paid
P10440,50,Male,Virginia,Kidney Disease,Summit Health System,2025-10-01,2025-10-05,Commercial,9973.2,4,Paid
P10633,24,Male,Pennsylvania,Heart Disease,Allegheny Health Center,2025-10-01,2025-10-10,Commercial,14053.68,9,Paid
P10714,70,Female,New Jersey,Diabetes,Harrisburg General Hospital,2025-10-01,2025-10-12,Self-Pay,10791.44,11,Paid
P10845,51,Female,New York,High Cholesterol,Summit Health System,2025-10-01,2025-10-03,Commercial,3800.4,2,Pending
P11020,19,Female,Pennsylvania,Cancer,Pinecrest Medical,2025-10-01,2025-10-08,Commercial,15511.79,7,Pending
P11448,54,Male,New Jersey,Heart Disease,Summit Health System,2025-10-01,2025-10-06,Medicare,12500.54,5,Pending
P10016,41,Male,Pennsylvania,Pneumonia,Central PA Medical,2025-10-02,2025-10-13,Commercial,9651.8,11,Paid
P10070,32,Male,Pennsylvania,Heart Disease,Allegheny Health Center,2025-10-02,2025-10-06,Medicare,11892.52,4,Paid
P10238,61,Female,Pennsylvania,Heart Disease,Keystone Medical Center,2025-10-02,2025-10-05,Medicare,9522.74,3,Paid
P10265,27,Female,Maryland,High Cholesterol,Harrisburg General Hospital,2025-10-02,2025-10-05,Commercial,4766.28,3,Paid
P10366,55,Male,Pennsylvania,Pneumonia,Harrisburg General Hospital,2025-10-02,2025-10-04,Medicaid,7176.92,2,Paid
P10777,67,Male,New Jersey,Asthma,Valley Care Hospital,2025-10-02,2025-10-07,Commercial,5484.43,5,Pending
P10869,70,Female,Pennsylvania,Pneumonia,Valley Care Hospital,2025-10-02,2025-10-06,Commercial,10928.76,4,Paid
P11042,62,Male,Virginia,Asthma,Penn Valley Hospital,2025-10-02,2025-10-03,Self-Pay,4334.2,1,Pending
P11089,25,Male,New York,Heart Disease,Allegheny Health Center,2025-10-02,2025-10-04,Medicare,9225.25,2,Paid
P11247,27,Male,Pennsylvania,Pneumonia,Community Care Hospital,2025-10-02,2025-10-06,Commercial,9188.69,4,Paid
P11277,67,Male,Pennsylvania,Kidney Disease,Penn Valley Hospital,2025-10-02,2025-10-05,Medicare,8561.42,3,Paid
P11433,39,Male,Virginia,Asthma,Summit Health System,2025-10-02,2025-10-07,Self-Pay,2095.27,5,Paid
P10068,32,Female,Pennsylvania,Diabetes,Allegheny Health Center,2025-10-03,2025-10-15,Medicare,9563.82,12,Paid
P10160,51,Female,Pennsylvania,Heart Disease,Valley Care Hospital,2025-10-03,2025-10-08,Commercial,10792.42,5,Pending
P10349,48,Male,Ohio,Hypertension,Harrisburg General Hospital,2025-10-03,2025-10-14,Self-Pay,6785.35,11,Paid
P10476,36,Female,Virginia,Diabetes,Valley Care Hospital,2025-10-03,2025-10-06,Medicaid,5733.8,3,Paid
P10831,38,Male,Pennsylvania,Heart Disease,Keystone Medical Center,2025-10-03,2025-10-07,Commercial,9776.7,4,Denied
P10974,46,Male,New York,Kidney Disease,Pinecrest Medical,2025-10-03,2025-10-09,Commercial,8873.17,6,Paid
P10982,32,Female,Pennsylvania,COPD,Community Care Hospital,2025-10-03,2025-10-09,Commercial,11604.78,6,Paid
P11238,41,Male,New Jersey,Hypertension,Riverside Health,2025-10-03,2025-10-04,Medicaid,2191.1,1,Denied
P11499,25,Female,New York,Diabetes,Harrisburg General Hospital,2025-10-03,2025-10-07,Medicaid,7391.49,4,Paid
P10162,67,Female,Pennsylvania,Cancer,Riverside Health,2025-10-04,2025-10-16,Medicare,22962.27,12,Paid
P10205,75,Female,Maryland,Arthritis,Penn Valley Hospital,2025-10-04,2025-10-08,Medicaid,5200.44,4,Paid
P10262,84,Male,New York,Kidney Disease,Central PA Medical,2025-10-04,2025-10-06,Medicaid,8484.61,2,Paid
P10320,80,Male,Pennsylvania,COPD,Summit Health System,2025-10-04,2025-10-05,Self-Pay,8813.27,1,Paid
P10385,56,Female,Delaware,High Cholesterol,Riverside Health,2025-10-04,2025-10-08,Commercial,3228.35,4,Paid
P10514,77,Female,New York,High Cholesterol,Community Care Hospital,2025-10-04,2025-10-15,Medicare,7271.01,11,Paid
P10569,51,Male,New Jersey,Arthritis,Community Care Hospital,2025-10-04,2025-10-06,Medicaid,3432.77,2,Denied
P10725,44,Male,Pennsylvania,COPD,Summit Health System,2025-10-04,2025-10-09,Medicaid,10223.33,5,Paid
P10837,25,Male,Virginia,Asthma,Riverside Health,2025-10-04,2025-10-05,Self-Pay,2953.58,1,Paid
P10881,22,Male,Pennsylvania,Hypertension,Summit Health System,2025-10-04,2025-10-08,Self-Pay,5987.98,4,Paid
P10913,31,Female,New Jersey,Heart Disease,Harrisburg General Hospital,2025-10-04,2025-10-05,Commercial,8420.63,1,Paid
P10920,23,Female,New Jersey,Hypertension,Keystone Medical Center,2025-10-04,2025-10-09,Commercial,2823.71,5,Paid
P11044,55,Male,Pennsylvania,Kidney Disease,Valley Care Hospital,2025-10-04,2025-10-08,Medicare,8323.15,4,Paid
P11048,50,Female,Maryland,Hypertension,Summit Health System,2025-10-04,2025-10-08,Commercial,5150.65,4,Paid
P11086,38,Male,Pennsylvania,Diabetes,Riverside Health,2025-10-04,2025-10-06,Commercial,2757.23,2,Paid
P11202,83,Male,Pennsylvania,High Cholesterol,Allegheny Health Center,2025-10-04,2025-10-10,Commercial,3431.14,6,Paid
P11207,80,Male,Pennsylvania,Arthritis,Central PA Medical,2025-10-04,2025-10-09,Commercial,5281.19,5,Pending
P11242,76,Female,New Jersey,Arthritis,Keystone Medical Center,2025-10-04,2025-10-08,Commercial,2883.73,4,Paid
P11305,34,Male,Virginia,High Cholesterol,Central PA Medical,2025-10-04,2025-10-13,Medicaid,6656.25,9,Denied
P11450,36,Female,Ohio,Hypertension,Penn Valley Hospital,2025-10-04,2025-10-05,Medicare,2952.86,1,Paid
P10037,62,Male,New York,Asthma,Keystone Medical Center,2025-10-05,2025-10-06,Medicare,3821.74,1,Paid
P10044,37,Female,New Jersey,High Cholesterol,Harrisburg General Hospital,2025-10-05,2025-10-10,Commercial,3236.97,5,Paid
P10103,44,Male,New Jersey,Pneumonia,Keystone Medical Center,2025-10-05,2025-10-06,Medicaid,6084.71,1,Pending
P10169,80,Male,Pennsylvania,High Cholesterol,Harrisburg General Hospital,2025-10-05,2025-10-07,Medicaid,4893.82,2,Paid
P10201,25,Male,Pennsylvania,Hypertension,Penn Valley Hospital,2025-10-05,2025-10-14,Commercial,6091.12,9,Paid
P10273,45,Female,Virginia,COPD,Keystone Medical Center,2025-10-05,2025-10-09,Medicaid,7454.65,4,Paid
P10369,48,Female,Pennsylvania,Heart Disease,Summit Health System,2025-10-05,2025-10-12,Commercial,12203.93,7,Paid
P10809,84,Female,Pennsylvania,Cancer,Community Care Hospital,2025-10-05,2025-10-10,Medicaid,18365.6,5,Paid
P10935,44,Male,Pennsylvania,Pneumonia,Pinecrest Medical,2025-10-05,2025-10-10,Medicare,10125.9,5,Paid
P11026,85,Female,Pennsylvania,Cancer,Central PA Medical,2025-10-05,2025-10-06,Medicare,15602.26,1,Paid
P11255,36,Male,Pennsylvania,High Cholesterol,Penn Valley Hospital,2025-10-05,2025-10-12,Commercial,4472.0,7,Paid
P10017,38,Male,Pennsylvania,High Cholesterol,Community Care Hospital,2025-10-06,2025-10-09,Commercial,4627.43,3,Paid
P10172,37,Male,Pennsylvania,Heart Disease,Riverside Health,2025-10-06,2025-10-11,Medicare,12065.26,5,Paid
P10578,79,Male,Pennsylvania,Heart Disease,Valley Care Hospital,2025-10-06,2025-10-07,Commercial,10534.29,1,Paid
P10587,74,Female,Pennsylvania,High Cholesterol,Penn Valley Hospital,2025-10-06,2025-10-08,Commercial,4654.07,2,Paid
P10723,19,Female,Maryland,Pneumonia,Summit Health System,2025-10-06,2025-10-09,Commercial,7579.03,3,Paid
P10743,72,Female,Virginia,Diabetes,Harrisburg General Hospital,2025-10-06,2025-10-08,Self-Pay,5048.6,2,Paid
P10933,77,Female,Delaware,COPD,Keystone Medical Center,2025-10-06,2025-10-09,Medicaid,6977.99,3,Paid
P11028,75,Female,Pennsylvania,Kidney Disease,Central PA Medical,2025-10-06,2025-10-09,Medicaid,8270.72,3,Paid
P11112,45,Male,Pennsylvania,High Cholesterol,Pinecrest Medical,2025-10-06,2025-10-16,Self-Pay,7599.43,10,Paid
P11114,38,Female,Pennsylvania,Pneumonia,Penn Valley Hospital,2025-10-06,2025-10-09,Medicaid,6932.14,3,Pending
P11344,59,Male,Pennsylvania,Heart Disease,Keystone Medical Center,2025-10-06,2025-10-14,Self-Pay,12078.15,8,Paid
P10103,50,Male,Pennsylvania,High Cholesterol,Community Care Hospital,2025-10-07,2025-10-08,Medicaid,500.0,1,Paid
P10211,68,Male,Pennsylvania,Heart Disease,Central PA Medical,2025-10-07,2025-10-09,Medicaid,10649.76,2,Paid
P10330,70,Male,Pennsylvania,Diabetes,Harrisburg General Hospital,2025-10-07,2025-10-13,Commercial,7626.37,6,Pending
P10380,41,Female,Virginia,Hypertension,Summit Health System,2025-10-07,2025-10-12,Medicaid,7318.41,5,Paid
P10578,54,Female,New Jersey,COPD,Community Care Hospital,2025-10-07,2025-10-09,Medicaid,8215.12,2,Paid
P10660,32,Male,New Jersey,Pneumonia,Riverside Health,2025-10-07,2025-10-08,Medicare,5382.18,1,Paid
P10666,48,Female,Pennsylvania,High Cholesterol,Keystone Medical Center,2025-10-07,2025-10-12,Medicare,5189.72,5,Paid
P10683,33,Male,Virginia,COPD,Harrisburg General Hospital,2025-10-07,2025-10-09,Medicare,10395.03,2,Pending
P10917,59,Female,Pennsylvania,Pneumonia,Community Care Hospital,2025-10-07,2025-10-09,Medicare,4994.39,2,Paid
P10968,71,Female,New Jersey,Asthma,Keystone Medical Center,2025-10-07,2025-10-09,Medicaid,4547.67,2,Paid
P11027,69,Female,Virginia,Heart Disease,Central PA Medical,2025-10-07,2025-10-13,Commercial,11918.56,6,Paid
P11130,61,Female,Pennsylvania,Heart Disease,Penn Valley Hospital,2025-10-07,2025-10-19,Commercial,15764.3,12,Paid
P11151,52,Female,Pennsylvania,Arthritis,Harrisburg General Hospital,2025-10-07,2025-10-13,Medicaid,4165.19,6,Paid
P11305,61,Male,Virginia,High Cholesterol,Summit Health System,2025-10-07,2025-10-09,Medicare,3958.95,2,Paid
P10030,72,Female,Ohio,Asthma,Keystone Medical Center,2025-10-08,2025-10-15,Commercial,9447.31,7,Denied
P10052,82,Male,Pennsylvania,Heart Disease,Penn Valley Hospital,2025-10-08,2025-10-10,Medicaid,9953.05,2,Pending
P10079,26,Female,Pennsylvania,Kidney Disease,Penn Valley Hospital,2025-10-08,2025-10-14,Medicaid,9172.03,6,Paid
P10107,79,Female,Pennsylvania,Heart Disease,Central PA Medical,2025-10-08,2025-10-15,Medicare,12327.81,7,Paid
P10199,39,Female,Pennsylvania,Hypertension,Central PA Medical,2025-10-08,2025-10-14,Commercial,7209.79,6,Paid
P10335,70,Female,Pennsylvania,Asthma,Riverside Health,2025-10-08,2025-10-21,Commercial,11837.33,13,Paid
P10462,81,Female,Pennsylvania,High Cholesterol,Penn Valley Hospital,2025-10-08,2025-10-17,Commercial,6717.6,9,Paid
P10629,76,Male,Virginia,Diabetes,Pinecrest Medical,2025-10-08,2025-10-09,Medicaid,4784.69,1,Paid
P10840,28,Male,New York,Kidney Disease,Penn Valley Hospital,2025-10-08,2025-10-14,Commercial,11050.35,6,Paid
P11232,25,Female,Pennsylvania,Pneumonia,Keystone Medical Center,2025-10-08,2025-10-10,Commercial,6589.52,2,Paid
P11238,63,Male,Pennsylvania,Arthritis,Penn Valley Hospital,2025-10-08,2025-10-13,Commercial,6154.71,5,Paid
P10081,30,Female,Ohio,Diabetes,Community Care Hospital,2025-10-09,2025-10-11,Medicare,6199.33,2,Paid
P10093,66,Male,Pennsylvania,COPD,Penn Valley Hospital,2025-10-09,2025-10-12,Medicare,7063.45,3,Paid
P10300,24,Female,Ohio,Hypertension,Summit Health System,2025-10-09,2025-10-10,Medicare,3115.15,1,Paid
P10307,64,Female,Pennsylvania,High Cholesterol,Allegheny Health Center,2025-10-09,2025-10-22,Medicare,13012.22,13,Paid
P10543,84,Male,Ohio,COPD,Keystone Medical Center,2025-10-09,2025-10-12,Medicaid,8281.98,3,Paid
P10670,52,Female,Ohio,Asthma,Harrisburg General Hospital,2025-10-09,2025-10-18,Medicare,5583.22,9,Paid
P10699,52,Male,Pennsylvania,Kidney Disease,Riverside Health,2025-10-09,2025-10-15,Self-Pay,9519.84,6,Paid
P10788,55,Male,Maryland,Hypertension,Allegheny Health Center,2025-10-09,2025-10-10,Commercial,1144.81,1,Paid
P10934,66,Female,Maryland,High Cholesterol,Central PA Medical,2025-10-09,2025-10-19,Commercial,7722.51,10,Paid
P11068,33,Male,New York,Arthritis,Pinecrest Medical,2025-10-09,2025-10-11,Commercial,3239.28,2,Paid
P11073,84,Female,Virginia,Diabetes,Riverside Health,2025-10-09,2025-10-16,Commercial,9032.73,7,Paid
P11145,29,Female,Pennsylvania,Cancer,Community Care Hospital,2025-10-09,2025-10-11,Medicare,17885.22,2,Paid
P11260,69,Female,Maryland,High Cholesterol,Central PA Medical,2025-10-09,2025-10-10,Medicaid,3540.47,1,Pending
P11266,20,Female,Pennsylvania,Cancer,Community Care Hospital,2025-10-09,2025-10-11,Medicare,16395.8,2,Paid
P11293,75,Male,New York,COPD,Harrisburg General Hospital,2025-10-09,2025-10-15,Commercial,9951.98,6,Paid
P11483,22,Female,Pennsylvania,Cancer,Keystone Medical Center,2025-10-09,2025-10-10,Commercial,14474.39,1,Paid
P10082,77,Male,Pennsylvania,COPD,Community Care Hospital,2025-10-10,2025-10-11,Medicaid,7150.25,1,Paid
P10132,85,Female,Pennsylvania,Kidney Disease,Valley Care Hospital,2025-10-10,2025-10-21,Commercial,14211.0,11,Paid
P10180,51,Female,Pennsylvania,Arthritis,Community Care Hospital,2025-10-10,2025-10-18,Commercial,4434.09,8,Paid
P10200,81,Female,Ohio,High Cholesterol,Pinecrest Medical,2025-10-10,2025-10-14,Medicare,3462.78,4,Paid
P10250,46,Male,Delaware,Arthritis,Riverside Health,2025-10-10,2025-10-16,Medicaid,4809.32,6,Paid
P10443,23,Male,Ohio,Asthma,Harrisburg General Hospital,2025-10-10,2025-10-21,Commercial,6347.92,11,Pending
P10497,68,Female,New York,COPD,Harrisburg General Hospital,2025-10-10,2025-10-12,Commercial,6288.5,2,Pending
P10546,82,Male,Pennsylvania,Kidney Disease,Pinecrest Medical,2025-10-10,2025-10-14,Medicare,10464.22,4,Pending
P10830,67,Female,Pennsylvania,Asthma,Riverside Health,2025-10-10,2025-10-22,Commercial,7025.87,12,Paid
P10859,64,Female,Pennsylvania,Kidney Disease,Penn Valley Hospital,2025-10-10,2025-10-20,Commercial,12625.37,10,Paid
P10868,31,Male,Pennsylvania,High Cholesterol,Summit Health System,2025-10-10,2025-10-11,Medicare,2826.95,1,Paid
P10886,74,Male,Pennsylvania,Arthritis,Riverside Health,2025-10-10,2025-10-16,Self-Pay,5891.5,6,Paid
P11045,23,Male,Delaware,COPD,Summit Health System,2025-10-10,2025-10-18,Commercial,8752.04,8,Paid
P11206,19,Female,Delaware,Asthma,Allegheny Health Center,2025-10-10,2025-10-12,Medicare,2502.37,2,Paid
P11318,41,Female,New Jersey,Pneumonia,Community Care Hospital,2025-10-10,2025-10-13,Medicare,5601.94,3,Paid
P11364,70,Male,Pennsylvania,Hypertension,Valley Care Hospital,2025-10-10,2025-10-11,Medicaid,2941.45,1,Paid
P11414,18,Male,Maryland,Hypertension,Riverside Health,2025-10-10,2025-10-24,Commercial,8614.53,14,Pending
P10228,40,Male,Pennsylvania,Heart Disease,Central PA Medical,2025-10-11,2025-10-15,Commercial,11182.91,4,Paid
P10312,21,Male,New York,Hypertension,Pinecrest Medical,2025-10-11,2025-10-20,Medicaid,9986.45,9,Paid
P10397,65,Female,New Jersey,Cancer,Keystone Medical Center,2025-10-11,2025-10-13,Medicare,16023.94,2,Paid
P10640,49,Female,Pennsylvania,Hypertension,Valley Care Hospital,2025-10-11,2025-10-14,Medicaid,4317.89,3,Paid
P10645,84,Female,Pennsylvania,High Cholesterol,Riverside Health,2025-10-11,2025-10-13,Commercial,3164.66,2,Paid
P10667,35,Female,New York,Heart Disease,Community Care Hospital,2025-10-11,2025-10-12,Medicaid,8622.38,1,Paid
P10701,81,Male,Pennsylvania,Diabetes,Allegheny Health Center,2025-10-11,2025-10-23,Medicare,9535.68,12,Paid
P10731,38,Female,Ohio,Arthritis,Pinecrest Medical,2025-10-11,2025-10-22,Medicaid,8956.45,11,Paid
P10983,30,Female,Ohio,Asthma,Central PA Medical,2025-10-11,2025-10-18,Commercial,6597.63,7,Paid
P11001,36,Female,Delaware,COPD,Valley Care Hospital,2025-10-11,2025-10-17,Medicare,9852.26,6,Pending
P11143,19,Male,Pennsylvania,Pneumonia,Riverside Health,2025-10-11,2025-10-15,Commercial,8309.45,4,Pending
P11402,58,Female,Pennsylvania,Arthritis,Harrisburg General Hospital,2025-10-11,2025-10-16,Commercial,5722.44,5,Paid
P11492,72,Male,New York,Kidney Disease,Riverside Health,2025-10-11,2025-10-15,Medicare,8597.7,4,Paid
P10167,83,Female,Virginia,Kidney Disease,Riverside Health,2025-10-12,2025-10-13,Commercial,8387.22,1,Paid
P10177,35,Female,Pennsylvania,High Cholesterol,Pinecrest Medical,2025-10-12,2025-10-20,Medicare,7163.47,8,Denied
P10335,63,Male,Pennsylvania,Hypertension,Allegheny Health Center,2025-10-12,2025-10-22,Commercial,7866.42,10,Pending
P10566,24,Female,Pennsylvania,Heart Disease,Riverside Health,2025-10-12,2025-10-18,Self-Pay,12032.84,6,Paid
P10579,53,Female,Pennsylvania,Hypertension,Allegheny Health Center,2025-10-12,2025-10-14,Medicaid,4944.61,2,Paid
P10657,78,Female,Pennsylvania,High Cholesterol,Allegheny Health Center,2025-10-12,2025-10-20,Commercial,5356.2,8,Paid
P10743,38,Female,Ohio,Asthma,Community Care Hospital,2025-10-12,2025-10-15,Commercial,4301.15,3,Paid
P10765,56,Female,Pennsylvania,Heart Disease,Central PA Medical,2025-10-12,2025-10-23,Medicaid,18283.7,11,Paid
P10882,29,Female,Virginia,Heart Disease,Riverside Health,2025-10-12,2025-10-14,Commercial,10845.1,2,Paid
P10885,43,Male,Pennsylvania,Kidney Disease,Harrisburg General Hospital,2025-10-12,2025-10-13,Medicare,7372.35,1,Paid
P10987,53,Male,Pennsylvania,Pneumonia,Penn Valley Hospital,2025-10-12,2025-10-17,Medicaid,10098.15,5,Paid
P11190,25,Male,New Jersey,Arthritis,Central PA Medical,2025-10-12,2025-10-19,Medicare,7539.64,7,Paid
P11210,55,Female,New Jersey,COPD,Keystone Medical Center,2025-10-12,2025-10-20,Medicaid,12375.48,8,Paid
P11232,44,Male,Delaware,Kidney Disease,Community Care Hospital,2025-10-12,2025-10-13,Medicaid,8042.77,1,Paid
P11281,40,Female,New York,Asthma,Keystone Medical Center,2025-10-12,2025-10-17,Medicaid,2609.86,5,Paid
P11337,59,Female,Virginia,Pneumonia,Pinecrest Medical,2025-10-12,2025-10-13,Commercial,6121.28,1,Paid
P10098,70,Male,New Jersey,Kidney Disease,Penn Valley Hospital,2025-10-13,2025-10-23,Medicare,10715.15,10,Paid
P10201,55,Male,Ohio,Cancer,Pinecrest Medical,2025-10-13,2025-10-24,Commercial,22188.8,11,Paid
P10269,30,Female,Ohio,Pneumonia,Allegheny Health Center,2025-10-13,2025-10-16,Commercial,5136.17,3,Paid
P10396,66,Female,Virginia,Cancer,Riverside Health,2025-10-13,2025-10-14,Medicare,15055.3,1,Paid
P10501,63,Male,Virginia,Hypertension,Central PA Medical,2025-10-13,2025-10-16,Medicare,4160.84,3,Paid
P10666,21,Male,Pennsylvania,High Cholesterol,Pinecrest Medical,2025-10-13,2025-10-16,Self-Pay,5398.77,3,Pending
P10740,21,Male,New Jersey,Pneumonia,Central PA Medical,2025-10-13,2025-10-14,Medicaid,5938.38,1,Pending
P11065,49,Male,Virginia,Diabetes,Summit Health System,2025-10-13,2025-10-16,Self-Pay,4464.47,3,Paid
P11400,57,Female,Maryland,High Cholesterol,Keystone Medical Center,2025-10-13,2025-10-14,Medicaid,2749.78,1,Paid
P11452,19,Male,Pennsylvania,High Cholesterol,Penn Valley Hospital,2025-10-13,2025-10-17,Medicare,4485.33,4,Paid
P11476,55,Female,Virginia,Cancer,Harrisburg General Hospital,2025-10-13,2025-10-20,Medicare,19414.26,7,Pending
P11476,22,Male,Pennsylvania,Asthma,Penn Valley Hospital,2025-10-13,2025-10-15,Medicare,2837.53,2,Paid
P10198,54,Male,New York,Cancer,Riverside Health,2025-10-14,2025-10-18,Medicaid,19059.34,4,Pending
P10680,65,Male,New Jersey,Diabetes,Harrisburg General Hospital,2025-10-14,2025-10-23,Commercial,6897.76,9,Paid
P10725,63,Female,Virginia,Heart Disease,Harrisburg General Hospital,2025-10-14,2025-10-19,Medicare,10750.18,5,Paid
P10726,68,Female,New York,Diabetes,Allegheny Health Center,2025-10-14,2025-10-21,Medicaid,7574.7,7,Paid
P10978,27,Female,Pennsylvania,COPD,Valley Care Hospital,2025-10-14,2025-10-16,Medicare,7109.16,2,Paid
P11083,53,Female,Pennsylvania,Hypertension,Pinecrest Medical,2025-10-14,2025-10-25,Medicaid,11354.65,11,Paid
P11178,77,Male,Pennsylvania,High Cholesterol,Summit Health System,2025-10-14,2025-10-15,Commercial,2071.42,1,Paid
P11204,65,Female,Maryland,Pneumonia,Riverside Health,2025-10-14,2025-10-23,Self-Pay,10725.74,9,Paid
P11239,70,Male,Maryland,Arthritis,Keystone Medical Center,2025-10-14,2025-10-16,Medicare,4307.68,2,Paid
P10027,81,Male,New York,Diabetes,Summit Health System,2025-10-15,2025-10-19,Medicare,4554.59,4,Paid
P10100,31,Male,Pennsylvania,Diabetes,Community Care Hospital,2025-10-15,2025-10-16,Commercial,3907.67,1,Paid
P10132,70,Female,Pennsylvania,Asthma,Summit Health System,2025-10-15,2025-10-16,Medicaid,3109.31,1,Paid
P10320,55,Female,Delaware,Cancer,Harrisburg General Hospital,2025-10-15,2025-10-20,Commercial,16543.53,5,Paid
P10496,43,Male,Pennsylvania,Cancer,Keystone Medical Center,2025-10-15,2025-10-17,Commercial,15081.1,2,Paid
P10540,50,Male,Pennsylvania,Cancer,Riverside Health,2025-10-15,2025-10-21,Medicaid,19180.49,6,Pending
P10632,56,Female,Pennsylvania,Pneumonia,Allegheny Health Center,2025-10-15,2025-10-27,Commercial,14513.33,12,Paid
P10726,69,Female,Ohio,COPD,Riverside Health,2025-10-15,2025-10-19,Medicaid,9230.62,4,Paid
P10808,78,Male,Maryland,Heart Disease,Pinecrest Medical,2025-10-15,2025-10-17,Medicare,11838.77,2,Paid
P10819,30,Male,New Jersey,Diabetes,Valley Care Hospital,2025-10-15,2025-10-18,Medicaid,5724.12,3,Paid
P10822,43,Male,Ohio,Cancer,Allegheny Health Center,2025-10-15,2025-10-21,Commercial,17501.75,6,Paid
P10930,53,Male,Delaware,Asthma,Summit Health System,2025-10-15,2025-10-22,Commercial,5147.7,7,Paid
P11047,22,Female,Maryland,Arthritis,Keystone Medical Center,2025-10-15,2025-10-17,Commercial,3364.95,2,Paid
P11080,20,Female,Maryland,High Cholesterol,Allegheny Health Center,2025-10-15,2025-10-24,Medicaid,6224.61,9,Pending
P11124,42,Female,Pennsylvania,Hypertension,Pinecrest Medical,2025-10-15,2025-10-19,Medicare,5336.44,4,Denied
P11126,70,Male,Pennsylvania,Hypertension,Allegheny Health Center,2025-10-15,2025-10-27,Medicare,12452.09,12,Paid
P11288,67,Male,New Jersey,Cancer,Pinecrest Medical,2025-10-15,2025-10-23,Commercial,17798.83,8,Paid
P11338,68,Male,Pennsylvania,Heart Disease,Pinecrest Medical,2025-10-15,2025-10-18,Medicare,9810.07,3,Paid
P11394,65,Female,New York,Pneumonia,Pinecrest Medical,2025-10-15,2025-10-16,Medicaid,7565.08,1,Pending
P11465,38,Male,Pennsylvania,Kidney Disease,Penn Valley Hospital,2025-10-15,2025-10-22,Commercial,10190.6,7,Paid
P10025,40,Male,Pennsylvania,Arthritis,Community Care Hospital,2025-10-16,2025-10-18,Medicare,1379.54,2,Paid
P10126,18,Male,Virginia,Asthma,Harrisburg General Hospital,2025-10-16,2025-10-22,Commercial,4456.2,6,Paid
P10232,19,Female,New Jersey,Asthma,Riverside Health,2025-10-16,2025-10-19,Self-Pay,3459.06,3,Paid
P10343,45,Female,Delaware,Arthritis,Community Care Hospital,2025-10-16,2025-10-21,Commercial,5232.65,5,Paid
P10365,42,Female,Pennsylvania,Hypertension,Summit Health System,2025-10-16,2025-10-20,Commercial,3329.68,4,Paid
P10383,63,Male,Virginia,Pneumonia,Penn Valley Hospital,2025-10-16,2025-10-17,Medicare,5977.67,1,Paid
P10403,61,Male,Pennsylvania,High Cholesterol,Keystone Medical Center,2025-10-16,2025-10-19,Medicaid,2485.91,3,Paid
P10425,79,Male,Ohio,High Cholesterol,Penn Valley Hospital,2025-10-16,2025-10-18,Commercial,4327.51,2,Paid
P10631,30,Female,Pennsylvania,Pneumonia,Penn Valley Hospital,2025-10-16,2025-10-19,Medicaid,7322.89,3,Paid
P10827,18,Female,New York,Kidney Disease,Harrisburg General Hospital,2025-10-16,2025-10-18,Commercial,7659.85,2,Pending
P10835,77,Male,Pennsylvania,Hypertension,Valley Care Hospital,2025-10-16,2025-10-18,Medicare,4174.95,2,Paid
P10860,70,Male,Maryland,Hypertension,Pinecrest Medical,2025-10-16,2025-10-26,Commercial,8432.13,10,Paid
P10894,35,Female,New Jersey,Diabetes,Riverside Health,2025-10-16,2025-10-25,Medicare,8247.64,9,Paid
P10922,30,Female,New Jersey,Pneumonia,Allegheny Health Center,2025-10-16,2025-10-17,Medicaid,6863.95,1,Denied
P10970,81,Male,Virginia,Hypertension,Summit Health System,2025-10-16,2025-10-23,Commercial,9480.15,7,Paid
P11015,57,Female,Pennsylvania,High Cholesterol,Penn Valley Hospital,2025-10-16,2025-10-18,Medicaid,2745.44,2,Paid
P11032,82,Female,Pennsylvania,Hypertension,Harrisburg General Hospital,2025-10-16,2025-10-26,Commercial,8292.53,10,Paid
P11116,36,Female,Virginia,Arthritis,Penn Valley Hospital,2025-10-16,2025-10-30,Commercial,8949.49,14,Paid
P11381,67,Male,Pennsylvania,Hypertension,Penn Valley Hospital,2025-10-16,2025-10-24,Medicare,6997.7,8,Pending
P10002,30,Male,Maryland,High Cholesterol,Central PA Medical,2025-10-17,2025-10-21,Self-Pay,5816.4,4,Paid
P10083,59,Female,New Jersey,High Cholesterol,Pinecrest Medical,2025-10-17,2025-10-19,Medicare,3823.26,2,Pending
P10121,24,Female,New Jersey,Hypertension,Valley Care Hospital,2025-10-17,2025-10-21,Medicare,4975.66,4,Paid
P10254,37,Female,Virginia,Diabetes,Summit Health System,2025-10-17,2025-10-24,Medicare,8032.79,7,Paid
P10404,56,Male,Virginia,Diabetes,Penn Valley Hospital,2025-10-17,2025-10-27,Commercial,7608.1,10,Paid
P10491,30,Male,Pennsylvania,Pneumonia,Pinecrest Medical,2025-10-17,2025-10-19,Medicare,7518.03,2,Denied
P10670,60,Female,Maryland,High Cholesterol,Valley Care Hospital,2025-10-17,2025-10-18,Medicaid,2669.65,1,Paid
P10736,29,Male,Virginia,Heart Disease,Harrisburg General Hospital,2025-10-17,2025-10-21,Self-Pay,9475.01,4,Paid
P10880,68,Female,Ohio,High Cholesterol,Riverside Health,2025-10-17,2025-10-20,Medicaid,2814.62,3,Pending
P10938,75,Female,Maryland,Asthma,Allegheny Health Center,2025-10-17,2025-10-21,Commercial,3922.59,4,Paid
P11258,61,Female,Pennsylvania,Asthma,Harrisburg General Hospital,2025-10-17,2025-10-30,Self-Pay,10020.8,13,Paid
P11379,42,Female,New Jersey,High Cholesterol,Community Care Hospital,2025-10-17,2025-10-28,Self-Pay,9568.1,11,Paid
P11428,23,Female,Ohio,COPD,Summit Health System,2025-10-17,2025-10-20,Commercial,7695.3,3,Denied
P11479,57,Male,New Jersey,Hypertension,Allegheny Health Center,2025-10-17,2025-10-23,Commercial,7880.14,6,Paid
P10110,38,Male,Pennsylvania,Cancer,Central PA Medical,2025-10-18,2025-10-21,Medicare,16506.51,3,Paid
P10147,32,Female,New Jersey,Diabetes,Pinecrest Medical,2025-10-18,2025-10-24,Medicaid,5123.96,6,Paid
P10183,48,Female,Virginia,Kidney Disease,Riverside Health,2025-10-18,2025-10-21,Commercial,9457.76,3,Paid
P10305,32,Male,Maryland,Pneumonia,Summit Health System,2025-10-18,2025-10-21,Commercial,8152.06,3,Paid
P10568,19,Female,Ohio,Hypertension,Pinecrest Medical,2025-10-18,2025-10-20,Medicare,3497.75,2,Paid
P10669,72,Female,New York,Cancer,Penn Valley Hospital,2025-10-18,2025-10-23,Commercial,16430.64,5,Paid
P10738,31,Female,New Jersey,Heart Disease,Community Care Hospital,2025-10-18,2025-10-21,Medicare,9986.49,3,Paid
P10881,26,Female,Maryland,Kidney Disease,Allegheny Health Center,2025-10-18,2025-10-21,Commercial,8795.85,3,Paid
P10954,48,Female,Maryland,Pneumonia,Community Care Hospital,2025-10-18,2025-10-19,Commercial,7173.67,1,Paid
P11171,56,Male,Ohio,Cancer,Harrisburg General Hospital,2025-10-18,2025-10-31,Medicare,22722.3,13,Paid
P11242,32,Male,Pennsylvania,High Cholesterol,Riverside Health,2025-10-18,2025-10-21,Medicaid,4307.49,3,Paid
P11294,65,Male,Pennsylvania,Pneumonia,Valley Care Hospital,2025-10-18,2025-10-26,Medicaid,10363.29,8,Paid
P11312,37,Male,New Jersey,Diabetes,Keystone Medical Center,2025-10-18,2025-10-22,Commercial,5095.98,4,Paid
P11333,26,Female,Maryland,Asthma,Valley Care Hospital,2025-10-18,2025-10-19,Self-Pay,4113.42,1,Paid
P10077,42,Female,Pennsylvania,Heart Disease,Penn Valley Hospital,2025-10-19,2025-10-21,Commercial,9700.55,2,Paid
P10086,27,Male,New York,Kidney Disease,Penn Valley Hospital,2025-10-19,2025-10-20,Commercial,6960.11,1,Paid
P10427,24,Female,New York,Cancer,Pinecrest Medical,2025-10-19,2025-10-22,Medicare,15493.84,3,Paid
P10438,36,Male,Pennsylvania,Asthma,Keystone Medical Center,2025-10-19,2025-10-23,Commercial,4622.96,4,Paid
P10458,42,Male,New York,Arthritis,Harrisburg General Hospital,2025-10-19,2025-10-29,Commercial,6793.92,10,Paid
P10713,33,Female,Delaware,Pneumonia,Valley Care Hospital,2025-10-19,2025-10-21,Medicare,6178.52,2,Pending
P10829,49,Male,New Jersey,Kidney Disease,Riverside Health,2025-10-19,2025-10-21,Commercial,9674.03,2,Paid
P10837,82,Female,Virginia,COPD,Allegheny Health Center,2025-10-19,2025-10-23,Commercial,6392.79,4,Paid
P10867,41,Female,Pennsylvania,Pneumonia,Community Care Hospital,2025-10-19,2025-10-24,Medicaid,7217.2,5,Paid
P10918,38,Female,Ohio,Hypertension,Central PA Medical,2025-10-19,2025-10-30,Medicaid,10236.77,11,Paid
P11148,27,Female,Delaware,Arthritis,Allegheny Health Center,2025-10-19,2025-10-29,Medicaid,10602.83,10,Paid
P11275,54,Male,Maryland,Arthritis,Harrisburg General Hospital,2025-10-19,2025-10-21,Commercial,2685.94,2,Paid
P11416,46,Female,Pennsylvania,Pneumonia,Central PA Medical,2025-10-19,2025-10-29,Self-Pay,10373.65,10,Pending
P10080,38,Male,Maryland,Hypertension,Riverside Health,2025-10-20,2025-10-28,Medicare,8184.62,8,Paid
P10097,53,Female,Pennsylvania,Arthritis,Central PA Medical,2025-10-20,2025-10-21,Medicare,3126.97,1,Paid
P10236,77,Female,Maryland,Kidney Disease,Central PA Medical,2025-10-20,2025-10-21,Commercial,8634.37,1,Paid
P10238,32,Male,New Jersey,Heart Disease,Pinecrest Medical,2025-10-20,2025-10-21,Commercial,8442.89,1,Paid
P10299,81,Male,Maryland,Heart Disease,Keystone Medical Center,2025-10-20,2025-10-23,Commercial,9602.67,3,Paid
P10560,45,Male,Pennsylvania,High Cholesterol,Summit Health System,2025-10-20,2025-10-22,Commercial,2830.05,2,Paid
P10628,71,Male,New Jersey,Hypertension,Allegheny Health Center,2025-10-20,2025-10-23,Medicaid,6398.33,3,Paid
P10652,54,Male,Pennsylvania,Cancer,Pinecrest Medical,2025-10-20,2025-10-25,Commercial,16212.03,5,Pending
P10724,78,Female,Pennsylvania,Hypertension,Harrisburg General Hospital,2025-10-20,2025-10-25,Medicaid,6613.02,5,Paid
P10786,64,Female,Pennsylvania,Kidney Disease,Allegheny Health Center,2025-10-20,2025-10-26,Commercial,10888.38,6,Paid
P10819,45,Male,Ohio,Hypertension,Central PA Medical,2025-10-20,2025-10-22,Medicare,3703.11,2,Paid
P10854,55,Female,Pennsylvania,Kidney Disease,Valley Care Hospital,2025-10-20,2025-10-26,Commercial,11225.88,6,Denied
P10947,34,Male,Delaware,Arthritis,Keystone Medical Center,2025-10-20,2025-10-26,Commercial,6525.29,6,Paid
P10970,36,Male,Pennsylvania,Heart Disease,Riverside Health,2025-10-20,2025-10-21,Medicare,9813.89,1,Paid
P11045,79,Male,Delaware,Pneumonia,Community Care Hospital,2025-10-20,2025-10-24,Commercial,7354.03,4,Paid
P11251,41,Male,Virginia,Hypertension,Valley Care Hospital,2025-10-20,2025-10-28,Commercial,7531.82,8,Paid
P11351,38,Female,Pennsylvania,Heart Disease,Valley Care Hospital,2025-10-20,2025-10-22,Self-Pay,10802.7,2,Pending
P11366,61,Male,New York,High Cholesterol,Riverside Health,2025-10-20,2025-10-25,Commercial,5117.53,5,Paid
P11417,41,Male,Virginia,Hypertension,Pinecrest Medical,2025-10-20,2025-10-28,Commercial,4835.44,8,Paid
P10081,48,Male,Maryland,Kidney Disease,Central PA Medical,2025-10-21,2025-10-25,Medicare,9709.67,4,Denied
P10147,59,Female,Pennsylvania,Hypertension,Riverside Health,2025-10-21,2025-10-23,Medicare,2424.28,2,Paid
P10216,43,Male,New York,Asthma,Allegheny Health Center,2025-10-21,2025-10-22,Commercial,567.36,1,Pending
P10387,83,Male,Pennsylvania,COPD,Valley Care Hospital,2025-10-21,2025-10-25,Medicare,8339.07,4,Paid
P10413,35,Male,Virginia,Cancer,Pinecrest Medical,2025-10-21,2025-10-22,Commercial,13778.68,1,Pending
P10732,24,Female,Pennsylvania,Heart Disease,Penn Valley Hospital,2025-10-21,2025-10-29,Commercial,14455.51,8,Paid
P10801,32,Female,Pennsylvania,Pneumonia,Valley Care Hospital,2025-10-21,2025-10-23,Medicare,7150.82,2,Paid
P10829,76,Male,Delaware,Pneumonia,Keystone Medical Center,2025-10-21,2025-11-04,Medicare,14017.46,14,Paid
P10882,85,Male,Ohio,Arthritis,Pinecrest Medical,2025-10-21,2025-10-31,Commercial,5016.6,10,Paid
P10961,29,Male,New York,COPD,Penn Valley Hospital,2025-10-21,2025-10-22,Medicare,7123.62,1,Paid
P11225,81,Female,Pennsylvania,Kidney Disease,Penn Valley Hospital,2025-10-21,2025-10-22,Commercial,6296.44,1,Pending
P11332,79,Female,Pennsylvania,Kidney Disease,Riverside Health,2025-10-21,2025-10-24,Commercial,9355.0,3,Paid
P11414,54,Female,New York,Pneumonia,Community Care Hospital,2025-10-21,2025-10-28,Commercial,8467.84,7,Paid
P11423,48,Male,Ohio,Cancer,Valley Care Hospital,2025-10-21,2025-10-22,Commercial,15669.97,1,Paid
P11435,25,Male,Pennsylvania,Hypertension,Community Care Hospital,2025-10-21,2025-11-03,Commercial,14121.67,13,Paid
P10182,21,Male,Pennsylvania,Heart Disease,Allegheny Health Center,2025-10-22,2025-10-25,Commercial,11222.46,3,Paid
P10268,36,Male,Pennsylvania,Cancer,Harrisburg General Hospital,2025-10-22,2025-10-27,Medicaid,17556.94,5,Denied
P10313,53,Male,Pennsylvania,High Cholesterol,Allegheny Health Center,2025-10-22,2025-10-23,Commercial,3137.75,1,Paid
P10349,33,Male,Pennsylvania,Hypertension,Riverside Health,2025-10-22,2025-10-24,Medicare,3378.4,2,Paid
P10373,53,Male,Ohio,Heart Disease,Keystone Medical Center,2025-10-22,2025-10-26,Medicaid,10719.81,4,Paid
P10458,52,Female,New York,Arthritis,Keystone Medical Center,2025-10-22,2025-11-01,Commercial,7252.47,10,Paid
P10514,61,Female,Pennsylvania,Diabetes,Pinecrest Medical,2025-10-22,2025-10-30,Medicaid,6621.23,8,Paid
P10553,70,Female,Pennsylvania,Asthma,Keystone Medical Center,2025-10-22,2025-10-26,Medicare,3869.16,4,Paid
P10600,51,Female,New Jersey,Diabetes,Pinecrest Medical,2025-10-22,2025-10-24,Medicare,4266.88,2,Paid
P10615,51,Male,Pennsylvania,High Cholesterol,Summit Health System,2025-10-22,2025-10-25,Commercial,5455.75,3,Pending
P10816,33,Male,Virginia,Kidney Disease,Valley Care Hospital,2025-10-22,2025-10-25,Commercial,7466.41,3,Paid
P10906,30,Male,Pennsylvania,Arthritis,Central PA Medical,2025-10-22,2025-10-28,Commercial,4677.51,6,Paid
P10932,40,Male,Pennsylvania,High Cholesterol,Community Care Hospital,2025-10-22,2025-10-27,Commercial,4067.68,5,Paid
P11034,36,Male,New Jersey,Pneumonia,Central PA Medical,2025-10-22,2025-11-04,Self-Pay,16364.22,13,Paid
P11453,34,Female,Pennsylvania,Asthma,Harrisburg General Hospital,2025-10-22,2025-10-23,Medicare,2053.04,1,Paid
P11493,35,Female,Maryland,High Cholesterol,Pinecrest Medical,2025-10-22,2025-10-24,Medicaid,3983.66,2,Paid
P10045,63,Female,Pennsylvania,Heart Disease,Pinecrest Medical,2025-10-23,2025-10-26,Commercial,11506.53,3,Denied
P10108,65,Female,Pennsylvania,Cancer,Pinecrest Medical,2025-10-23,2025-10-24,Medicare,14891.35,1,Paid
P10153,25,Male,Pennsylvania,Hypertension,Summit Health System,2025-10-23,2025-10-24,Commercial,3539.19,1,Paid
P10178,31,Male,Pennsylvania,Cancer,Valley Care Hospital,2025-10-23,2025-10-25,Medicare,16282.97,2,Paid
P10230,77,Female,Pennsylvania,Heart Disease,Pinecrest Medical,2025-10-23,2025-11-01,Medicare,11896.49,9,Paid
P10270,83,Female,New York,Kidney Disease,Harrisburg General Hospital,2025-10-23,2025-10-30,Medicaid,12095.09,7,Paid
P10519,46,Female,Pennsylvania,Arthritis,Keystone Medical Center,2025-10-23,2025-10-27,Commercial,5858.16,4,Paid
P10896,60,Female,Virginia,Diabetes,Keystone Medical Center,2025-10-23,2025-11-03,Medicare,11481.47,11,Paid
P10896,75,Female,Pennsylvania,Kidney Disease,Harrisburg General Hospital,2025-10-23,2025-10-24,Commercial,8873.28,1,Paid
P11095,62,Female,Ohio,Diabetes,Central PA Medical,2025-10-23,2025-10-24,Commercial,3585.73,1,Paid
P11170,25,Male,Pennsylvania,Asthma,Harrisburg General Hospital,2025-10-23,2025-10-28,Self-Pay,4373.91,5,Denied
P11285,81,Female,New Jersey,High Cholesterol,Summit Health System,2025-10-23,2025-10-26,Commercial,2799.01,3,Paid
P10453,47,Female,Pennsylvania,Asthma,Penn Valley Hospital,2025-10-24,2025-10-26,Medicaid,2859.05,2,Pending
P10499,32,Female,Pennsylvania,High Cholesterol,Central PA Medical,2025-10-24,2025-10-25,Commercial,1986.02,1,Paid
P10532,62,Female,Virginia,Asthma,Harrisburg General Hospital,2025-10-24,2025-10-28,Commercial,2705.03,4,Paid
P10613,75,Male,Ohio,Pneumonia,Pinecrest Medical,2025-10-24,2025-10-28,Medicaid,8926.32,4,Paid
P10056,43,Male,Pennsylvania,Hypertension,Valley Care Hospital,2025-10-25,2025-10-28,Medicare,3656.85,3,Denied
P10243,34,Female,New Jersey,Asthma,Community Care Hospital,2025-10-25,2025-11-01,Medicare,7404.86,7,Paid
P10415,64,Female,Pennsylvania,Cancer,Community Care Hospital,2025-10-25,2025-11-07,Medicare,22731.68,13,Denied
P10917,36,Male,Pennsylvania,COPD,Allegheny Health Center,2025-10-25,2025-10-28,Commercial,7093.88,3,Paid
P11149,57,Female,New York,Asthma,Allegheny Health Center,2025-10-25,2025-10-30,Medicare,4930.91,5,Pending
P11156,85,Female,New York,COPD,Summit Health System,2025-10-25,2025-10-30,Medicare,8110.99,5,Paid
P10296,79,Male,Pennsylvania,Hypertension,Community Care Hospital,2025-10-26,2025-10-30,Commercial,5313.64,4,Denied
P10736,56,Male,New York,Pneumonia,Keystone Medical Center,2025-10-26,2025-10-29,Commercial,7613.41,3,Paid
P11013,54,Male,New Jersey,Arthritis,Allegheny Health Center,2025-10-26,2025-11-06,Commercial,9831.55,11,Paid
P11092,49,Male,New Jersey,Asthma,Pinecrest Medical,2025-10-26,2025-10-29,Commercial,4618.6,3,Paid
P11233,79,Female,Pennsylvania,Asthma,Community Care Hospital,2025-10-26,2025-10-29,Medicaid,5394.88,3,Paid
P11403,80,Male,Virginia,Heart Disease,Community Care Hospital,2025-10-26,2025-10-30,Medicaid,11632.13,4,Paid
P11472,33,Female,New Jersey,Kidney Disease,Valley Care Hospital,2025-10-26,2025-10-28,Medicaid,9548.46,2,Paid
P10255,24,Female,Maryland,High Cholesterol,Central PA Medical,2025-10-27,2025-11-03,Commercial,5248.52,7,Paid
P10276,68,Female,Pennsylvania,Hypertension,Community Care Hospital,2025-10-27,2025-10-28,Medicaid,2513.21,1,Paid
P10310,43,Female,Pennsylvania,Heart Disease,Community Care Hospital,2025-10-27,2025-11-01,Commercial,10941.23,5,Paid
P10419,34,Male,New York,Hypertension,Central PA Medical,2025-10-27,2025-10-29,Commercial,2706.78,2,Paid
P10596,68,Male,New York,Kidney Disease,Pinecrest Medical,2025-10-27,2025-11-09,Commercial,12988.63,13,Paid
P10631,18,Male,Delaware,Cancer,Harrisburg General Hospital,2025-10-27,2025-10-29,Commercial,14696.85,2,Paid
P11049,49,Female,New York,High Cholesterol,Community Care Hospital,2025-10-27,2025-10-31,Medicare,4878.04,4,Paid
P11443,25,Male,New York,Kidney Disease,Central PA Medical,2025-10-27,2025-10-29,Commercial,9539.38,2,Paid
P10001,70,Male,Pennsylvania,Kidney Disease,Central PA Medical,2025-10-28,2025-10-31,Commercial,7410.64,3,Paid
P10224,34,Female,Pennsylvania,Asthma,Summit Health System,2025-10-28,2025-11-01,Self-Pay,4342.25,4,Paid
P10236,75,Female,Virginia,Kidney Disease,Central PA Medical,2025-10-28,2025-10-30,Medicaid,6163.69,2,Paid
P10252,46,Male,New Jersey,COPD,Valley Care Hospital,2025-10-28,2025-11-01,Commercial,9236.44,4,Paid
P10425,70,Female,Pennsylvania,Arthritis,Pinecrest Medical,2025-10-28,2025-11-02,Commercial,3859.8,5,Paid
P10496,29,Male,New York,Hypertension,Keystone Medical Center,2025-10-28,2025-11-06,Medicare,9737.54,9,Paid
P10697,71,Female,New York,Diabetes,Riverside Health,2025-10-28,2025-10-29,Medicaid,3234.34,1,Paid
P10718,38,Female,New York,Kidney Disease,Riverside Health,2025-10-28,2025-10-31,Medicare,9330.92,3,Pending
P10722,60,Male,Pennsylvania,Asthma,Valley Care Hospital,2025-10-28,2025-10-29,Medicare,3533.31,1,Paid
P10731,21,Female,New Jersey,Diabetes,Penn Valley Hospital,2025-10-28,2025-11-06,Medicare,7282.85,9,Paid
P10831,74,Male,Virginia,Hypertension,Central PA Medical,2025-10-28,2025-11-03,Medicaid,5620.26,6,Denied
P10869,19,Male,Pennsylvania,Arthritis,Allegheny Health Center,2025-10-28,2025-11-01,Commercial,3113.79,4,Paid
P11192,58,Male,Pennsylvania,COPD,Pinecrest Medical,2025-10-28,2025-11-02,Medicare,6778.84,5,Paid
P11286,19,Female,Pennsylvania,Heart Disease,Harrisburg General Hospital,2025-10-28,2025-10-31,Medicare,10662.11,3,Paid
P11346,62,Male,Delaware,COPD,Keystone Medical Center,2025-10-28,2025-11-09,Medicare,15271.47,12,Paid
P11353,37,Female,Pennsylvania,High Cholesterol,Harrisburg General Hospital,2025-10-28,2025-10-29,Commercial,4019.45,1,Pending
P10052,22,Female,New Jersey,High Cholesterol,Harrisburg General Hospital,2025-10-29,2025-11-01,Medicaid,2464.57,3,Paid
P10082,48,Male,Virginia,High Cholesterol,Pinecrest Medical,2025-10-29,2025-11-02,Commercial,4704.97,4,Paid
P10111,30,Female,Maryland,Diabetes,Penn Valley Hospital,2025-10-29,2025-10-30,Medicare,3164.03,1,Paid
P10368,57,Male,New Jersey,Diabetes,Central PA Medical,2025-10-29,2025-10-30,Commercial,3524.21,1,Pending
P10435,68,Male,Ohio,Arthritis,Penn Valley Hospital,2025-10-29,2025-10-30,Commercial,3231.65,1,Paid
P10512,71,Male,New Jersey,Asthma,Community Care Hospital,2025-10-29,2025-10-30,Medicaid,1827.04,1,Pending
P10704,21,Male,Delaware,Cancer,Keystone Medical Center,2025-10-29,2025-11-01,Medicaid,16127.65,3,Paid
P10823,83,Female,Pennsylvania,High Cholesterol,Central PA Medical,2025-10-29,2025-11-01,Medicaid,2746.47,3,Pending
P10855,51,Female,New Jersey,Pneumonia,Allegheny Health Center,2025-10-29,2025-11-01,Medicaid,7719.87,3,Paid
P10933,29,Female,Pennsylvania,Arthritis,Community Care Hospital,2025-10-29,2025-10-31,Commercial,1897.49,2,Paid
P10997,31,Female,Pennsylvania,Asthma,Central PA Medical,2025-10-29,2025-11-05,Commercial,8243.83,7,Paid
P11072,43,Male,New Jersey,Asthma,Allegheny Health Center,2025-10-29,2025-11-05,Medicaid,6940.71,7,Pending
P11075,57,Male,New York,Asthma,Keystone Medical Center,2025-10-29,2025-10-31,Self-Pay,3324.63,2,Paid
P11132,67,Female,Pennsylvania,Heart Disease,Central PA Medical,2025-10-29,2025-11-01,Medicare,12481.65,3,Paid
P11175,44,Female,New York,Asthma,Summit Health System,2025-10-29,2025-10-30,Commercial,1455.49,1,Paid
P11254,68,Female,Pennsylvania,Heart Disease,Harrisburg General Hospital,2025-10-29,2025-10-30,Commercial,7811.73,1,Pending
P11273,27,Male,Pennsylvania,Cancer,Community Care Hospital,2025-10-29,2025-11-01,Commercial,15832.55,3,Paid
P11285,39,Female,Pennsylvania,Heart Disease,Valley Care Hospital,2025-10-29,2025-11-10,Medicaid,15795.24,12,Paid
P11384,51,Male,Maryland,Kidney Disease,Pinecrest Medical,2025-10-29,2025-11-04,Medicare,9019.91,6,Pending
P10074,43,Male,New Jersey,High Cholesterol,Harrisburg General Hospital,2025-10-30,2025-11-05,Commercial,5867.21,6,Paid
P10142,32,Male,Pennsylvania,Diabetes,Harrisburg General Hospital,2025-10-30,2025-11-08,Commercial,8051.85,9,Paid
P10164,78,Female,Virginia,Pneumonia,Summit Health System,2025-10-30,2025-10-31,Medicaid,4595.27,1,Paid
P10184,20,Male,Delaware,Heart Disease,Harrisburg General Hospital,2025-10-30,2025-11-11,Medicare,16358.66,12,Paid
P10225,85,Male,Delaware,COPD,Pinecrest Medical,2025-10-30,2025-11-01,Medicaid,8083.12,2,Paid
P10305,64,Female,Pennsylvania,Heart Disease,Penn Valley Hospital,2025-10-30,2025-11-05,Medicaid,10630.52,6,Paid
P10438,69,Male,Virginia,Heart Disease,Community Care Hospital,2025-10-30,2025-10-31,Medicare,8729.6,1,Paid
P10529,76,Male,Pennsylvania,High Cholesterol,Harrisburg General Hospital,2025-10-30,2025-11-03,Commercial,5419.29,4,Paid
P10672,38,Male,New Jersey,Asthma,Penn Valley Hospital,2025-10-30,2025-11-09,Commercial,5863.01,10,Paid
P10674,79,Male,Pennsylvania,Kidney Disease,Valley Care Hospital,2025-10-30,2025-11-01,Medicaid,7646.65,2,Paid
P10881,79,Female,Pennsylvania,High Cholesterol,Riverside Health,2025-10-30,2025-11-06,Commercial,6318.36,7,Paid
P10908,62,Female,New Jersey,Hypertension,Keystone Medical Center,2025-10-30,2025-11-02,Medicaid,2606.84,3,Pending
P10948,57,Female,Pennsylvania,Asthma,Keystone Medical Center,2025-10-30,2025-11-07,Self-Pay,5784.94,8,Paid
P11093,65,Female,Virginia,High Cholesterol,Valley Care Hospital,2025-10-30,2025-11-01,Medicaid,2494.13,2,Paid
P11127,79,Female,Pennsylvania,Kidney Disease,Allegheny Health Center,2025-10-30,2025-11-01,Medicaid,8791.93,2,Paid
P11312,48,Female,Maryland,Cancer,Pinecrest Medical,2025-10-30,2025-10-31,Medicaid,14895.98,1,Paid
P11396,23,Male,Delaware,Diabetes,Penn Valley Hospital,2025-10-30,2025-11-06,Medicare,5930.34,7,Paid
P11403,78,Female,Virginia,Pneumonia,Penn Valley Hospital,2025-10-30,2025-11-02,Commercial,6610.3,3,Paid
P11443,52,Female,Virginia,Pneumonia,Riverside Health,2025-10-30,2025-11-02,Medicaid,8904.05,3,Paid
P11462,51,Female,New York,Kidney Disease,Keystone Medical Center,2025-10-30,2025-11-11,Commercial,14171.44,12,Pending
P11465,79,Female,Pennsylvania,Kidney Disease,Summit Health System,2025-10-30,2025-11-03,Medicare,9680.07,4,Denied
P10142,64,Male,New Jersey,Cancer,Community Care Hospital,2025-10-31,2025-11-03,Commercial,14847.22,3,Paid
P10208,23,Male,Pennsylvania,Hypertension,Harrisburg General Hospital,2025-10-31,2025-11-01,Commercial,2632.8,1,Paid
P10226,47,Female,New Jersey,COPD,Penn Valley Hospital,2025-10-31,2025-11-04,Medicare,10608.26,4,Paid
P10584,55,Male,Pennsylvania,Arthritis,Riverside Health,2025-10-31,2025-11-08,Commercial,6897.72,8,Paid
P10721,78,Male,Pennsylvania,Diabetes,Harrisburg General Hospital,2025-10-31,2025-11-09,Commercial,11712.93,9,Paid
P10733,77,Female,New York,Cancer,Community Care Hospital,2025-10-31,2025-11-07,Medicaid,18807.4,7,Paid
P10812,65,Female,Ohio,Hypertension,Summit Health System,2025-10-31,2025-11-12,Medicaid,13213.17,12,Paid
P11044,54,Male,Virginia,Asthma,Summit Health System,2025-10-31,2025-11-05,Self-Pay,2238.66,5,Paid
P11088,50,Male,Pennsylvania,Diabetes,Valley Care Hospital,2025-10-31,2025-11-03,Medicare,3684.24,3,Paid
P11092,48,Male,New York,Pneumonia,Harrisburg General Hospital,2025-10-31,2025-11-12,Medicare,8891.79,12,Paid
P11094,81,Female,Delaware,COPD,Keystone Medical Center,2025-10-31,2025-11-11,Commercial,13633.38,11,Denied
P11250,63,Female,Delaware,Diabetes,Community Care Hospital,2025-10-31,2025-11-02,Medicaid,4745.42,2,Paid
P11371,19,Male,Maryland,COPD,Riverside Health,2025-10-31,2025-11-04,Medicare,6027.66,4,Denied
P11418,24,Male,New Jersey,Heart Disease,Community Care Hospital,2025-10-31,2025-11-04,Medicare,11165.08,4,Denied
P10126,74,Male,Pennsylvania,Heart Disease,Valley Care Hospital,2025-11-01,2025-11-03,Self-Pay,8735.03,2,Paid
P10137,63,Female,New Jersey,High Cholesterol,Penn Valley Hospital,2025-11-01,2025-11-11,Medicare,8732.73,10,Paid
P10336,47,Female,Virginia,Kidney Disease,Allegheny Health Center,2025-11-01,2025-11-08,Medicare,11869.88,7,Denied
P10361,46,Female,Pennsylvania,Asthma,Pinecrest Medical,2025-11-01,2025-11-06,Commercial,4649.16,5,Paid
P10384,78,Male,New York,Arthritis,Community Care Hospital,2025-11-01,2025-11-03,Medicare,4908.59,2,Denied
P10536,45,Male,New Jersey,Cancer,Summit Health System,2025-11-01,2025-11-06,Medicaid,18027.2,5,Paid
P10598,37,Female,Pennsylvania,Heart Disease,Keystone Medical Center,2025-11-01,2025-11-05,Medicaid,11281.26,4,Denied
P10621,77,Female,Pennsylvania,Heart Disease,Valley Care Hospital,2025-11-01,2025-11-09,Commercial,14174.48,8,Paid
P10696,41,Female,Delaware,Cancer,Keystone Medical Center,2025-11-01,2025-11-05,Medicare,14442.28,4,Paid
P10769,42,Female,Pennsylvania,Diabetes,Pinecrest Medical,2025-11-01,2025-11-03,Commercial,3657.63,2,Paid
P10987,23,Male,Maryland,Asthma,Community Care Hospital,2025-11-01,2025-11-04,Medicaid,4397.55,3,Pending
P11060,38,Female,New Jersey,Cancer,Allegheny Health Center,2025-11-01,2025-11-08,Medicaid,17391.06,7,Paid
P11123,23,Male,Pennsylvania,COPD,Valley Care Hospital,2025-11-01,2025-11-03,Commercial,6236.06,2,Pending
P11236,34,Female,New York,Kidney Disease,Summit Health System,2025-11-01,2025-11-02,Medicaid,7035.41,1,Paid
P11255,47,Female,Ohio,COPD,Central PA Medical,2025-11-01,2025-11-04,Commercial,6391.53,3,Paid
P11264,82,Male,Pennsylvania,Arthritis,Valley Care Hospital,2025-11-01,2025-11-05,Medicare,3497.98,4,Paid
P11433,59,Female,Pennsylvania,Diabetes,Keystone Medical Center,2025-11-01,2025-11-08,Medicare,9209.06,7,Denied
P11458,59,Male,New Jersey,High Cholesterol,Central PA Medical,2025-11-01,2025-11-02,Medicare,1403.92,1,Pending
P10406,53,Female,Pennsylvania,Pneumonia,Valley Care Hospital,2025-11-02,2025-11-04,Medicare,7186.65,2,Paid
P10667,85,Female,Virginia,Hypertension,Pinecrest Medical,2025-11-02,2025-11-03,Medicare,2269.11,1,Pending
P10848,66,Male,Pennsylvania,Asthma,Penn Valley Hospital,2025-11-02,2025-11-05,Medicare,5594.06,3,Paid
P10958,58,Female,Pennsylvania,Arthritis,Valley Care Hospital,2025-11-02,2025-11-05,Commercial,5091.82,3,Paid
P11087,77,Female,Ohio,High Cholesterol,Riverside Health,2025-11-02,2025-11-03,Medicare,2257.59,1,Pending
P11369,33,Female,Virginia,Hypertension,Community Care Hospital,2025-11-02,2025-11-13,Medicare,10058.75,11,Paid
P11411,45,Male,Delaware,Hypertension,Penn Valley Hospital,2025-11-02,2025-11-07,Medicare,6430.5,5,Paid
P11457,85,Male,Pennsylvania,Hypertension,Valley Care Hospital,2025-11-02,2025-11-04,Commercial,4877.63,2,Paid
P10025,58,Female,Pennsylvania,COPD,Riverside Health,2025-11-03,2025-11-06,Medicare,8639.5,3,Paid
P10065,21,Male,Virginia,Arthritis,Summit Health System,2025-11-03,2025-11-05,Medicare,2873.83,2,Paid
P10216,79,Male,Pennsylvania,Cancer,Harrisburg General Hospital,2025-11-03,2025-11-06,Medicare,15046.45,3,Paid
P10419,78,Female,New Jersey,Kidney Disease,Allegheny Health Center,2025-11-03,2025-11-09,Self-Pay,11289.77,6,Paid
P10875,62,Male,Virginia,Asthma,Valley Care Hospital,2025-11-03,2025-11-07,Medicare,3697.79,4,Pending
P11042,44,Female,New Jersey,Arthritis,Community Care Hospital,2025-11-03,2025-11-05,Medicaid,4299.77,2,Paid
P11168,18,Female,Pennsylvania,Diabetes,Allegheny Health Center,2025-11-03,2025-11-05,Medicare,5885.13,2,Pending
P11268,56,Male,New Jersey,Diabetes,Riverside Health,2025-11-03,2025-11-14,Commercial,12161.11,11,Paid
P11309,57,Female,Virginia,Kidney Disease,Valley Care Hospital,2025-11-03,2025-11-06,Medicare,9550.18,3,Paid
P11391,34,Female,New York,High Cholesterol,Riverside Health,2025-11-03,2025-11-14,Medicare,10340.43,11,Paid
P11478,45,Male,Pennsylvania,Arthritis,Summit Health System,2025-11-03,2025-11-06,Medicaid,2972.61,3,Paid
P10048,72,Male,Pennsylvania,Kidney Disease,Penn Valley Hospital,2025-11-04,2025-11-05,Medicaid,8537.02,1,Denied
P10059,31,Male,Ohio,Diabetes,Pinecrest Medical,2025-11-04,2025-11-05,Commercial,3451.12,1,Paid
P10105,63,Male,New York,Pneumonia,Riverside Health,2025-11-04,2025-11-09,Medicare,7533.08,5,Paid
P10188,43,Male,New Jersey,Hypertension,Keystone Medical Center,2025-11-04,2025-11-07,Commercial,2722.08,3,Paid
P10351,57,Male,Pennsylvania,Diabetes,Community Care Hospital,2025-11-04,2025-11-11,Medicare,8396.31,7,Paid
P10502,18,Male,Pennsylvania,COPD,Keystone Medical Center,2025-11-04,2025-11-06,Medicaid,8174.3,2,Paid
P10755,67,Male,Pennsylvania,Asthma,Keystone Medical Center,2025-11-04,2025-11-05,Medicare,4246.82,1,Paid
P10954,53,Female,Ohio,Cancer,Pinecrest Medical,2025-11-04,2025-11-05,Commercial,14181.12,1,Denied
P11038,42,Female,Pennsylvania,Pneumonia,Allegheny Health Center,2025-11-04,2025-11-05,Self-Pay,7818.33,1,Paid
P11191,24,Female,Pennsylvania,Kidney Disease,Keystone Medical Center,2025-11-04,2025-11-08,Medicaid,7879.82,4,Paid
P11230,84,Female,New Jersey,Asthma,Pinecrest Medical,2025-11-04,2025-11-07,Commercial,3987.45,3,Pending
P11443,75,Male,Pennsylvania,Arthritis,Riverside Health,2025-11-04,2025-11-05,Medicare,2010.7,1,Paid
P10174,40,Female,New York,Heart Disease,Riverside Health,2025-11-05,2025-11-06,Medicare,8668.15,1,Pending
P10177,46,Male,Maryland,Pneumonia,Pinecrest Medical,2025-11-05,2025-11-15,Commercial,10207.92,10,Paid
P10509,84,Female,Ohio,Hypertension,Riverside Health,2025-11-05,2025-11-09,Medicare,5065.48,4,Paid
P10523,47,Female,Virginia,Heart Disease,Central PA Medical,2025-11-05,2025-11-09,Commercial,11134.08,4,Paid
P10627,58,Female,New Jersey,Diabetes,Community Care Hospital,2025-11-05,2025-11-12,Commercial,8761.87,7,Paid
P10762,47,Female,Virginia,High Cholesterol,Valley Care Hospital,2025-11-05,2025-11-09,Medicare,4722.74,4,Paid
P10814,21,Male,New York,Hypertension,Summit Health System,2025-11-05,2025-11-06,Medicaid,2720.26,1,Pending
P10933,52,Male,Pennsylvania,Pneumonia,Allegheny Health Center,2025-11-05,2025-11-10,Commercial,8392.06,5,Paid
P10938,82,Female,Ohio,Pneumonia,Allegheny Health Center,2025-11-05,2025-11-07,Medicare,6689.17,2,Paid
P11124,68,Male,New York,Diabetes,Valley Care Hospital,2025-11-05,2025-11-09,Medicare,7710.45,4,Paid
P11351,57,Female,Pennsylvania,Diabetes,Central PA Medical,2025-11-05,2025-11-12,Commercial,6496.17,7,Paid
P11435,30,Male,Pennsylvania,Kidney Disease,Community Care Hospital,2025-11-05,2025-11-11,Commercial,10443.66,6,Paid
P10040,66,Male,Virginia,Diabetes,Allegheny Health Center,2025-11-06,2025-11-07,Commercial,2787.95,1,Pending
P10097,78,Male,New Jersey,COPD,Harrisburg General Hospital,2025-11-06,2025-11-09,Commercial,8589.6,3,Denied
P10169,81,Female,Pennsylvania,Pneumonia,Summit Health System,2025-11-06,2025-11-08,Commercial,5630.98,2,Paid
P10180,63,Male,Ohio,Kidney Disease,Summit Health System,2025-11-06,2025-11-10,Medicare,8568.78,4,Paid
P10214,54,Male,Pennsylvania,Diabetes,Pinecrest Medical,2025-11-06,2025-11-11,Commercial,8808.51,5,Paid
P10283,40,Male,Ohio,Hypertension,Central PA Medical,2025-11-06,2025-11-08,Medicaid,4093.05,2,Pending
P10363,73,Male,New Jersey,Diabetes,Community Care Hospital,2025-11-06,2025-11-17,Commercial,6841.77,11,Paid
P10395,74,Female,Delaware,Asthma,Keystone Medical Center,2025-11-06,2025-11-07,Commercial,3091.05,1,Paid
P10517,59,Male,Ohio,Heart Disease,Pinecrest Medical,2025-11-06,2025-11-15,Commercial,13561.74,9,Paid
P10534,84,Male,Pennsylvania,Diabetes,Pinecrest Medical,2025-11-06,2025-11-08,Medicaid,5301.77,2,Paid
P10585,62,Female,Pennsylvania,Pneumonia,Keystone Medical Center,2025-11-06,2025-11-11,Medicaid,7896.54,5,Paid
P10595,65,Female,Virginia,Kidney Disease,Allegheny Health Center,2025-11-06,2025-11-14,Commercial,12048.84,8,Paid
P10823,63,Male,New York,High Cholesterol,Valley Care Hospital,2025-11-06,2025-11-13,Commercial,7198.46,7,Paid
P10931,74,Male,Pennsylvania,COPD,Penn Valley Hospital,2025-11-06,2025-11-14,Medicare,12470.82,8,Paid
P10947,22,Male,Pennsylvania,Cancer,Keystone Medical Center,2025-11-06,2025-11-10,Commercial,16561.17,4,Paid
P11158,82,Male,Virginia,Kidney Disease,Penn Valley Hospital,2025-11-06,2025-11-12,Commercial,13613.95,6,Paid
P11319,64,Male,New Jersey,Asthma,Pinecrest Medical,2025-11-06,2025-11-13,Commercial,8420.59,7,Paid
P11323,61,Male,Delaware,Hypertension,Penn Valley Hospital,2025-11-06,2025-11-07,Medicare,2451.32,1,Denied
P11407,59,Male,New Jersey,Pneumonia,Community Care Hospital,2025-11-06,2025-11-08,Self-Pay,7258.93,2,Paid
P10028,77,Female,New Jersey,Arthritis,Allegheny Health Center,2025-11-07,2025-11-10,Commercial,3627.32,3,Paid
P10095,50,Male,Maryland,Diabetes,Keystone Medical Center,2025-11-07,2025-11-14,Commercial,6960.23,7,Paid
P10381,55,Male,Pennsylvania,Kidney Disease,Pinecrest Medical,2025-11-07,2025-11-10,Commercial,10273.9,3,Paid
P10596,45,Male,Pennsylvania,Diabetes,Penn Valley Hospital,2025-11-07,2025-11-12,Medicaid,5262.14,5,Paid
P10715,56,Male,Ohio,Heart Disease,Penn Valley Hospital,2025-11-07,2025-11-09,Medicare,8387.13,2,Paid
P10719,61,Female,Pennsylvania,Arthritis,Harrisburg General Hospital,2025-11-07,2025-11-09,Medicare,2331.49,2,Paid
P10846,71,Male,Pennsylvania,Hypertension,Keystone Medical Center,2025-11-07,2025-11-10,Medicaid,5766.3,3,Paid
P10858,79,Male,Pennsylvania,Cancer,Harrisburg General Hospital,2025-11-07,2025-11-18,Commercial,19532.8,11,Paid
P10993,62,Male,Virginia,Kidney Disease,Allegheny Health Center,2025-11-07,2025-11-15,Commercial,10650.39,8,Paid
P11004,75,Male,New York,COPD,Summit Health System,2025-11-07,2025-11-08,Medicaid,5393.5,1,Paid
P11043,70,Female,Pennsylvania,Cancer,Keystone Medical Center,2025-11-07,2025-11-09,Medicare,15942.69,2,Paid
P11059,47,Male,Pennsylvania,Hypertension,Community Care Hospital,2025-11-07,2025-11-09,Medicaid,5616.39,2,Paid
P11266,36,Male,Pennsylvania,Hypertension,Community Care Hospital,2025-11-07,2025-11-12,Self-Pay,6149.87,5,Paid
P11424,36,Female,Pennsylvania,Diabetes,Pinecrest Medical,2025-11-07,2025-11-09,Medicaid,1956.7,2,Paid
P10013,84,Female,Virginia,Diabetes,Summit Health System,2025-11-08,2025-11-20,Medicare,10947.16,12,Paid
P10180,31,Male,Maryland,High Cholesterol,Riverside Health,2025-11-08,2025-11-11,Medicare,4503.07,3,Paid
P10327,24,Female,New York,Kidney Disease,Penn Valley Hospital,2025-11-08,2025-11-13,Medicare,7934.25,5,Pending
P10378,48,Male,Pennsylvania,Kidney Disease,Allegheny Health Center,2025-11-08,2025-11-12,Commercial,9781.88,4,Paid
P10570,33,Female,Ohio,Kidney Disease,Pinecrest Medical,2025-11-08,2025-11-10,Commercial,8092.14,2,Paid
P10748,25,Male,Pennsylvania,COPD,Valley Care Hospital,2025-11-08,2025-11-09,Medicare,7483.01,1,Paid
P10881,66,Female,Delaware,Cancer,Riverside Health,2025-11-08,2025-11-14,Medicare,18399.18,6,Paid
P10951,53,Female,Pennsylvania,Pneumonia,Summit Health System,2025-11-08,2025-11-17,Medicare,12536.95,9,Paid
P11008,74,Male,Pennsylvania,Heart Disease,Keystone Medical Center,2025-11-08,2025-11-10,Medicare,11027.11,2,Pending
P11177,67,Male,Delaware,Hypertension,Central PA Medical,2025-11-08,2025-11-09,Commercial,4507.33,1,Denied
P11206,41,Male,Pennsylvania,Cancer,Harrisburg General Hospital,2025-11-08,2025-11-09,Medicaid,14805.72,1,Paid
P11410,77,Male,Pennsylvania,High Cholesterol,Community Care Hospital,2025-11-08,2025-11-11,Commercial,2099.43,3,Paid
P11414,41,Male,Maryland,Pneumonia,Community Care Hospital,2025-11-08,2025-11-15,Medicaid,8406.64,7,Paid
P10037,18,Female,Pennsylvania,Arthritis,Penn Valley Hospital,2025-11-09,2025-11-12,Commercial,4779.38,3,Paid
P10093,49,Female,New York,High Cholesterol,Allegheny Health Center,2025-11-09,2025-11-21,Commercial,6282.97,12,Paid
P10110,42,Female,Pennsylvania,Heart Disease,Pinecrest Medical,2025-11-09,2025-11-23,Medicare,20025.38,14,Paid
P10139,34,Male,Pennsylvania,Arthritis,Penn Valley Hospital,2025-11-09,2025-11-10,Medicare,2814.88,1,Paid
P10140,53,Male,Pennsylvania,Arthritis,Central PA Medical,2025-11-09,2025-11-18,Medicare,6483.07,9,Paid
P10206,25,Female,Pennsylvania,Cancer,Riverside Health,2025-11-09,2025-11-10,Medicare,14378.21,1,Paid
P10240,76,Female,Maryland,Hypertension,Community Care Hospital,2025-11-09,2025-11-14,Medicare,8051.48,5,Paid
P10255,25,Female,Pennsylvania,Diabetes,Central PA Medical,2025-11-09,2025-11-19,Medicare,10174.32,10,Paid
P10318,79,Female,Pennsylvania,COPD,Keystone Medical Center,2025-11-09,2025-11-20,Medicare,10925.05,11,Pending
P10366,25,Male,Pennsylvania,Arthritis,Harrisburg General Hospital,2025-11-09,2025-11-10,Commercial,3078.92,1,Paid
P10367,41,Male,New York,Cancer,Central PA Medical,2025-11-09,2025-11-13,Self-Pay,17035.79,4,Paid
P10589,44,Female,Pennsylvania,Hypertension,Harrisburg General Hospital,2025-11-09,2025-11-20,Self-Pay,11685.82,11,Pending
P10596,27,Female,Maryland,COPD,Central PA Medical,2025-11-09,2025-11-12,Self-Pay,10102.02,3,Paid
P10758,55,Female,Pennsylvania,Cancer,Riverside Health,2025-11-09,2025-11-15,Medicaid,17350.7,6,Paid
P10835,34,Female,Ohio,COPD,Valley Care Hospital,2025-11-09,2025-11-13,Self-Pay,8971.42,4,Pending
P10917,72,Male,New Jersey,High Cholesterol,Penn Valley Hospital,2025-11-09,2025-11-13,Medicare,3814.77,4,Paid
P10920,80,Male,New Jersey,Kidney Disease,Central PA Medical,2025-11-09,2025-11-12,Medicare,7827.92,3,Paid
P11017,51,Male,Maryland,Heart Disease,Penn Valley Hospital,2025-11-09,2025-11-16,Commercial,10554.2,7,Paid
P11058,38,Female,Virginia,Cancer,Summit Health System,2025-11-09,2025-11-13,Medicaid,18489.11,4,Paid
P11165,48,Female,Maryland,Arthritis,Pinecrest Medical,2025-11-09,2025-11-10,Commercial,2402.81,1,Paid
P11167,81,Female,Pennsylvania,COPD,Penn Valley Hospital,2025-11-09,2025-11-22,Self-Pay,13843.45,13,Paid
P11186,61,Female,Delaware,Cancer,Central PA Medical,2025-11-09,2025-11-12,Medicaid,15666.93,3,Paid
P11294,79,Female,New York,Asthma,Pinecrest Medical,2025-11-09,2025-11-10,Medicare,2256.1,1,Paid
P11330,52,Female,New Jersey,Diabetes,Allegheny Health Center,2025-11-09,2025-11-12,Commercial,5246.69,3,Paid
P10209,73,Female,Pennsylvania,Pneumonia,Riverside Health,2025-11-10,2025-11-14,Commercial,8360.58,4,Paid
P10222,82,Female,New Jersey,Cancer,Keystone Medical Center,2025-11-10,2025-11-21,Commercial,17932.81,11,Pending
P10333,40,Male,Pennsylvania,Arthritis,Harrisburg General Hospital,2025-11-10,2025-11-18,Commercial,6549.53,8,Paid
P10346,82,Female,Virginia,Diabetes,Central PA Medical,2025-11-10,2025-11-14,Medicaid,4123.92,4,Paid
P10456,55,Male,Pennsylvania,Hypertension,Valley Care Hospital,2025-11-10,2025-11-11,Medicaid,3013.64,1,Denied
P10538,57,Male,New York,Kidney Disease,Central PA Medical,2025-11-10,2025-11-11,Self-Pay,9358.94,1,Paid
P10574,27,Male,Virginia,Asthma,Penn Valley Hospital,2025-11-10,2025-11-20,Medicaid,8881.33,10,Denied
P10690,58,Female,Pennsylvania,Pneumonia,Pinecrest Medical,2025-11-10,2025-11-19,Medicaid,12611.81,9,Paid
P10779,43,Male,Pennsylvania,Arthritis,Allegheny Health Center,2025-11-10,2025-11-19,Commercial,6947.3,9,Paid
P10824,31,Male,Pennsylvania,Asthma,Harrisburg General Hospital,2025-11-10,2025-11-11,Commercial,2147.49,1,Denied
P10824,42,Female,Pennsylvania,Hypertension,Harrisburg General Hospital,2025-11-10,2025-11-11,Commercial,1598.84,1,Paid
P10944,53,Male,Delaware,Heart Disease,Central PA Medical,2025-11-10,2025-11-11,Commercial,9303.41,1,Paid
P10994,38,Male,Pennsylvania,Heart Disease,Allegheny Health Center,2025-11-10,2025-11-19,Commercial,11319.39,9,Pending
P11007,38,Female,New Jersey,High Cholesterol,Riverside Health,2025-11-10,2025-11-23,Commercial,6371.82,13,Paid
P11120,25,Female,Pennsylvania,Pneumonia,Valley Care Hospital,2025-11-10,2025-11-23,Commercial,14247.64,13,Paid
P11186,35,Female,Delaware,COPD,Penn Valley Hospital,2025-11-10,2025-11-11,Medicare,5733.11,1,Paid
P11242,66,Female,Pennsylvania,Hypertension,Harrisburg General Hospital,2025-11-10,2025-11-22,Commercial,12238.91,12,Paid
P11320,23,Female,New York,Heart Disease,Valley Care Hospital,2025-11-10,2025-11-21,Medicaid,14526.49,11,Paid
P11475,21,Female,Delaware,Pneumonia,Penn Valley Hospital,2025-11-10,2025-11-13,Commercial,8439.54,3,Paid
P10218,26,Female,Pennsylvania,Asthma,Keystone Medical Center,2025-11-11,2025-11-19,Medicare,6286.29,8,Paid
P10220,78,Female,Ohio,Kidney Disease,Valley Care Hospital,2025-11-11,2025-11-20,Commercial,9271.42,9,Paid
P10261,65,Male,Pennsylvania,Hypertension,Riverside Health,2025-11-11,2025-11-12,Commercial,1704.53,1,Paid
P10518,79,Male,Maryland,Kidney Disease,Central PA Medical,2025-11-11,2025-11-19,Medicare,13868.16,8,Denied
P10750,40,Female,Pennsylvania,Cancer,Riverside Health,2025-11-11,2025-11-14,Commercial,14771.12,3,Paid
P10810,46,Male,New York,Heart Disease,Keystone Medical Center,2025-11-11,2025-11-16,Commercial,12055.75,5,Paid
P10986,78,Female,Maryland,Heart Disease,Riverside Health,2025-11-11,2025-11-15,Commercial,12203.81,4,Paid
P10996,54,Female,Virginia,Cancer,Pinecrest Medical,2025-11-11,2025-11-14,Medicaid,16702.35,3,Paid
P11235,65,Female,New Jersey,Heart Disease,Allegheny Health Center,2025-11-11,2025-11-14,Medicaid,10106.51,3,Paid
P11417,43,Male,Pennsylvania,High Cholesterol,Harrisburg General Hospital,2025-11-11,2025-11-13,Commercial,3316.3,2,Paid
P10044,55,Male,Maryland,Kidney Disease,Central PA Medical,2025-11-12,2025-11-18,Medicaid,10275.91,6,Paid
P10070,60,Male,Pennsylvania,Heart Disease,Summit Health System,2025-11-12,2025-11-14,Commercial,10361.33,2,Paid
P10083,73,Male,Pennsylvania,Asthma,Central PA Medical,2025-11-12,2025-11-25,Medicaid,10977.75,13,Pending
P10143,63,Female,Ohio,Diabetes,Harrisburg General Hospital,2025-11-12,2025-11-16,Medicare,6120.09,4,Denied
P10234,62,Male,New York,Asthma,Penn Valley Hospital,2025-11-12,2025-11-18,Commercial,5454.35,6,Paid
P10236,43,Female,Virginia,Pneumonia,Riverside Health,2025-11-12,2025-11-21,Commercial,11051.8,9,Paid
P10241,83,Female,Virginia,Pneumonia,Valley Care Hospital,2025-11-12,2025-11-15,Medicaid,9987.21,3,Pending
P10419,56,Female,New Jersey,High Cholesterol,Riverside Health,2025-11-12,2025-11-19,Medicaid,7666.28,7,Paid
P10725,30,Male,Pennsylvania,Heart Disease,Harrisburg General Hospital,2025-11-12,2025-11-14,Medicare,9785.52,2,Paid
P10828,20,Male,Pennsylvania,Diabetes,Valley Care Hospital,2025-11-12,2025-11-19,Medicaid,6735.84,7,Paid
P10832,65,Male,Pennsylvania,COPD,Penn Valley Hospital,2025-11-12,2025-11-13,Commercial,7407.11,1,Paid
P11032,48,Male,New York,Diabetes,Penn Valley Hospital,2025-11-12,2025-11-16,Medicaid,6090.36,4,Paid
P11137,54,Female,Ohio,High Cholesterol,Summit Health System,2025-11-12,2025-11-19,Commercial,3698.32,7,Denied
P11403,26,Male,Virginia,Diabetes,Harrisburg General Hospital,2025-11-12,2025-11-15,Commercial,3902.97,3,Paid
P11450,65,Female,Pennsylvania,Kidney Disease,Community Care Hospital,2025-11-12,2025-11-15,Medicaid,10320.12,3,Denied
P11495,52,Female,Maryland,Cancer,Allegheny Health Center,2025-11-12,2025-11-19,Medicare,18737.98,7,Pending
P10100,35,Female,Ohio,Diabetes,Riverside Health,2025-11-13,2025-11-17,Medicaid,5497.19,4,Paid
P10210,65,Female,Pennsylvania,Hypertension,Community Care Hospital,2025-11-13,2025-11-16,Commercial,2750.38,3,Pending
P10250,37,Female,Pennsylvania,COPD,Riverside Health,2025-11-13,2025-11-18,Self-Pay,9277.82,5,Paid
P10548,81,Male,Pennsylvania,COPD,Pinecrest Medical,2025-11-13,2025-11-16,Commercial,6637.44,3,Paid
P10775,85,Male,Pennsylvania,Hypertension,Pinecrest Medical,2025-11-13,2025-11-18,Medicare,6700.35,5,Paid
P10790,48,Male,Maryland,High Cholesterol,Pinecrest Medical,2025-11-13,2025-11-15,Medicaid,3650.6,2,Denied
P10903,30,Male,Pennsylvania,Asthma,Valley Care Hospital,2025-11-13,2025-11-20,Medicare,5187.68,7,Pending
P10961,79,Male,New York,Kidney Disease,Summit Health System,2025-11-13,2025-11-17,Commercial,9458.85,4,Paid
P10967,42,Male,Delaware,Diabetes,Keystone Medical Center,2025-11-13,2025-11-14,Commercial,3774.95,1,Paid
P11046,45,Female,New Jersey,High Cholesterol,Valley Care Hospital,2025-11-13,2025-11-15,Medicaid,3206.85,2,Paid
P10047,67,Male,Pennsylvania,Arthritis,Penn Valley Hospital,2025-11-14,2025-11-21,Commercial,4285.16,7,Paid
P10228,30,Female,Delaware,Asthma,Allegheny Health Center,2025-11-14,2025-11-19,Self-Pay,3908.65,5,Paid
P10319,30,Male,Maryland,Heart Disease,Riverside Health,2025-11-14,2025-11-16,Commercial,11593.2,2,Paid
P10320,38,Male,Pennsylvania,Arthritis,Penn Valley Hospital,2025-11-14,2025-11-15,Medicare,2975.19,1,Paid
P10358,61,Female,New York,Heart Disease,Summit Health System,2025-11-14,2025-11-18,Medicaid,10105.55,4,Paid
P10437,77,Male,Delaware,Heart Disease,Keystone Medical Center,2025-11-14,2025-11-24,Medicare,14847.14,10,Paid
P10584,53,Male,Pennsylvania,Hypertension,Penn Valley Hospital,2025-11-14,2025-11-16,Self-Pay,3598.96,2,Paid
P10658,69,Female,Pennsylvania,Arthritis,Valley Care Hospital,2025-11-14,2025-11-19,Medicare,7088.0,5,Paid
P10720,55,Female,Maryland,Pneumonia,Keystone Medical Center,2025-11-14,2025-11-15,Medicare,6344.92,1,Paid
P10951,45,Female,Maryland,Heart Disease,Penn Valley Hospital,2025-11-14,2025-11-16,Medicare,10605.2,2,Paid
P10987,57,Female,New York,Heart Disease,Central PA Medical,2025-11-14,2025-11-15,Medicare,9942.22,1,Paid
P11068,18,Female,Pennsylvania,Cancer,Penn Valley Hospital,2025-11-14,2025-11-20,Commercial,16297.91,6,Denied
P11100,45,Male,New York,Pneumonia,Allegheny Health Center,2025-11-14,2025-11-19,Medicare,8265.01,5,Paid
P11109,50,Male,Ohio,Cancer,Pinecrest Medical,2025-11-14,2025-11-16,Commercial,15868.75,2,Pending
P11167,57,Female,New Jersey,Asthma,Valley Care Hospital,2025-11-14,2025-11-26,Medicare,6417.14,12,Denied
P11196,49,Female,New Jersey,Cancer,Keystone Medical Center,2025-11-14,2025-11-15,Medicare,14509.61,1,Pending
P11206,47,Female,Maryland,Kidney Disease,Community Care Hospital,2025-11-14,2025-11-21,Commercial,14058.62,7,Paid
P11272,22,Female,Virginia,Asthma,Central PA Medical,2025-11-14,2025-11-19,Medicare,3769.67,5,Pending
P11420,65,Female,Virginia,Pneumonia,Keystone Medical Center,2025-11-14,2025-11-20,Medicare,12063.02,6,Paid
P11422,66,Male,Pennsylvania,Hypertension,Pinecrest Medical,2025-11-14,2025-11-15,Medicare,5282.67,1,Paid
P10203,69,Male,Pennsylvania,Diabetes,Valley Care Hospital,2025-11-15,2025-11-20,Commercial,7831.53,5,Paid
P10492,65,Male,New York,Cancer,Pinecrest Medical,2025-11-15,2025-11-17,Medicare,16309.31,2,Pending
P10497,81,Female,New Jersey,Asthma,Penn Valley Hospital,2025-11-15,2025-11-16,Medicare,3037.14,1,Pending
P10641,38,Male,New Jersey,Arthritis,Central PA Medical,2025-11-15,2025-11-17,Commercial,3983.71,2,Paid
P10675,83,Male,Virginia,Kidney Disease,Community Care Hospital,2025-11-15,2025-11-16,Commercial,7487.81,1,Paid
P10760,63,Female,New Jersey,Heart Disease,Allegheny Health Center,2025-11-15,2025-11-16,Medicare,10519.0,1,Paid
P10792,22,Female,New Jersey,Asthma,Central PA Medical,2025-11-15,2025-11-16,Self-Pay,2830.75,1,Paid
P10813,61,Female,Pennsylvania,Hypertension,Allegheny Health Center,2025-11-15,2025-11-23,Commercial,5651.05,8,Pending
P10862,38,Male,New York,COPD,Allegheny Health Center,2025-11-15,2025-11-28,Commercial,12325.35,13,Pending
P11017,73,Female,Pennsylvania,Pneumonia,Keystone Medical Center,2025-11-15,2025-11-21,Medicaid,8071.21,6,Paid
P11131,35,Female,Pennsylvania,Heart Disease,Riverside Health,2025-11-15,2025-11-19,Commercial,10323.59,4,Paid
P11159,51,Female,New York,Asthma,Central PA Medical,2025-11-15,2025-11-16,Medicare,2158.49,1,Paid
P11290,20,Male,Virginia,Kidney Disease,Riverside Health,2025-11-15,2025-11-16,Self-Pay,6791.23,1,Paid
P11334,49,Male,New Jersey,Pneumonia,Penn Valley Hospital,2025-11-15,2025-11-17,Commercial,7918.68,2,Paid
P10010,56,Male,Maryland,High Cholesterol,Community Care Hospital,2025-11-16,2025-11-18,Commercial,2953.13,2,Pending
P10030,68,Female,Ohio,Diabetes,Allegheny Health Center,2025-11-16,2025-11-22,Self-Pay,8659.94,6,Paid
P10079,50,Male,New York,Diabetes,Allegheny Health Center,2025-11-16,2025-11-21,Commercial,2507.42,5,Paid
P10202,68,Male,Virginia,Cancer,Central PA Medical,2025-11-16,2025-11-18,Medicare,15735.93,2,Paid
P10258,45,Male,New York,High Cholesterol,Pinecrest Medical,2025-11-16,2025-11-18,Commercial,1271.03,2,Paid
P10278,22,Male,New York,Diabetes,Allegheny Health Center,2025-11-16,2025-11-23,Medicaid,6222.37,7,Paid
P10322,44,Male,Pennsylvania,Arthritis,Allegheny Health Center,2025-11-16,2025-11-21,Commercial,3766.67,5,Paid
P10513,22,Male,Maryland,Asthma,Community Care Hospital,2025-11-16,2025-11-25,Commercial,5007.05,9,Pending
P10625,48,Male,Virginia,Diabetes,Allegheny Health Center,2025-11-16,2025-11-19,Commercial,7036.57,3,Pending
P10700,23,Male,Ohio,Pneumonia,Riverside Health,2025-11-16,2025-11-18,Medicaid,6984.37,2,Paid
P10771,81,Male,Pennsylvania,Diabetes,Community Care Hospital,2025-11-16,2025-11-19,Commercial,6595.59,3,Paid
P10948,62,Female,Pennsylvania,Asthma,Penn Valley Hospital,2025-11-16,2025-11-20,Commercial,4779.95,4,Paid
P11020,22,Male,Ohio,Arthritis,Valley Care Hospital,2025-11-16,2025-11-28,Medicaid,10891.03,12,Paid
P11268,46,Female,New York,Cancer,Allegheny Health Center,2025-11-16,2025-11-18,Medicare,14056.62,2,Paid
P11301,26,Male,Pennsylvania,Kidney Disease,Keystone Medical Center,2025-11-16,2025-11-19,Medicaid,8986.6,3,Pending
P11340,32,Male,New York,Hypertension,Penn Valley Hospital,2025-11-16,2025-11-19,Commercial,4706.2,3,Denied
P11383,83,Male,Pennsylvania,Asthma,Central PA Medical,2025-11-16,2025-11-25,Medicaid,7018.24,9,Paid
P11459,24,Female,New York,Arthritis,Valley Care Hospital,2025-11-16,2025-11-30,Commercial,9914.63,14,Paid
P10144,25,Male,Pennsylvania,Cancer,Harrisburg General Hospital,2025-11-17,2025-11-20,Medicare,16291.09,3,Pending
P10173,77,Male,New York,Heart Disease,Penn Valley Hospital,2025-11-17,2025-11-25,Self-Pay,13770.58,8,Paid
P10240,74,Male,New Jersey,COPD,Riverside Health,2025-11-17,2025-11-20,Self-Pay,6121.68,3,Pending
P10542,66,Male,Pennsylvania,Pneumonia,Valley Care Hospital,2025-11-17,2025-11-22,Commercial,9318.34,5,Paid
P10572,81,Female,Ohio,Cancer,Riverside Health,2025-11-17,2025-11-21,Medicaid,18134.79,4,Paid
P10573,38,Female,Delaware,Cancer,Valley Care Hospital,2025-11-17,2025-11-23,Commercial,19338.65,6,Paid
P10664,26,Male,Ohio,Pneumonia,Riverside Health,2025-11-17,2025-11-25,Medicare,10234.28,8,Paid
P10681,74,Female,Pennsylvania,COPD,Allegheny Health Center,2025-11-17,2025-11-20,Commercial,8866.24,3,Paid
P10702,58,Male,Pennsylvania,Pneumonia,Penn Valley Hospital,2025-11-17,2025-11-19,Commercial,7579.03,2,Paid
P10755,39,Female,Maryland,Diabetes,Summit Health System,2025-11-17,2025-11-18,Medicaid,3027.68,1,Paid
P10763,70,Male,Pennsylvania,Cancer,Penn Valley Hospital,2025-11-17,2025-11-22,Commercial,17387.61,5,Paid
P10828,34,Female,New York,Diabetes,Riverside Health,2025-11-17,2025-11-20,Commercial,4147.11,3,Paid
P10913,64,Female,Pennsylvania,Asthma,Central PA Medical,2025-11-17,2025-11-19,Medicaid,4094.43,2,Paid
P10951,46,Female,New Jersey,Kidney Disease,Pinecrest Medical,2025-11-17,2025-11-20,Medicare,9560.87,3,Paid
P11211,85,Female,New York,Kidney Disease,Valley Care Hospital,2025-11-17,2025-11-20,Medicaid,9499.93,3,Paid
P11330,67,Female,Delaware,High Cholesterol,Penn Valley Hospital,2025-11-17,2025-11-23,Medicare,4093.26,6,Pending
P11392,76,Male,Delaware,High Cholesterol,Harrisburg General Hospital,2025-11-17,2025-11-19,Medicaid,4001.61,2,Paid
P10010,30,Female,New York,Diabetes,Valley Care Hospital,2025-11-18,2025-11-20,Commercial,4232.51,2,Paid
P10450,22,Female,Pennsylvania,High Cholesterol,Summit Health System,2025-11-18,2025-11-24,Commercial,5995.52,6,Paid
P10853,67,Male,New York,Hypertension,Summit Health System,2025-11-18,2025-12-02,Self-Pay,12016.92,14,Paid
P10965,83,Female,Virginia,Cancer,Pinecrest Medical,2025-11-18,2025-11-30,Medicare,20963.07,12,Paid
P10992,62,Female,Pennsylvania,Arthritis,Allegheny Health Center,2025-11-18,2025-11-22,Medicaid,4840.8,4,Pending
P11049,62,Male,Pennsylvania,COPD,Summit Health System,2025-11-18,2025-11-21,Self-Pay,9340.17,3,Paid
P11125,69,Female,Pennsylvania,Diabetes,Allegheny Health Center,2025-11-18,2025-11-27,Commercial,7480.31,9,Paid
P11284,18,Female,Ohio,Hypertension,Harrisburg General Hospital,2025-11-18,2025-11-21,Medicaid,4385.91,3,Paid
P11303,50,Female,Pennsylvania,Pneumonia,Penn Valley Hospital,2025-11-18,2025-11-20,Medicaid,9130.05,2,Paid
P11410,66,Male,Pennsylvania,High Cholesterol,Pinecrest Medical,2025-11-18,2025-11-28,Commercial,7870.8,10,Pending
P10030,77,Female,Delaware,Heart Disease,Penn Valley Hospital,2025-11-19,2025-11-23,Commercial,10078.78,4,Paid
P10266,60,Male,Pennsylvania,Heart Disease,Riverside Health,2025-11-19,2025-11-29,Medicaid,12985.21,10,Paid
P10308,45,Male,Pennsylvania,COPD,Allegheny Health Center,2025-11-19,2025-11-25,Commercial,9604.96,6,Paid
P10350,63,Male,Pennsylvania,Pneumonia,Riverside Health,2025-11-19,2025-11-28,Commercial,13476.79,9,Paid
P10369,18,Female,Pennsylvania,Arthritis,Penn Valley Hospital,2025-11-19,2025-11-23,Medicare,3366.35,4,Paid
P10426,66,Female,Ohio,COPD,Harrisburg General Hospital,2025-11-19,2025-11-20,Medicare,5845.59,1,Paid
P10477,34,Female,New Jersey,COPD,Community Care Hospital,2025-11-19,2025-11-22,Commercial,6850.39,3,Pending
P10653,71,Male,New Jersey,Heart Disease,Keystone Medical Center,2025-11-19,2025-11-24,Medicaid,9041.54,5,Paid
P10810,65,Male,Maryland,Heart Disease,Pinecrest Medical,2025-11-19,2025-11-20,Commercial,8665.84,1,Paid
P10885,45,Female,New Jersey,Cancer,Community Care Hospital,2025-11-19,2025-11-23,Commercial,15836.23,4,Pending
P11061,46,Female,Virginia,COPD,Allegheny Health Center,2025-11-19,2025-11-25,Medicaid,8768.34,6,Paid
P11146,85,Female,Pennsylvania,Cancer,Valley Care Hospital,2025-11-19,2025-11-22,Commercial,16082.68,3,Paid
P11407,58,Male,New York,High Cholesterol,Valley Care Hospital,2025-11-19,2025-11-20,Commercial,1491.38,1,Paid
P11463,56,Male,Pennsylvania,Cancer,Keystone Medical Center,2025-11-19,2025-11-23,Commercial,17983.19,4,Denied
P10028,60,Male,New York,Cancer,Harrisburg General Hospital,2025-11-20,2025-11-21,Medicaid,15192.96,1,Paid
P10157,63,Male,Maryland,Hypertension,Harrisburg General Hospital,2025-11-20,2025-11-22,Commercial,4140.47,2,Paid
P10171,30,Female,Virginia,High Cholesterol,Central PA Medical,2025-11-20,2025-11-26,Commercial,3689.39,6,Paid
P10176,23,Male,New York,Cancer,Harrisburg General Hospital,2025-11-20,2025-11-30,Medicaid,19972.92,10,Paid
P10329,41,Female,New Jersey,Kidney Disease,Pinecrest Medical,2025-11-20,2025-12-02,Medicare,12764.66,12,Paid
P10337,82,Female,New York,Arthritis,Summit Health System,2025-11-20,2025-12-01,Medicaid,8083.55,11,Paid
P10727,76,Male,Virginia,Kidney Disease,Pinecrest Medical,2025-11-20,2025-11-24,Medicare,11807.41,4,Pending
P11004,23,Female,New York,COPD,Keystone Medical Center,2025-11-20,2025-11-26,Commercial,11117.31,6,Paid
P11006,18,Female,Virginia,COPD,Central PA Medical,2025-11-20,2025-11-24,Medicare,6474.03,4,Paid
P11092,41,Female,Virginia,Cancer,Summit Health System,2025-11-20,2025-11-26,Commercial,18744.17,6,Paid
P11124,40,Female,Pennsylvania,Kidney Disease,Summit Health System,2025-11-20,2025-11-22,Medicaid,8940.66,2,Pending
P11153,36,Female,Pennsylvania,Asthma,Allegheny Health Center,2025-11-20,2025-11-29,Medicare,5476.79,9,Paid
P11197,82,Female,Pennsylvania,Kidney Disease,Keystone Medical Center,2025-11-20,2025-11-21,Commercial,7054.09,1,Paid
P11258,80,Female,Maryland,Diabetes,Keystone Medical Center,2025-11-20,2025-11-30,Medicare,13575.48,10,Paid
P11370,53,Female,Maryland,Hypertension,Pinecrest Medical,2025-11-20,2025-11-29,Medicare,8898.6,9,Pending
P11406,64,Male,New Jersey,Cancer,Pinecrest Medical,2025-11-20,2025-11-22,Medicaid,16014.04,2,Paid
P10037,43,Male,New Jersey,Arthritis,Central PA Medical,2025-11-21,2025-11-23,Commercial,3284.36,2,Paid
P10065,22,Male,Ohio,COPD,Harrisburg General Hospital,2025-11-21,2025-11-23,Commercial,7524.08,2,Paid
P10400,53,Female,Ohio,Heart Disease,Allegheny Health Center,2025-11-21,2025-11-25,Commercial,11707.02,4,Denied
P10512,76,Female,Pennsylvania,COPD,Penn Valley Hospital,2025-11-21,2025-11-29,Self-Pay,13865.98,8,Paid
P10683,27,Female,New York,COPD,Valley Care Hospital,2025-11-21,2025-11-27,Commercial,10671.07,6,Paid
P10886,69,Female,Pennsylvania,Cancer,Keystone Medical Center,2025-11-21,2025-12-01,Commercial,18465.13,10,Paid
P10912,48,Female,Pennsylvania,High Cholesterol,Keystone Medical Center,2025-11-21,2025-11-28,Commercial,4696.65,7,Paid
P10931,37,Female,New Jersey,High Cholesterol,Central PA Medical,2025-11-21,2025-11-26,Commercial,4944.41,5,Paid
P11031,70,Male,Pennsylvania,COPD,Pinecrest Medical,2025-11-21,2025-11-24,Commercial,7341.79,3,Paid
P11097,33,Female,Virginia,Diabetes,Pinecrest Medical,2025-11-21,2025-11-25,Medicare,6267.35,4,Pending
P11170,68,Male,Virginia,Pneumonia,Penn Valley Hospital,2025-11-21,2025-11-24,Medicaid,7308.47,3,Paid
P11196,66,Female,New York,Asthma,Valley Care Hospital,2025-11-21,2025-12-03,Medicaid,9438.81,12,Paid
P11197,34,Male,Pennsylvania,Kidney Disease,Harrisburg General Hospital,2025-11-21,2025-11-24,Medicaid,8946.14,3,Pending
P11202,73,Male,New York,Diabetes,Keystone Medical Center,2025-11-21,2025-11-25,Commercial,7561.45,4,Paid
P11477,39,Female,Delaware,High Cholesterol,Allegheny Health Center,2025-11-21,2025-11-29,Medicaid,7454.61,8,Paid
P10090,21,Male,Pennsylvania,COPD,Valley Care Hospital,2025-11-22,2025-12-01,Medicaid,12870.94,9,Paid
P10111,26,Male,Pennsylvania,Pneumonia,Harrisburg General Hospital,2025-11-22,2025-11-25,Medicaid,8220.94,3,Paid
P10171,47,Male,New Jersey,Heart Disease,Central PA Medical,2025-11-22,2025-11-26,Medicaid,11895.13,4,Paid
P10236,32,Female,Pennsylvania,Arthritis,Valley Care Hospital,2025-11-22,2025-11-28,Commercial,6030.44,6,Paid
P10261,55,Female,New York,Diabetes,Harrisburg General Hospital,2025-11-22,2025-11-27,Medicare,5616.41,5,Paid
P10541,49,Male,Pennsylvania,Arthritis,Valley Care Hospital,2025-11-22,2025-11-23,Medicare,3747.14,1,Paid
P10635,60,Male,Pennsylvania,Asthma,Keystone Medical Center,2025-11-22,2025-12-02,Medicare,9193.49,10,Paid
P10647,36,Female,Virginia,Hypertension,Harrisburg General Hospital,2025-11-22,2025-11-29,Commercial,5492.52,7,Paid
P10761,36,Female,Ohio,High Cholesterol,Pinecrest Medical,2025-11-22,2025-12-01,Commercial,8812.29,9,Pending
P10804,83,Male,New Jersey,Heart Disease,Community Care Hospital,2025-11-22,2025-11-23,Commercial,7662.39,1,Pending
P10883,77,Female,Ohio,Hypertension,Summit Health System,2025-11-22,2025-11-25,Medicare,4087.91,3,Paid
P11239,31,Female,New York,COPD,Pinecrest Medical,2025-11-22,2025-11-25,Commercial,9524.86,3,Paid
P11307,84,Male,Ohio,High Cholesterol,Community Care Hospital,2025-11-22,2025-12-02,Medicare,7449.34,10,Paid
P11462,60,Male,Ohio,Asthma,Penn Valley Hospital,2025-11-22,2025-11-26,Commercial,6579.18,4,Pending
P10319,22,Female,New York,Asthma,Riverside Health,2025-11-23,2025-11-25,Medicare,4509.53,2,Paid
P10354,19,Female,Pennsylvania,Arthritis,Valley Care Hospital,2025-11-23,2025-11-27,Self-Pay,4079.58,4,Paid
P10490,64,Male,Pennsylvania,Hypertension,Riverside Health,2025-11-23,2025-11-29,Medicare,6752.26,6,Paid
P10637,46,Male,Ohio,Arthritis,Pinecrest Medical,2025-11-23,2025-11-30,Commercial,5976.44,7,Paid
P10818,26,Female,New York,Asthma,Penn Valley Hospital,2025-11-23,2025-11-26,Medicare,1712.16,3,Paid
P10855,60,Female,Ohio,High Cholesterol,Summit Health System,2025-11-23,2025-11-25,Medicaid,2271.32,2,Paid
P10889,43,Female,Pennsylvania,Arthritis,Valley Care Hospital,2025-11-23,2025-11-26,Medicare,4177.8,3,Denied
P10928,23,Male,Pennsylvania,Heart Disease,Pinecrest Medical,2025-11-23,2025-11-24,Medicare,8403.61,1,Paid
P11258,19,Male,Pennsylvania,Heart Disease,Riverside Health,2025-11-23,2025-11-24,Medicare,9417.06,1,Paid
P11299,49,Female,New York,Arthritis,Penn Valley Hospital,2025-11-23,2025-11-24,Commercial,1315.71,1,Paid
P10021,75,Male,New York,Cancer,Harrisburg General Hospital,2025-11-24,2025-11-28,Commercial,17134.12,4,Pending
P10030,55,Male,Pennsylvania,Asthma,Summit Health System,2025-11-24,2025-11-28,Medicare,4316.7,4,Paid
P10149,72,Male,Virginia,Pneumonia,Pinecrest Medical,2025-11-24,2025-11-25,Commercial,6567.27,1,Paid
P10152,79,Male,New York,Cancer,Penn Valley Hospital,2025-11-24,2025-11-30,Medicare,17272.37,6,Pending
P10398,75,Male,Pennsylvania,High Cholesterol,Pinecrest Medical,2025-11-24,2025-11-27,Commercial,4693.92,3,Paid
P10401,56,Female,Pennsylvania,Hypertension,Valley Care Hospital,2025-11-24,2025-11-25,Medicaid,2835.99,1,Paid
P10502,63,Female,Pennsylvania,Arthritis,Allegheny Health Center,2025-11-24,2025-11-30,Commercial,4775.19,6,Paid
P10968,58,Male,Pennsylvania,Heart Disease,Riverside Health,2025-11-24,2025-11-28,Commercial,9812.02,4,Paid
P10993,74,Male,Pennsylvania,Kidney Disease,Allegheny Health Center,2025-11-24,2025-11-26,Commercial,9967.02,2,Paid
P11035,47,Male,New Jersey,Cancer,Keystone Medical Center,2025-11-24,2025-11-25,Commercial,14953.86,1,Paid
P11050,72,Male,Virginia,High Cholesterol,Riverside Health,2025-11-24,2025-11-30,Medicaid,4797.06,6,Paid
P11060,73,Female,Pennsylvania,Kidney Disease,Summit Health System,2025-11-24,2025-11-29,Commercial,10393.36,5,Paid
P11187,58,Female,Pennsylvania,Arthritis,Allegheny Health Center,2025-11-24,2025-11-26,Medicare,1408.38,2,Paid
P11224,24,Female,Pennsylvania,Heart Disease,Pinecrest Medical,2025-11-24,2025-11-25,Commercial,9401.67,1,Paid
P11453,83,Female,Pennsylvania,Kidney Disease,Allegheny Health Center,2025-11-24,2025-11-27,Medicare,10046.71,3,Paid
P10160,51,Female,Pennsylvania,Pneumonia,Penn Valley Hospital,2025-11-25,2025-11-29,Self-Pay,8197.01,4,Paid
P10175,85,Male,Pennsylvania,Kidney Disease,Community Care Hospital,2025-11-25,2025-11-26,Medicare,8107.7,1,Paid
P10378,50,Female,New Jersey,Cancer,Harrisburg General Hospital,2025-11-25,2025-12-03,Commercial,18624.12,8,Pending
P10656,53,Male,Pennsylvania,Diabetes,Penn Valley Hospital,2025-11-25,2025-12-02,Commercial,10241.79,7,Paid
P10835,38,Female,Virginia,High Cholesterol,Penn Valley Hospital,2025-11-25,2025-11-29,Commercial,2263.4,4,Paid
P11060,45,Male,New Jersey,Pneumonia,Keystone Medical Center,2025-11-25,2025-12-08,Commercial,13967.02,13,Denied
P11088,55,Female,Virginia,Hypertension,Valley Care Hospital,2025-11-25,2025-11-29,Medicaid,5062.16,4,Paid
P11500,68,Male,Pennsylvania,Heart Disease,Summit Health System,2025-11-25,2025-12-01,Medicare,12871.89,6,Denied
P10006,53,Female,Delaware,Kidney Disease,Penn Valley Hospital,2025-11-26,2025-11-27,Commercial,9462.56,1,Paid
P10107,81,Female,Pennsylvania,Asthma,Penn Valley Hospital,2025-11-26,2025-12-02,Commercial,5364.23,6,Paid
P10122,50,Female,New York,Diabetes,Keystone Medical Center,2025-11-26,2025-12-01,Commercial,6294.7,5,Denied
P10207,85,Female,Pennsylvania,Heart Disease,Keystone Medical Center,2025-11-26,2025-12-04,Self-Pay,13088.71,8,Paid
P10300,26,Male,Ohio,Asthma,Harrisburg General Hospital,2025-11-26,2025-12-02,Medicaid,6580.73,6,Paid
P10713,75,Male,Pennsylvania,Asthma,Central PA Medical,2025-11-26,2025-11-28,Medicaid,3462.54,2,Paid
P10860,75,Male,Pennsylvania,Diabetes,Penn Valley Hospital,2025-11-26,2025-11-30,Commercial,8018.48,4,Denied
P10901,34,Female,Pennsylvania,Arthritis,Riverside Health,2025-11-26,2025-11-27,Medicare,4055.44,1,Pending
P10922,20,Male,Pennsylvania,Hypertension,Keystone Medical Center,2025-11-26,2025-12-05,Self-Pay,7788.46,9,Paid
P10987,50,Female,Pennsylvania,COPD,Keystone Medical Center,2025-11-26,2025-12-03,Commercial,11784.74,7,Paid
P11165,30,Female,Pennsylvania,Diabetes,Allegheny Health Center,2025-11-26,2025-11-30,Commercial,5375.32,4,Paid
P11360,34,Male,New York,Diabetes,Pinecrest Medical,2025-11-26,2025-11-27,Self-Pay,4465.69,1,Paid
P11421,46,Female,Maryland,Asthma,Valley Care Hospital,2025-11-26,2025-11-27,Medicare,2501.8,1,Denied
P10059,67,Female,Pennsylvania,Asthma,Valley Care Hospital,2025-11-27,2025-11-29,Commercial,4479.92,2,Paid
P10099,59,Female,Pennsylvania,COPD,Penn Valley Hospital,2025-11-27,2025-12-01,Commercial,7994.3,4,Paid
P10321,63,Male,Pennsylvania,Cancer,Central PA Medical,2025-11-27,2025-12-07,Commercial,21283.67,10,Paid
P10358,72,Female,Ohio,Arthritis,Harrisburg General Hospital,2025-11-27,2025-12-02,Medicaid,4189.48,5,Paid
P10380,85,Male,Pennsylvania,Asthma,Community Care Hospital,2025-11-27,2025-11-29,Medicare,2244.25,2,Paid
P10470,60,Male,Pennsylvania,Pneumonia,Harrisburg General Hospital,2025-11-27,2025-12-05,Medicaid,10762.69,8,Paid
P10657,59,Male,New York,Hypertension,Allegheny Health Center,2025-11-27,2025-12-03,Commercial,7807.97,6,Paid
P10668,83,Male,Pennsylvania,Pneumonia,Keystone Medical Center,2025-11-27,2025-12-09,Medicare,11586.25,12,Paid
P10757,40,Female,Maryland,Diabetes,Penn Valley Hospital,2025-11-27,2025-12-01,Medicaid,4280.01,4,Paid
P10830,31,Male,Maryland,Arthritis,Central PA Medical,2025-11-27,2025-11-28,Commercial,2442.67,1,Paid
P10854,64,Female,Pennsylvania,Arthritis,Harrisburg General Hospital,2025-11-27,2025-12-02,Commercial,3413.93,5,Paid
P10872,30,Male,New York,Arthritis,Central PA Medical,2025-11-27,2025-11-29,Medicare,3539.07,2,Paid
P11062,47,Male,Pennsylvania,Diabetes,Allegheny Health Center,2025-11-27,2025-12-06,Commercial,9985.64,9,Pending
P11221,37,Female,New York,High Cholesterol,Central PA Medical,2025-11-27,2025-11-28,Medicare,2477.79,1,Pending
P10192,46,Female,Maryland,High Cholesterol,Community Care Hospital,2025-11-28,2025-12-05,Medicare,5606.91,7,Paid
P10311,23,Male,Virginia,Hypertension,Allegheny Health Center,2025-11-28,2025-12-01,Medicare,4995.28,3,Paid
P10493,61,Female,Pennsylvania,Hypertension,Pinecrest Medical,2025-11-28,2025-12-04,Commercial,5845.4,6,Denied
P10531,66,Male,Virginia,Cancer,Pinecrest Medical,2025-11-28,2025-11-29,Commercial,15345.66,1,Paid
P10726,48,Female,Pennsylvania,COPD,Pinecrest Medical,2025-11-28,2025-11-29,Commercial,6303.79,1,Pending
P11149,19,Female,Pennsylvania,COPD,Community Care Hospital,2025-11-28,2025-11-29,Medicare,8207.94,1,Paid
P11151,81,Female,Virginia,Cancer,Central PA Medical,2025-11-28,2025-12-06,Medicare,20605.02,8,Paid
P11186,56,Female,Ohio,Heart Disease,Riverside Health,2025-11-28,2025-11-30,Medicaid,8327.94,2,Paid
P11315,81,Female,Pennsylvania,Arthritis,Central PA Medical,2025-11-28,2025-11-29,Commercial,3092.61,1,Paid
P11412,35,Male,Pennsylvania,High Cholesterol,Summit Health System,2025-11-28,2025-12-04,Medicare,7364.79,6,Paid
P10126,22,Male,Maryland,High Cholesterol,Community Care Hospital,2025-11-29,2025-12-02,Commercial,5541.36,3,Paid
P10326,61,Male,Virginia,Diabetes,Community Care Hospital,2025-11-29,2025-12-06,Commercial,9243.43,7,Denied
P10403,56,Female,Virginia,Asthma,Allegheny Health Center,2025-11-29,2025-12-11,Commercial,11373.16,12,Paid
P10537,79,Female,New York,Diabetes,Community Care Hospital,2025-11-29,2025-11-30,Commercial,3651.65,1,Paid
P10960,50,Male,Delaware,Arthritis,Central PA Medical,2025-11-29,2025-12-01,Commercial,2734.53,2,Pending
P11181,47,Male,Maryland,Cancer,Valley Care Hospital,2025-11-29,2025-12-03,Medicare,15864.73,4,Paid
P11302,56,Male,New Jersey,Asthma,Central PA Medical,2025-11-29,2025-12-06,Medicaid,5324.86,7,Paid
P11499,21,Male,Pennsylvania,Kidney Disease,Penn Valley Hospital,2025-11-29,2025-12-02,Commercial,10119.68,3,Paid
P10380,57,Female,Pennsylvania,Pneumonia,Riverside Health,2025-11-30,2025-12-03,Self-Pay,6746.51,3,Pending
P10447,43,Male,Pennsylvania,High Cholesterol,Keystone Medical Center,2025-11-30,2025-12-04,Commercial,2568.67,4,Paid
P10751,37,Male,Virginia,Arthritis,Riverside Health,2025-11-30,2025-12-02,Medicare,4925.57,2,Paid
P10824,71,Male,New Jersey,High Cholesterol,Keystone Medical Center,2025-11-30,2025-12-06,Commercial,4381.81,6,Paid
P11007,57,Female,Virginia,COPD,Valley Care Hospital,2025-11-30,2025-12-03,Medicare,8054.96,3,Paid
P11027,71,Female,Maryland,Heart Disease,Central PA Medical,2025-11-30,2025-12-11,Commercial,16995.5,11,Pending
P11222,29,Female,New Jersey,Diabetes,Community Care Hospital,2025-11-30,2025-12-05,Medicare,6546.4,5,Pending
P11257,50,Female,Maryland,Cancer,Pinecrest Medical,2025-11-30,2025-12-03,Commercial,15690.32,3,Pending
P11310,77,Female,New Jersey,COPD,Penn Valley Hospital,2025-11-30,2025-12-05,Medicare,8469.45,5,Paid
P10024,49,Female,New Jersey,COPD,Harrisburg General Hospital,2025-12-01,2025-12-04,Commercial,8409.94,3,Paid
P10093,53,Male,Pennsylvania,Hypertension,Summit Health System,2025-12-01,2025-12-13,Commercial,9253.87,12,Denied
P10103,74,Male,Pennsylvania,Heart Disease,Allegheny Health Center,2025-12-01,2025-12-04,Commercial,11390.91,3,Paid
P10243,30,Female,Delaware,Asthma,Valley Care Hospital,2025-12-01,2025-12-12,Medicaid,5084.18,11,Paid
P10293,65,Female,New Jersey,Asthma,Community Care Hospital,2025-12-01,2025-12-04,Medicare,3801.92,3,Paid
P10295,52,Female,New York,Heart Disease,Valley Care Hospital,2025-12-01,2025-12-07,Commercial,12375.32,6,Paid
P10378,65,Female,Delaware,Cancer,Community Care Hospital,2025-12-01,2025-12-09,Commercial,21860.2,8,Paid
P10540,84,Female,Pennsylvania,Arthritis,Harrisburg General Hospital,2025-12-01,2025-12-02,Medicaid,2548.04,1,Paid
P10553,48,Male,New Jersey,Asthma,Harrisburg General Hospital,2025-12-01,2025-12-06,Medicare,3593.79,5,Paid
P11041,48,Female,Pennsylvania,COPD,Central PA Medical,2025-12-01,2025-12-03,Medicare,7349.01,2,Paid
P11089,60,Female,New York,Arthritis,Penn Valley Hospital,2025-12-01,2025-12-04,Commercial,6075.9,3,Paid
P11195,65,Male,Virginia,Arthritis,Allegheny Health Center,2025-12-01,2025-12-02,Commercial,3904.6,1,Paid
P10003,59,Female,New York,Heart Disease,Penn Valley Hospital,2025-12-02,2025-12-06,Commercial,9039.46,4,Paid
P10021,23,Female,Pennsylvania,High Cholesterol,Keystone Medical Center,2025-12-02,2025-12-06,Commercial,5175.31,4,Denied
P10054,34,Male,Pennsylvania,Arthritis,Central PA Medical,2025-12-02,2025-12-03,Commercial,1415.23,1,Pending
P10247,51,Female,Pennsylvania,Arthritis,Community Care Hospital,2025-12-02,2025-12-06,Medicare,4574.71,4,Paid
P10294,58,Male,New York,Heart Disease,Riverside Health,2025-12-02,2025-12-08,Medicare,13332.15,6,Paid
P10425,55,Male,Delaware,Diabetes,Keystone Medical Center,2025-12-02,2025-12-06,Commercial,5968.29,4,Pending
P10440,83,Female,New York,Hypertension,Community Care Hospital,2025-12-02,2025-12-04,Self-Pay,4003.4,2,Paid
P10586,35,Male,Ohio,Diabetes,Allegheny Health Center,2025-12-02,2025-12-07,Medicaid,8584.89,5,Paid
P10601,32,Male,Pennsylvania,Hypertension,Community Care Hospital,2025-12-02,2025-12-08,Medicaid,7828.49,6,Pending
P10634,78,Male,Pennsylvania,Arthritis,Summit Health System,2025-12-02,2025-12-08,Medicare,5797.05,6,Paid
P10667,73,Male,New Jersey,Kidney Disease,Allegheny Health Center,2025-12-02,2025-12-10,Medicaid,12132.53,8,Pending
P10695,79,Male,New Jersey,High Cholesterol,Summit Health System,2025-12-02,2025-12-13,Commercial,7799.59,11,Paid
P10742,80,Male,Pennsylvania,Diabetes,Harrisburg General Hospital,2025-12-02,2025-12-06,Medicare,5352.08,4,Paid
P11004,34,Female,Pennsylvania,COPD,Riverside Health,2025-12-02,2025-12-16,Medicaid,17421.66,14,Paid
P11393,48,Female,New York,High Cholesterol,Central PA Medical,2025-12-02,2025-12-05,Medicare,3027.65,3,Paid
P10247,52,Male,Pennsylvania,COPD,Pinecrest Medical,2025-12-03,2025-12-04,Medicare,8221.13,1,Paid
P10296,67,Female,New Jersey,Pneumonia,Allegheny Health Center,2025-12-03,2025-12-05,Medicaid,6902.2,2,Pending
P10323,54,Male,Pennsylvania,Pneumonia,Summit Health System,2025-12-03,2025-12-04,Medicare,5729.56,1,Pending
P10388,77,Male,New York,Arthritis,Keystone Medical Center,2025-12-03,2025-12-06,Medicaid,5490.99,3,Paid
P10461,37,Female,Pennsylvania,Hypertension,Valley Care Hospital,2025-12-03,2025-12-17,Commercial,12329.51,14,Paid
P10578,67,Male,Virginia,Asthma,Pinecrest Medical,2025-12-03,2025-12-08,Medicare,4018.85,5,Paid
P10839,59,Male,Maryland,COPD,Harrisburg General Hospital,2025-12-03,2025-12-05,Commercial,7922.35,2,Paid
P10865,64,Male,Ohio,COPD,Summit Health System,2025-12-03,2025-12-07,Commercial,8796.54,4,Paid
P10952,54,Male,New York,Kidney Disease,Riverside Health,2025-12-03,2025-12-07,Medicaid,11383.99,4,Pending
P11230,74,Female,New Jersey,Heart Disease,Harrisburg General Hospital,2025-12-03,2025-12-09,Medicare,12431.19,6,Paid
P11247,60,Male,Pennsylvania,COPD,Pinecrest Medical,2025-12-03,2025-12-14,Medicaid,12716.14,11,Paid
P11283,53,Male,Virginia,Kidney Disease,Allegheny Health Center,2025-12-03,2025-12-07,Commercial,8151.54,4,Paid
P11310,37,Female,New Jersey,Heart Disease,Allegheny Health Center,2025-12-03,2025-12-09,Medicare,12441.01,6,Paid
P10221,78,Female,Pennsylvania,COPD,Community Care Hospital,2025-12-04,2025-12-11,Medicaid,9921.18,7,Pending
P10258,65,Male,Ohio,Cancer,Penn Valley Hospital,2025-12-04,2025-12-05,Commercial,15646.57,1,Pending
P10506,38,Female,Pennsylvania,Asthma,Summit Health System,2025-12-04,2025-12-05,Medicare,2103.8,1,Pending
P10548,68,Male,New York,High Cholesterol,Pinecrest Medical,2025-12-04,2025-12-05,Medicare,2563.37,1,Paid
P10861,33,Female,Ohio,Asthma,Valley Care Hospital,2025-12-04,2025-12-15,Medicaid,9001.14,11,Paid
P10904,37,Male,Maryland,Kidney Disease,Penn Valley Hospital,2025-12-04,2025-12-11,Medicare,11726.31,7,Paid
P10913,73,Female,New York,Pneumonia,Central PA Medical,2025-12-04,2025-12-05,Medicare,6909.66,1,Pending
P10972,37,Female,Delaware,Arthritis,Pinecrest Medical,2025-12-04,2025-12-05,Medicaid,2422.62,1,Pending
P11101,85,Female,Pennsylvania,Kidney Disease,Allegheny Health Center,2025-12-04,2025-12-06,Commercial,8953.83,2,Pending
P11149,27,Male,Pennsylvania,Arthritis,Summit Health System,2025-12-04,2025-12-11,Medicare,5874.87,7,Paid
P11201,18,Male,Pennsylvania,Kidney Disease,Summit Health System,2025-12-04,2025-12-11,Self-Pay,9978.06,7,Paid
P11268,40,Female,Pennsylvania,Hypertension,Pinecrest Medical,2025-12-04,2025-12-07,Medicare,4731.42,3,Paid
P11288,73,Female,New York,High Cholesterol,Riverside Health,2025-12-04,2025-12-17,Medicaid,12343.83,13,Paid
P11315,47,Female,Ohio,Asthma,Central PA Medical,2025-12-04,2025-12-08,Commercial,3835.0,4,Paid
P11357,48,Female,Pennsylvania,Pneumonia,Riverside Health,2025-12-04,2025-12-07,Medicare,8479.67,3,Pending
P11364,74,Male,New Jersey,Heart Disease,Keystone Medical Center,2025-12-04,2025-12-05,Commercial,7569.05,1,Paid
P11370,25,Female,Pennsylvania,Asthma,Summit Health System,2025-12-04,2025-12-13,Commercial,5102.54,9,Paid
P10126,38,Female,Delaware,High Cholesterol,Central PA Medical,2025-12-05,2025-12-11,Medicaid,4267.78,6,Paid
P10260,48,Female,Pennsylvania,Asthma,Valley Care Hospital,2025-12-05,2025-12-14,Medicaid,7044.73,9,Denied
P10272,35,Female,Pennsylvania,Cancer,Penn Valley Hospital,2025-12-05,2025-12-07,Medicare,15706.76,2,Paid
P10485,50,Female,Maryland,Pneumonia,Harrisburg General Hospital,2025-12-05,2025-12-09,Medicaid,9084.23,4,Paid
P10657,19,Male,Maryland,Kidney Disease,Valley Care Hospital,2025-12-05,2025-12-14,Medicaid,12626.54,9,Paid
P11076,73,Male,Pennsylvania,Pneumonia,Community Care Hospital,2025-12-05,2025-12-12,Commercial,9282.79,7,Paid
P11146,84,Female,Delaware,Cancer,Pinecrest Medical,2025-12-05,2025-12-10,Medicare,16255.86,5,Pending
P11228,36,Female,Delaware,COPD,Penn Valley Hospital,2025-12-05,2025-12-06,Commercial,7112.32,1,Denied
P11333,29,Female,Delaware,Cancer,Riverside Health,2025-12-05,2025-12-10,Medicare,19079.52,5,Paid
P11340,61,Male,Delaware,Asthma,Pinecrest Medical,2025-12-05,2025-12-06,Medicaid,1662.53,1,Pending
P11346,48,Male,Pennsylvania,Arthritis,Pinecrest Medical,2025-12-05,2025-12-19,Medicare,14039.97,14,Paid
P11417,80,Male,Delaware,Arthritis,Central PA Medical,2025-12-05,2025-12-07,Commercial,3373.77,2,Paid
P11440,48,Female,Ohio,Heart Disease,Harrisburg General Hospital,2025-12-05,2025-12-06,Medicaid,9172.47,1,Paid
P10039,44,Female,Virginia,Arthritis,Pinecrest Medical,2025-12-06,2025-12-13,Medicare,9540.72,7,Paid
P10135,58,Male,Pennsylvania,Diabetes,Allegheny Health Center,2025-12-06,2025-12-10,Medicaid,6067.6,4,Paid
P10271,41,Female,New York,COPD,Pinecrest Medical,2025-12-06,2025-12-17,Commercial,14801.44,11,Paid
P10564,62,Male,Pennsylvania,Diabetes,Penn Valley Hospital,2025-12-06,2025-12-15,Medicaid,9648.74,9,Paid
P10614,58,Female,Maryland,COPD,Valley Care Hospital,2025-12-06,2025-12-16,Commercial,10500.77,10,Paid
P10631,60,Female,Virginia,Diabetes,Pinecrest Medical,2025-12-06,2025-12-10,Commercial,3134.65,4,Paid
P10741,60,Female,Ohio,Cancer,Harrisburg General Hospital,2025-12-06,2025-12-07,Commercial,15568.51,1,Pending
P10847,37,Male,Pennsylvania,Diabetes,Central PA Medical,2025-12-06,2025-12-14,Medicare,8864.63,8,Paid
P10887,37,Female,New Jersey,Kidney Disease,Pinecrest Medical,2025-12-06,2025-12-12,Medicare,9386.05,6,Paid
P10977,48,Female,New York,Pneumonia,Keystone Medical Center,2025-12-06,2025-12-10,Medicaid,6126.77,4,Paid
P11127,40,Female,Virginia,Pneumonia,Community Care Hospital,2025-12-06,2025-12-08,Medicare,6842.86,2,Paid
P11159,20,Male,Maryland,COPD,Community Care Hospital,2025-12-06,2025-12-07,Medicare,8192.24,1,Pending
P11236,44,Male,Pennsylvania,Heart Disease,Pinecrest Medical,2025-12-06,2025-12-07,Commercial,8903.66,1,Paid
P11246,82,Female,Pennsylvania,Hypertension,Summit Health System,2025-12-06,2025-12-15,Medicare,6952.13,9,Paid
P11263,74,Male,Pennsylvania,High Cholesterol,Central PA Medical,2025-12-06,2025-12-13,Commercial,4502.06,7,Pending
P11372,20,Male,New York,Hypertension,Central PA Medical,2025-12-06,2025-12-13,Medicaid,6511.48,7,Denied
P10043,56,Female,New Jersey,Cancer,Penn Valley Hospital,2025-12-07,2025-12-11,Commercial,15728.99,4,Paid
P10110,59,Female,New Jersey,COPD,Keystone Medical Center,2025-12-07,2025-12-09,Self-Pay,7327.99,2,Paid
P10289,67,Female,Maryland,Diabetes,Central PA Medical,2025-12-07,2025-12-08,Commercial,2562.29,1,Paid
P10400,76,Male,Pennsylvania,Hypertension,Keystone Medical Center,2025-12-07,2025-12-11,Medicaid,5719.17,4,Paid
P10448,85,Female,Pennsylvania,Pneumonia,Valley Care Hospital,2025-12-07,2025-12-10,Medicare,9015.69,3,Denied
P10463,46,Female,Virginia,Heart Disease,Community Care Hospital,2025-12-07,2025-12-15,Medicare,15774.0,8,Paid
P10558,79,Male,Pennsylvania,High Cholesterol,Summit Health System,2025-12-07,2025-12-14,Commercial,4449.95,7,Paid
P10592,28,Female,Pennsylvania,Pneumonia,Riverside Health,2025-12-07,2025-12-08,Medicaid,6783.79,1,Pending
P10606,77,Female,Delaware,Heart Disease,Riverside Health,2025-12-07,2025-12-12,Commercial,10632.4,5,Paid
P10776,69,Female,Pennsylvania,High Cholesterol,Riverside Health,2025-12-07,2025-12-13,Commercial,6744.65,6,Paid
P11247,67,Female,New Jersey,Asthma,Central PA Medical,2025-12-07,2025-12-09,Medicaid,2744.56,2,Paid
P11252,41,Female,Virginia,High Cholesterol,Central PA Medical,2025-12-07,2025-12-10,Self-Pay,4230.28,3,Denied
P11263,60,Female,Maryland,Arthritis,Valley Care Hospital,2025-12-07,2025-12-11,Medicaid,6171.71,4,Denied
P11280,31,Female,New Jersey,COPD,Pinecrest Medical,2025-12-07,2025-12-15,Medicaid,14664.86,8,Paid
P11342,72,Female,Virginia,COPD,Pinecrest Medical,2025-12-07,2025-12-13,Commercial,9705.2,6,Paid
P10031,30,Female,Delaware,Asthma,Penn Valley Hospital,2025-12-08,2025-12-10,Medicaid,2628.98,2,Paid
P10079,76,Female,Pennsylvania,Pneumonia,Riverside Health,2025-12-08,2025-12-16,Commercial,11448.24,8,Paid
P10139,34,Male,Pennsylvania,Diabetes,Riverside Health,2025-12-08,2025-12-19,Medicare,9976.87,11,Paid
P10151,55,Female,Maryland,COPD,Keystone Medical Center,2025-12-08,2025-12-11,Medicare,6769.79,3,Paid
P10285,21,Female,New Jersey,Pneumonia,Community Care Hospital,2025-12-08,2025-12-09,Commercial,6753.0,1,Paid
P10446,61,Female,Pennsylvania,COPD,Community Care Hospital,2025-12-08,2025-12-09,Medicaid,5851.83,1,Paid
P10619,72,Male,Pennsylvania,Hypertension,Community Care Hospital,2025-12-08,2025-12-10,Medicare,2073.13,2,Paid
P10743,23,Male,New Jersey,High Cholesterol,Summit Health System,2025-12-08,2025-12-10,Medicaid,2955.45,2,Paid
P10761,64,Female,Virginia,Pneumonia,Valley Care Hospital,2025-12-08,2025-12-09,Commercial,6732.81,1,Paid
P10792,46,Female,New Jersey,Heart Disease,Riverside Health,2025-12-08,2025-12-14,Medicare,10648.58,6,Paid
P10912,77,Male,Virginia,Hypertension,Central PA Medical,2025-12-08,2025-12-09,Commercial,2007.9,1,Paid
P10976,61,Female,New York,Asthma,Valley Care Hospital,2025-12-08,2025-12-13,Commercial,5540.33,5,Paid
P11090,18,Female,Pennsylvania,Asthma,Harrisburg General Hospital,2025-12-08,2025-12-16,Commercial,7000.45,8,Denied
P11330,26,Male,Pennsylvania,Cancer,Valley Care Hospital,2025-12-08,2025-12-17,Medicare,21267.16,9,Paid
P11388,51,Male,Pennsylvania,Pneumonia,Pinecrest Medical,2025-12-08,2025-12-14,Medicare,8525.4,6,Paid
P11440,45,Female,Pennsylvania,Hypertension,Allegheny Health Center,2025-12-08,2025-12-11,Commercial,2995.57,3,Paid
P10203,50,Male,New Jersey,Pneumonia,Community Care Hospital,2025-12-09,2025-12-13,Medicare,8474.31,4,Paid
P10234,77,Female,Maryland,Asthma,Valley Care Hospital,2025-12-09,2025-12-10,Commercial,1139.0,1,Paid
P10306,27,Female,Pennsylvania,High Cholesterol,Penn Valley Hospital,2025-12-09,2025-12-12,Medicaid,4973.96,3,Denied
P10380,75,Female,Pennsylvania,COPD,Riverside Health,2025-12-09,2025-12-13,Medicare,8263.67,4,Pending
P10456,38,Female,Virginia,Pneumonia,Harrisburg General Hospital,2025-12-09,2025-12-10,Medicare,6172.04,1,Paid
P10476,63,Female,New Jersey,Heart Disease,Keystone Medical Center,2025-12-09,2025-12-17,Medicaid,11882.84,8,Paid
P10625,77,Female,Pennsylvania,Diabetes,Central PA Medical,2025-12-09,2025-12-10,Medicaid,4877.02,1,Paid
P10639,44,Male,Pennsylvania,Cancer,Pinecrest Medical,2025-12-09,2025-12-11,Medicaid,17404.95,2,Denied
P11037,81,Male,Pennsylvania,Asthma,Valley Care Hospital,2025-12-09,2025-12-11,Medicaid,3805.54,2,Denied
P11069,51,Male,New Jersey,Heart Disease,Summit Health System,2025-12-09,2025-12-11,Medicare,9663.1,2,Paid
P11272,36,Male,Maryland,Cancer,Valley Care Hospital,2025-12-09,2025-12-15,Commercial,15560.21,6,Paid
P11303,18,Female,Pennsylvania,Cancer,Harrisburg General Hospital,2025-12-09,2025-12-13,Medicaid,16473.9,4,Paid
P11341,38,Male,Virginia,Asthma,Pinecrest Medical,2025-12-09,2025-12-12,Commercial,2116.66,3,Paid
P10311,46,Male,New Jersey,Arthritis,Community Care Hospital,2025-12-10,2025-12-12,Commercial,2552.37,2,Paid
P10368,61,Female,Ohio,High Cholesterol,Riverside Health,2025-12-10,2025-12-14,Commercial,3986.26,4,Pending
P10395,54,Male,Pennsylvania,Arthritis,Community Care Hospital,2025-12-10,2025-12-15,Commercial,5767.72,5,Paid
P10457,50,Male,Pennsylvania,High Cholesterol,Riverside Health,2025-12-10,2025-12-13,Commercial,2769.31,3,Paid
P10515,63,Male,Ohio,Diabetes,Pinecrest Medical,2025-12-10,2025-12-14,Commercial,5791.47,4,Paid
P10587,43,Male,New Jersey,Kidney Disease,Penn Valley Hospital,2025-12-10,2025-12-11,Commercial,7988.13,1,Paid
P10595,36,Female,Virginia,Heart Disease,Valley Care Hospital,2025-12-10,2025-12-17,Commercial,11514.39,7,Pending
P10631,22,Male,Ohio,COPD,Community Care Hospital,2025-12-10,2025-12-19,Medicaid,10406.55,9,Paid
P10882,67,Female,New Jersey,High Cholesterol,Harrisburg General Hospital,2025-12-10,2025-12-12,Commercial,2918.87,2,Paid
P10893,56,Female,Maryland,Arthritis,Harrisburg General Hospital,2025-12-10,2025-12-18,Commercial,7633.53,8,Paid
P10916,60,Female,Maryland,Heart Disease,Central PA Medical,2025-12-10,2025-12-14,Medicaid,12820.22,4,Paid
P11210,49,Male,Pennsylvania,COPD,Keystone Medical Center,2025-12-10,2025-12-22,Medicaid,15809.58,12,Paid
P11242,61,Female,New York,Pneumonia,Summit Health System,2025-12-10,2025-12-18,Medicare,11544.16,8,Paid
P11321,55,Female,Delaware,High Cholesterol,Summit Health System,2025-12-10,2025-12-13,Medicare,3286.93,3,Pending
P11344,24,Female,Virginia,Kidney Disease,Community Care Hospital,2025-12-10,2025-12-15,Commercial,10181.18,5,Pending
P11468,40,Female,New York,Hypertension,Penn Valley Hospital,2025-12-10,2025-12-13,Commercial,3267.09,3,Paid
P10161,27,Female,Ohio,Diabetes,Harrisburg General Hospital,2025-12-11,2025-12-19,Commercial,5495.13,8,Paid
P10190,68,Male,Maryland,Diabetes,Allegheny Health Center,2025-12-11,2025-12-14,Commercial,4306.85,3,Paid
P10227,84,Male,New York,Pneumonia,Community Care Hospital,2025-12-11,2025-12-21,Medicare,12871.61,10,Paid
P10539,44,Female,Pennsylvania,COPD,Harrisburg General Hospital,2025-12-11,2025-12-16,Medicare,8044.75,5,Paid
P10606,77,Male,Pennsylvania,COPD,Harrisburg General Hospital,2025-12-11,2025-12-15,Commercial,8766.18,4,Pending
P10745,37,Male,Pennsylvania,Cancer,Keystone Medical Center,2025-12-11,2025-12-12,Medicare,13911.64,1,Paid
P10838,38,Female,Maryland,High Cholesterol,Central PA Medical,2025-12-11,2025-12-23,Medicare,9672.96,12,Paid
P11051,54,Female,New York,Cancer,Central PA Medical,2025-12-11,2025-12-15,Commercial,18705.44,4,Pending
P11111,69,Female,New Jersey,Pneumonia,Summit Health System,2025-12-11,2025-12-17,Commercial,10131.9,6,Paid
P11263,85,Female,Maryland,Heart Disease,Valley Care Hospital,2025-12-11,2025-12-12,Commercial,8684.92,1,Paid
P11285,44,Male,Pennsylvania,High Cholesterol,Central PA Medical,2025-12-11,2025-12-12,Commercial,3058.57,1,Denied
P11287,77,Male,New York,Diabetes,Community Care Hospital,2025-12-11,2025-12-24,Commercial,12467.29,13,Paid
P11318,31,Female,New York,Cancer,Central PA Medical,2025-12-11,2025-12-16,Commercial,17742.7,5,Paid
P10037,81,Female,Delaware,Asthma,Allegheny Health Center,2025-12-12,2025-12-16,Medicare,4133.52,4,Paid
P10093,83,Male,Pennsylvania,Kidney Disease,Valley Care Hospital,2025-12-12,2025-12-18,Commercial,10443.38,6,Paid
P10125,66,Female,Virginia,Arthritis,Community Care Hospital,2025-12-12,2025-12-19,Medicare,8899.88,7,Paid
P10174,72,Male,Pennsylvania,High Cholesterol,Penn Valley Hospital,2025-12-12,2025-12-16,Self-Pay,4191.89,4,Paid
P10438,80,Female,Pennsylvania,High Cholesterol,Summit Health System,2025-12-12,2025-12-19,Commercial,5083.66,7,Pending
P10535,24,Male,Pennsylvania,Asthma,Allegheny Health Center,2025-12-12,2025-12-16,Medicaid,4813.41,4,Pending
P10684,50,Male,Pennsylvania,Asthma,Summit Health System,2025-12-12,2025-12-15,Medicare,4317.77,3,Paid
P10689,69,Female,Pennsylvania,Arthritis,Keystone Medical Center,2025-12-12,2025-12-15,Medicaid,5183.28,3,Paid
P10734,31,Female,New York,Kidney Disease,Keystone Medical Center,2025-12-12,2025-12-24,Self-Pay,11687.75,12,Paid
P10850,22,Female,Ohio,Cancer,Penn Valley Hospital,2025-12-12,2025-12-13,Medicare,13523.21,1,Denied
P11020,23,Female,Pennsylvania,Diabetes,Riverside Health,2025-12-12,2025-12-13,Commercial,3641.11,1,Paid
P11327,56,Female,New Jersey,Kidney Disease,Penn Valley Hospital,2025-12-12,2025-12-20,Medicaid,11102.14,8,Paid
P11345,79,Male,New Jersey,COPD,Summit Health System,2025-12-12,2025-12-16,Commercial,9572.2,4,Paid
P10094,27,Male,Virginia,Arthritis,Penn Valley Hospital,2025-12-13,2025-12-14,Medicare,500.0,1,Pending
P10260,39,Female,Delaware,COPD,Harrisburg General Hospital,2025-12-13,2025-12-20,Commercial,12242.45,7,Paid
P10330,61,Male,New Jersey,Asthma,Valley Care Hospital,2025-12-13,2025-12-14,Commercial,2535.33,1,Paid
P10381,70,Male,Maryland,Cancer,Allegheny Health Center,2025-12-13,2025-12-15,Medicaid,15758.16,2,Paid
P10512,71,Male,Ohio,Heart Disease,Community Care Hospital,2025-12-13,2025-12-26,Medicare,16405.98,13,Pending
P10512,67,Male,Pennsylvania,Hypertension,Summit Health System,2025-12-13,2025-12-20,Medicare,6320.02,7,Pending
P10581,30,Female,Pennsylvania,Asthma,Harrisburg General Hospital,2025-12-13,2025-12-21,Commercial,7441.92,8,Paid
P10860,25,Female,Pennsylvania,Kidney Disease,Keystone Medical Center,2025-12-13,2025-12-27,Medicare,11324.16,14,Pending
P11086,67,Female,Virginia,Kidney Disease,Allegheny Health Center,2025-12-13,2025-12-18,Medicare,9890.18,5,Paid
P11127,34,Female,New Jersey,Asthma,Allegheny Health Center,2025-12-13,2025-12-15,Commercial,3413.08,2,Denied
P11478,84,Male,Pennsylvania,Arthritis,Keystone Medical Center,2025-12-13,2025-12-18,Self-Pay,6533.11,5,Paid
P10260,25,Male,New Jersey,High Cholesterol,Community Care Hospital,2025-12-14,2025-12-22,Commercial,4564.26,8,Paid
P10394,60,Female,New Jersey,Heart Disease,Summit Health System,2025-12-14,2025-12-15,Commercial,9655.52,1,Paid
P10474,64,Female,Pennsylvania,Arthritis,Community Care Hospital,2025-12-14,2025-12-16,Medicaid,1130.6,2,Paid
P10533,61,Female,Pennsylvania,Arthritis,Summit Health System,2025-12-14,2025-12-16,Medicare,2423.97,2,Paid
P10678,44,Male,Pennsylvania,Asthma,Riverside Health,2025-12-14,2025-12-26,Medicare,13653.43,12,Paid
P10750,35,Male,Ohio,Kidney Disease,Central PA Medical,2025-12-14,2025-12-17,Commercial,8912.11,3,Paid
P10989,27,Male,New Jersey,Asthma,Valley Care Hospital,2025-12-14,2025-12-17,Medicare,3597.63,3,Paid
P10993,81,Male,Pennsylvania,Pneumonia,Valley Care Hospital,2025-12-14,2025-12-19,Commercial,10915.73,5,Denied
P11018,27,Female,Ohio,COPD,Allegheny Health Center,2025-12-14,2025-12-18,Medicare,7914.95,4,Paid
P11276,65,Male,Pennsylvania,Pneumonia,Keystone Medical Center,2025-12-14,2025-12-23,Commercial,11595.12,9,Paid
P11402,64,Male,Pennsylvania,Cancer,Valley Care Hospital,2025-12-14,2025-12-18,Commercial,16046.78,4,Paid
P10012,38,Male,Pennsylvania,Hypertension,Harrisburg General Hospital,2025-12-15,2025-12-18,Commercial,3932.03,3,Pending
P10117,51,Male,Virginia,COPD,Penn Valley Hospital,2025-12-15,2025-12-25,Commercial,13271.66,10,Paid
P10130,19,Male,Maryland,Heart Disease,Allegheny Health Center,2025-12-15,2025-12-17,Medicare,9951.15,2,Paid
P10145,48,Male,Virginia,Heart Disease,Riverside Health,2025-12-15,2025-12-17,Medicaid,10079.72,2,Paid
P10251,50,Male,Delaware,Heart Disease,Keystone Medical Center,2025-12-15,2025-12-19,Commercial,12481.83,4,Paid
P10469,80,Male,Pennsylvania,High Cholesterol,Central PA Medical,2025-12-15,2025-12-17,Medicaid,4091.59,2,Pending
P10471,25,Male,Pennsylvania,Heart Disease,Allegheny Health Center,2025-12-15,2025-12-18,Medicare,9873.47,3,Paid
P10485,64,Male,Pennsylvania,COPD,Pinecrest Medical,2025-12-15,2025-12-17,Commercial,6093.18,2,Paid
P10501,22,Female,Ohio,COPD,Penn Valley Hospital,2025-12-15,2025-12-22,Medicare,9718.42,7,Denied
P10732,67,Male,Pennsylvania,Kidney Disease,Pinecrest Medical,2025-12-15,2025-12-17,Medicaid,7497.99,2,Denied
P10738,38,Male,Pennsylvania,Diabetes,Riverside Health,2025-12-15,2025-12-16,Medicaid,3128.46,1,Paid
P10898,53,Female,Ohio,Asthma,Community Care Hospital,2025-12-15,2025-12-18,Medicare,3633.95,3,Paid
P10908,53,Female,Virginia,COPD,Allegheny Health Center,2025-12-15,2025-12-20,Medicare,9126.44,5,Paid
P10998,68,Female,Pennsylvania,Kidney Disease,Central PA Medical,2025-12-15,2025-12-17,Medicare,7544.48,2,Pending
P11312,32,Male,Pennsylvania,COPD,Riverside Health,2025-12-15,2025-12-19,Medicare,9793.16,4,Paid
P11376,59,Male,Virginia,Pneumonia,Keystone Medical Center,2025-12-15,2025-12-16,Commercial,5598.34,1,Paid
P11440,66,Female,Pennsylvania,Pneumonia,Riverside Health,2025-12-15,2025-12-23,Medicare,13445.21,8,Paid
P10032,28,Male,Ohio,Arthritis,Community Care Hospital,2025-12-16,2025-12-20,Commercial,5564.27,4,Pending
P10069,26,Male,Virginia,Asthma,Allegheny Health Center,2025-12-16,2025-12-17,Medicare,4080.82,1,Paid
P10398,61,Male,New Jersey,Pneumonia,Allegheny Health Center,2025-12-16,2025-12-26,Commercial,11280.54,10,Paid
P10506,73,Male,New York,Cancer,Pinecrest Medical,2025-12-16,2025-12-20,Medicaid,16802.3,4,Pending
P10530,82,Female,Pennsylvania,Diabetes,Allegheny Health Center,2025-12-16,2025-12-19,Commercial,5030.31,3,Paid
P10556,42,Male,Pennsylvania,Hypertension,Pinecrest Medical,2025-12-16,2025-12-17,Medicaid,2861.14,1,Paid
P10895,38,Female,Ohio,Cancer,Central PA Medical,2025-12-16,2025-12-17,Commercial,16086.12,1,Paid
P10945,49,Male,Pennsylvania,Pneumonia,Summit Health System,2025-12-16,2025-12-18,Medicare,7460.88,2,Paid
P11009,62,Male,Pennsylvania,Heart Disease,Community Care Hospital,2025-12-16,2025-12-24,Medicaid,11725.85,8,Denied
P11164,36,Female,Pennsylvania,Diabetes,Harrisburg General Hospital,2025-12-16,2025-12-19,Commercial,4040.88,3,Denied
P11214,82,Male,Pennsylvania,Pneumonia,Summit Health System,2025-12-16,2025-12-20,Medicare,6564.38,4,Paid
P11222,30,Male,Pennsylvania,Kidney Disease,Riverside Health,2025-12-16,2025-12-18,Commercial,9445.03,2,Pending
P11441,66,Male,Virginia,Hypertension,Valley Care Hospital,2025-12-16,2025-12-21,Medicare,6942.69,5,Paid
P10354,66,Female,Pennsylvania,Heart Disease,Valley Care Hospital,2025-12-17,2025-12-18,Commercial,10495.71,1,Paid
P10387,28,Female,Pennsylvania,Diabetes,Summit Health System,2025-12-17,2025-12-20,Medicare,5542.13,3,Paid
P10394,66,Female,New York,Asthma,Keystone Medical Center,2025-12-17,2025-12-18,Medicaid,2850.65,1,Paid
P10462,58,Male,New York,Arthritis,Valley Care Hospital,2025-12-17,2025-12-19,Commercial,4838.66,2,Paid
P10580,69,Female,New Jersey,High Cholesterol,Pinecrest Medical,2025-12-17,2025-12-19,Commercial,4103.41,2,Paid
P10688,60,Female,New Jersey,Heart Disease,Penn Valley Hospital,2025-12-17,2025-12-20,Commercial,10222.32,3,Paid
P11095,70,Female,Pennsylvania,Asthma,Pinecrest Medical,2025-12-17,2025-12-27,Medicare,5320.37,10,Paid
P11299,60,Female,New Jersey,Pneumonia,Harrisburg General Hospital,2025-12-17,2025-12-23,Commercial,10082.95,6,Paid
P10048,59,Female,Virginia,Kidney Disease,Pinecrest Medical,2025-12-18,2025-12-20,Medicare,9637.34,2,Paid
P10180,65,Male,Pennsylvania,Kidney Disease,Summit Health System,2025-12-18,2025-12-20,Medicare,7855.47,2,Paid
P10256,52,Male,Pennsylvania,Cancer,Summit Health System,2025-12-18,2025-12-19,Commercial,14223.01,1,Paid
P10329,57,Male,Maryland,Asthma,Keystone Medical Center,2025-12-18,2025-12-26,Commercial,4572.65,8,Paid
P10370,56,Male,Pennsylvania,COPD,Valley Care Hospital,2025-12-18,2025-12-20,Medicaid,6797.3,2,Paid
P10511,44,Male,Pennsylvania,Cancer,Community Care Hospital,2025-12-18,2025-12-22,Medicare,17414.73,4,Paid
P10607,58,Female,Virginia,Pneumonia,Summit Health System,2025-12-18,2025-12-24,Commercial,7639.71,6,Paid
P10784,47,Male,Pennsylvania,COPD,Allegheny Health Center,2025-12-18,2025-12-27,Commercial,10714.22,9,Paid
P11005,56,Female,Pennsylvania,Heart Disease,Harrisburg General Hospital,2025-12-18,2025-12-20,Medicare,10631.58,2,Paid
P11238,42,Male,Pennsylvania,Heart Disease,Central PA Medical,2025-12-18,2025-12-22,Commercial,11012.84,4,Paid
P11241,25,Female,Delaware,High Cholesterol,Allegheny Health Center,2025-12-18,2025-12-22,Medicaid,4441.52,4,Paid
P11345,20,Male,Ohio,Kidney Disease,Keystone Medical Center,2025-12-18,2025-12-21,Medicaid,7909.71,3,Paid
P11402,63,Male,Maryland,Hypertension,Central PA Medical,2025-12-18,2025-12-21,Commercial,2972.12,3,Pending
P10039,56,Male,Ohio,Asthma,Penn Valley Hospital,2025-12-19,2025-12-25,Medicare,8857.81,6,Paid
P10090,82,Male,Maryland,Asthma,Community Care Hospital,2025-12-19,2025-12-21,Commercial,3220.99,2,Paid
P10100,45,Female,New Jersey,COPD,Summit Health System,2025-12-19,2025-12-24,Commercial,8462.16,5,Paid
P10121,25,Male,Pennsylvania,Arthritis,Riverside Health,2025-12-19,2025-12-24,Medicare,6844.61,5,Paid
P10177,43,Male,Maryland,Pneumonia,Harrisburg General Hospital,2025-12-19,2025-12-22,Self-Pay,6645.99,3,Paid
P10190,66,Female,New York,Diabetes,Penn Valley Hospital,2025-12-19,2025-12-27,Medicare,10406.89,8,Paid
P10557,62,Male,Pennsylvania,COPD,Valley Care Hospital,2025-12-19,2025-12-26,Commercial,9638.89,7,Paid
P10727,44,Female,New Jersey,Diabetes,Harrisburg General Hospital,2025-12-19,2025-12-24,Medicare,5747.69,5,Paid
P11305,53,Male,Virginia,Kidney Disease,Community Care Hospital,2025-12-19,2025-12-21,Medicare,8383.13,2,Pending
P11392,75,Female,Pennsylvania,Diabetes,Riverside Health,2025-12-19,2025-12-20,Commercial,3476.14,1,Pending
P11462,75,Female,New Jersey,High Cholesterol,Valley Care Hospital,2025-12-19,2026-01-01,Commercial,10842.26,13,Denied
P10029,81,Male,Pennsylvania,Cancer,Pinecrest Medical,2025-12-20,2026-01-03,Commercial,25949.23,14,Paid
P10030,18,Male,Pennsylvania,Asthma,Pinecrest Medical,2025-12-20,2025-12-25,Medicare,4268.28,5,Paid
P10106,45,Female,Pennsylvania,COPD,Community Care Hospital,2025-12-20,2025-12-29,Commercial,10805.24,9,Pending
P10304,70,Female,Virginia,Arthritis,Harrisburg General Hospital,2025-12-20,2025-12-22,Medicare,4027.84,2,Paid
P10325,68,Male,Ohio,Arthritis,Pinecrest Medical,2025-12-20,2025-12-24,Medicare,6653.62,4,Paid
P10392,75,Male,Pennsylvania,High Cholesterol,Valley Care Hospital,2025-12-20,2025-12-23,Medicaid,3455.79,3,Paid
P10672,83,Female,Maryland,Heart Disease,Community Care Hospital,2025-12-20,2025-12-25,Medicare,10944.15,5,Denied
P10774,21,Female,New Jersey,Asthma,Community Care Hospital,2025-12-20,2025-12-22,Medicaid,3395.93,2,Paid
P10827,40,Female,Pennsylvania,Arthritis,Community Care Hospital,2025-12-20,2025-12-22,Medicare,3138.71,2,Pending
P10936,47,Female,Pennsylvania,High Cholesterol,Community Care Hospital,2025-12-20,2025-12-26,Medicare,8185.26,6,Paid
P10948,72,Male,New Jersey,Heart Disease,Valley Care Hospital,2025-12-20,2025-12-24,Medicare,11222.25,4,Pending
P10991,35,Male,Pennsylvania,Kidney Disease,Central PA Medical,2025-12-20,2025-12-23,Medicaid,9201.24,3,Paid
P11005,67,Male,Pennsylvania,COPD,Summit Health System,2025-12-20,2025-12-24,Medicare,9193.2,4,Paid
P11030,34,Female,Pennsylvania,COPD,Central PA Medical,2025-12-20,2025-12-27,Medicare,9066.54,7,Paid
P11062,84,Male,Pennsylvania,Diabetes,Allegheny Health Center,2025-12-20,2025-12-23,Medicare,4182.81,3,Denied
P11227,85,Female,New York,Hypertension,Community Care Hospital,2025-12-20,2025-12-25,Self-Pay,5067.73,5,Pending
P11262,32,Female,Pennsylvania,Pneumonia,Riverside Health,2025-12-20,2025-12-25,Medicare,9182.28,5,Paid
P11463,26,Female,Pennsylvania,COPD,Valley Care Hospital,2025-12-20,2025-12-27,Commercial,8975.66,7,Paid
P10133,54,Male,Virginia,Heart Disease,Pinecrest Medical,2025-12-21,2025-12-25,Commercial,12501.35,4,Paid
P10183,81,Female,Pennsylvania,Diabetes,Summit Health System,2025-12-21,2025-12-22,Commercial,3305.88,1,Paid
P10214,20,Male,Pennsylvania,Cancer,Community Care Hospital,2025-12-21,2025-12-25,Commercial,17618.84,4,Paid
P10222,18,Female,Pennsylvania,Cancer,Riverside Health,2025-12-21,2025-12-26,Commercial,18703.82,5,Paid
P10371,56,Female,Virginia,Heart Disease,Allegheny Health Center,2025-12-21,2025-12-24,Medicaid,8885.33,3,Paid
P10580,45,Female,New York,Cancer,Pinecrest Medical,2025-12-21,2025-12-22,Medicare,14864.45,1,Denied
P11007,40,Female,Pennsylvania,COPD,Pinecrest Medical,2025-12-21,2025-12-30,Commercial,9194.49,9,Pending
P11091,55,Female,Pennsylvania,High Cholesterol,Summit Health System,2025-12-21,2025-12-22,Medicare,3028.05,1,Paid
P11173,80,Male,Pennsylvania,High Cholesterol,Summit Health System,2025-12-21,2025-12-31,Medicare,8755.14,10,Paid
P11250,43,Male,Pennsylvania,Asthma,Summit Health System,2025-12-21,2025-12-28,Commercial,5685.38,7,Paid
P11284,50,Male,Maryland,Hypertension,Summit Health System,2025-12-21,2025-12-28,Medicare,6895.14,7,Paid
P11289,57,Male,Pennsylvania,Pneumonia,Penn Valley Hospital,2025-12-21,2025-12-27,Medicare,8920.6,6,Paid
P11399,32,Female,Pennsylvania,Diabetes,Valley Care Hospital,2025-12-21,2025-12-24,Medicaid,4801.82,3,Paid
P11434,54,Male,New Jersey,Heart Disease,Keystone Medical Center,2025-12-21,2025-12-24,Medicare,9468.32,3,Pending
P10234,31,Male,Maryland,Cancer,Valley Care Hospital,2025-12-22,2025-12-24,Medicaid,15371.11,2,Paid
P10304,32,Male,New Jersey,Kidney Disease,Riverside Health,2025-12-22,2025-12-23,Medicaid,6930.48,1,Denied
P10336,27,Female,New Jersey,Diabetes,Keystone Medical Center,2025-12-22,2025-12-23,Medicaid,3882.57,1,Paid
P10351,69,Female,Pennsylvania,Hypertension,Keystone Medical Center,2025-12-22,2025-12-23,Medicare,3915.87,1,Paid
P10360,29,Female,Ohio,Diabetes,Riverside Health,2025-12-22,2025-12-26,Commercial,5414.82,4,Paid
P10453,61,Female,New Jersey,Hypertension,Harrisburg General Hospital,2025-12-22,2025-12-29,Medicare,7887.46,7,Paid
P10501,82,Male,Virginia,COPD,Harrisburg General Hospital,2025-12-22,2025-12-24,Commercial,7289.85,2,Paid
P10524,53,Female,Maryland,High Cholesterol,Allegheny Health Center,2025-12-22,2025-12-27,Commercial,4957.94,5,Pending
P10741,38,Female,New Jersey,Hypertension,Summit Health System,2025-12-22,2026-01-03,Medicare,5623.59,12,Paid
P10938,60,Male,Pennsylvania,Heart Disease,Pinecrest Medical,2025-12-22,2026-01-03,Medicaid,11723.78,12,Paid
P10982,56,Male,Pennsylvania,COPD,Keystone Medical Center,2025-12-22,2025-12-23,Commercial,8445.08,1,Paid
P11026,31,Male,Delaware,Diabetes,Community Care Hospital,2025-12-22,2025-12-27,Medicare,8271.12,5,Paid
P11042,64,Male,Maryland,Diabetes,Valley Care Hospital,2025-12-22,2025-12-25,Medicaid,5561.91,3,Pending
P10070,74,Female,New York,Asthma,Allegheny Health Center,2025-12-23,2025-12-24,Medicare,1947.4,1,Paid
P10093,80,Female,Maryland,Asthma,Penn Valley Hospital,2025-12-23,2025-12-29,Commercial,7522.31,6,Denied
P10247,82,Female,Virginia,Cancer,Harrisburg General Hospital,2025-12-23,2025-12-24,Medicaid,15793.02,1,Pending
P10274,81,Female,Pennsylvania,Diabetes,Pinecrest Medical,2025-12-23,2025-12-25,Medicare,4235.33,2,Paid
P10531,26,Female,Pennsylvania,Kidney Disease,Harrisburg General Hospital,2025-12-23,2025-12-26,Commercial,8318.56,3,Pending
P10677,47,Male,Virginia,Cancer,Penn Valley Hospital,2025-12-23,2025-12-31,Commercial,19268.95,8,Pending
P10707,85,Female,Pennsylvania,COPD,Harrisburg General Hospital,2025-12-23,2025-12-25,Commercial,7298.97,2,Paid
P10754,39,Female,Pennsylvania,Kidney Disease,Valley Care Hospital,2025-12-23,2025-12-25,Medicare,8900.54,2,Paid
P10971,79,Female,Pennsylvania,Kidney Disease,Penn Valley Hospital,2025-12-23,2025-12-30,Commercial,11286.33,7,Paid
P10972,18,Male,New Jersey,Hypertension,Central PA Medical,2025-12-23,2025-12-29,Commercial,6416.74,6,Paid
P11232,68,Male,Pennsylvania,Arthritis,Keystone Medical Center,2025-12-23,2025-12-26,Medicare,4176.66,3,Paid
P11270,18,Male,Delaware,Cancer,Riverside Health,2025-12-23,2025-12-29,Medicaid,18650.36,6,Paid
P11273,27,Male,Pennsylvania,Hypertension,Summit Health System,2025-12-23,2025-12-25,Commercial,2884.95,2,Paid
P11482,26,Male,Pennsylvania,Pneumonia,Keystone Medical Center,2025-12-23,2025-12-29,Commercial,8391.3,6,Pending
P10098,74,Male,Pennsylvania,Pneumonia,Harrisburg General Hospital,2025-12-24,2025-12-28,Medicaid,7573.86,4,Paid
P10152,41,Female,Virginia,Diabetes,Keystone Medical Center,2025-12-24,2026-01-05,Commercial,9745.97,12,Pending
P10557,77,Female,Pennsylvania,Arthritis,Community Care Hospital,2025-12-24,2025-12-30,Commercial,5161.54,6,Paid
P10674,26,Female,Maryland,Hypertension,Central PA Medical,2025-12-24,2025-12-26,Commercial,4759.42,2,Paid
P10829,54,Male,Maryland,Asthma,Summit Health System,2025-12-24,2025-12-26,Medicare,3851.81,2,Pending
P11112,58,Male,Ohio,Diabetes,Keystone Medical Center,2025-12-24,2025-12-27,Medicare,6105.11,3,Paid
P11419,26,Female,Pennsylvania,Kidney Disease,Pinecrest Medical,2025-12-24,2025-12-28,Medicare,10070.6,4,Paid
P11435,74,Female,Pennsylvania,Hypertension,Community Care Hospital,2025-12-24,2026-01-06,Commercial,9564.35,13,Paid
P11498,20,Female,New York,Kidney Disease,Valley Care Hospital,2025-12-24,2026-01-01,Commercial,11726.48,8,Denied
P10397,82,Female,New York,Heart Disease,Riverside Health,2025-12-25,2025-12-26,Medicare,10035.98,1,Paid
P10760,24,Male,Pennsylvania,Diabetes,Summit Health System,2025-12-25,2025-12-28,Commercial,6393.62,3,Denied
P10807,26,Female,New York,Heart Disease,Penn Valley Hospital,2025-12-25,2025-12-30,Commercial,12010.39,5,Paid
P10821,72,Female,Pennsylvania,Pneumonia,Harrisburg General Hospital,2025-12-25,2026-01-05,Commercial,9459.04,11,Paid
P10997,33,Female,Delaware,Hypertension,Keystone Medical Center,2025-12-25,2026-01-02,Commercial,7508.21,8,Paid
P11049,41,Male,Virginia,Arthritis,Penn Valley Hospital,2025-12-25,2025-12-28,Commercial,5571.51,3,Paid
P11050,41,Male,Virginia,Diabetes,Allegheny Health Center,2025-12-25,2025-12-28,Medicaid,4460.5,3,Denied
P11063,54,Female,Pennsylvania,Pneumonia,Valley Care Hospital,2025-12-25,2025-12-28,Medicaid,6446.96,3,Paid
P11066,37,Male,Maryland,Heart Disease,Keystone Medical Center,2025-12-25,2025-12-27,Self-Pay,8982.86,2,Denied
P11132,48,Female,Maryland,Cancer,Keystone Medical Center,2025-12-25,2025-12-30,Commercial,16465.12,5,Pending
P11247,23,Female,Virginia,Diabetes,Central PA Medical,2025-12-25,2026-01-02,Medicare,7654.46,8,Paid
P11347,61,Female,New Jersey,Heart Disease,Pinecrest Medical,2025-12-25,2025-12-29,Medicaid,11554.33,4,Denied
P11466,51,Female,Maryland,Diabetes,Community Care Hospital,2025-12-25,2026-01-08,Medicaid,13107.86,14,Paid
P10038,76,Male,Maryland,Kidney Disease,Penn Valley Hospital,2025-12-26,2025-12-31,Commercial,10810.55,5,Paid
P10140,20,Female,Pennsylvania,High Cholesterol,Pinecrest Medical,2025-12-26,2025-12-30,Medicaid,4354.47,4,Paid
P10189,46,Male,Maryland,COPD,Penn Valley Hospital,2025-12-26,2026-01-01,Commercial,8977.11,6,Paid
P10280,54,Female,New Jersey,COPD,Pinecrest Medical,2025-12-26,2025-12-30,Commercial,9118.37,4,Paid
P10324,74,Male,Pennsylvania,Pneumonia,Community Care Hospital,2025-12-26,2025-12-28,Medicare,6826.34,2,Paid
P10381,77,Female,Virginia,High Cholesterol,Harrisburg General Hospital,2025-12-26,2026-01-01,Commercial,7234.27,6,Paid
P10469,84,Female,New Jersey,Diabetes,Keystone Medical Center,2025-12-26,2025-12-28,Medicaid,3676.47,2,Paid
P10504,79,Female,Virginia,Hypertension,Pinecrest Medical,2025-12-26,2026-01-06,Medicaid,10093.53,11,Pending
P10639,55,Female,New York,COPD,Keystone Medical Center,2025-12-26,2025-12-30,Commercial,9529.24,4,Pending
P10639,82,Female,Maryland,Arthritis,Allegheny Health Center,2025-12-26,2025-12-30,Medicare,4964.5,4,Paid
P10820,30,Female,Pennsylvania,Diabetes,Riverside Health,2025-12-26,2026-01-05,Commercial,9175.72,10,Paid
P10900,54,Male,Maryland,Pneumonia,Allegheny Health Center,2025-12-26,2025-12-27,Commercial,6346.75,1,Paid
P10962,56,Female,Pennsylvania,Arthritis,Community Care Hospital,2025-12-26,2025-12-29,Commercial,2749.98,3,Paid
P11045,25,Male,Maryland,COPD,Pinecrest Medical,2025-12-26,2025-12-29,Medicare,7405.01,3,Paid
P11188,39,Female,Maryland,COPD,Central PA Medical,2025-12-26,2025-12-30,Medicaid,9586.73,4,Paid
P11228,40,Male,Maryland,Diabetes,Harrisburg General Hospital,2025-12-26,2026-01-06,Commercial,7404.05,11,Paid
P11360,84,Male,Maryland,High Cholesterol,Penn Valley Hospital,2025-12-26,2025-12-27,Medicare,3520.9,1,Pending
P11467,21,Male,Virginia,Hypertension,Allegheny Health Center,2025-12-26,2025-12-28,Medicare,2696.63,2,Paid
P10105,32,Male,Pennsylvania,High Cholesterol,Community Care Hospital,2025-12-27,2025-12-31,Commercial,3628.08,4,Paid
P10131,70,Female,Virginia,Cancer,Keystone Medical Center,2025-12-27,2026-01-02,Commercial,19420.29,6,Paid
P10201,83,Female,Pennsylvania,Asthma,Valley Care Hospital,2025-12-27,2025-12-30,Commercial,4884.14,3,Paid
P10210,62,Male,Pennsylvania,Asthma,Community Care Hospital,2025-12-27,2026-01-02,Medicare,5696.32,6,Paid
P10462,68,Male,New York,Arthritis,Central PA Medical,2025-12-27,2026-01-03,Commercial,4496.81,7,Paid
P10496,47,Male,Pennsylvania,COPD,Central PA Medical,2025-12-27,2025-12-29,Medicare,8259.59,2,Paid
P10513,60,Male,Pennsylvania,Heart Disease,Penn Valley Hospital,2025-12-27,2026-01-02,Medicare,10880.64,6,Paid
P10618,78,Female,New Jersey,Pneumonia,Community Care Hospital,2025-12-27,2025-12-30,Medicaid,7757.85,3,Paid
P10642,57,Male,New York,Cancer,Community Care Hospital,2025-12-27,2025-12-31,Commercial,15789.63,4,Pending
P10827,61,Male,New Jersey,Pneumonia,Harrisburg General Hospital,2025-12-27,2025-12-31,Commercial,8239.15,4,Paid
P10860,85,Female,Delaware,Diabetes,Riverside Health,2025-12-27,2026-01-03,Medicaid,6540.81,7,Paid
P10990,80,Male,New Jersey,Arthritis,Allegheny Health Center,2025-12-27,2025-12-28,Medicaid,2745.99,1,Paid
P11009,46,Male,New York,Arthritis,Riverside Health,2025-12-27,2026-01-02,Commercial,5271.34,6,Paid
P11063,73,Male,New York,Kidney Disease,Penn Valley Hospital,2025-12-27,2025-12-30,Medicare,7807.39,3,Denied
P11465,25,Female,Maryland,Heart Disease,Penn Valley Hospital,2025-12-27,2025-12-30,Medicare,10456.9,3,Paid
P10603,23,Female,New Jersey,Diabetes,Summit Health System,2025-12-28,2026-01-07,Medicare,12326.52,10,Paid
P10661,75,Female,Virginia,Heart Disease,Central PA Medical,2025-12-28,2025-12-30,Medicaid,9309.17,2,Paid
P10679,62,Female,New Jersey,High Cholesterol,Community Care Hospital,2025-12-28,2025-12-29,Medicare,1727.69,1,Paid
P10866,25,Male,Delaware,Pneumonia,Allegheny Health Center,2025-12-28,2025-12-29,Medicare,6086.25,1,Paid
P11118,51,Male,Pennsylvania,Kidney Disease,Riverside Health,2025-12-28,2025-12-29,Commercial,7923.59,1,Paid
P11234,42,Female,Maryland,Asthma,Summit Health System,2025-12-28,2025-12-30,Commercial,2525.69,2,Denied
P11269,22,Female,New Jersey,High Cholesterol,Penn Valley Hospital,2025-12-28,2025-12-30,Commercial,2030.94,2,Paid
P11387,39,Female,Pennsylvania,Kidney Disease,Allegheny Health Center,2025-12-28,2026-01-04,Commercial,11019.04,7,Paid
P11417,28,Female,New York,Arthritis,Community Care Hospital,2025-12-28,2026-01-09,Medicaid,11109.89,12,Paid
P11472,53,Male,Virginia,Pneumonia,Allegheny Health Center,2025-12-28,2026-01-04,Commercial,12160.56,7,Paid
P10159,23,Female,Ohio,Kidney Disease,Keystone Medical Center,2025-12-29,2026-01-06,Medicaid,12271.74,8,Paid
P10166,56,Female,New Jersey,Cancer,Riverside Health,2025-12-29,2026-01-09,Medicare,23445.87,11,Pending
P10212,51,Male,Pennsylvania,Pneumonia,Central PA Medical,2025-12-29,2025-12-31,Medicaid,5698.71,2,Pending
P10258,79,Female,Ohio,Hypertension,Penn Valley Hospital,2025-12-29,2026-01-02,Medicare,6405.14,4,Paid
P10803,32,Female,New Jersey,Diabetes,Keystone Medical Center,2025-12-29,2026-01-09,Medicaid,8984.67,11,Paid
P11004,78,Male,Pennsylvania,Pneumonia,Valley Care Hospital,2025-12-29,2025-12-31,Medicare,7423.68,2,Paid
P11034,65,Male,Ohio,Cancer,Harrisburg General Hospital,2025-12-29,2026-01-02,Commercial,17643.94,4,Paid
P11115,72,Female,Pennsylvania,COPD,Valley Care Hospital,2025-12-29,2025-12-30,Commercial,6072.82,1,Paid
P11244,67,Female,Ohio,Asthma,Harrisburg General Hospital,2025-12-29,2026-01-05,Medicare,7643.95,7,Denied
P11284,24,Male,Delaware,Pneumonia,Central PA Medical,2025-12-29,2025-12-30,Commercial,7305.12,1,Paid
P11421,72,Male,Delaware,Heart Disease,Central PA Medical,2025-12-29,2026-01-06,Medicaid,11465.8,8,Denied
P11496,53,Female,Pennsylvania,Diabetes,Pinecrest Medical,2025-12-29,2026-01-01,Commercial,6379.71,3,Paid
P10006,76,Female,Pennsylvania,Heart Disease,Harrisburg General Hospital,2025-12-30,2026-01-04,Medicare,11524.42,5,Paid
P10073,68,Female,Pennsylvania,Kidney Disease,Pinecrest Medical,2025-12-30,2025-12-31,Commercial,7919.85,1,Paid
P10122,55,Male,Pennsylvania,Hypertension,Harrisburg General Hospital,2025-12-30,2026-01-02,Commercial,5486.4,3,Paid
P10193,47,Male,Pennsylvania,Kidney Disease,Riverside Health,2025-12-30,2026-01-04,Medicare,9521.79,5,Paid
P10230,71,Male,Ohio,Kidney Disease,Summit Health System,2025-12-30,2026-01-05,Medicaid,11943.21,6,Pending
P10381,65,Female,New York,Heart Disease,Allegheny Health Center,2025-12-30,2026-01-02,Medicaid,12150.92,3,Pending
P10457,49,Female,New York,Cancer,Pinecrest Medical,2025-12-30,2025-12-31,Medicare,15504.9,1,Paid
P10502,47,Female,Pennsylvania,Pneumonia,Allegheny Health Center,2025-12-30,2026-01-06,Medicaid,10100.55,7,Paid
P10526,67,Female,New York,High Cholesterol,Allegheny Health Center,2025-12-30,2026-01-01,Commercial,2121.12,2,Denied
P10537,18,Female,Maryland,Heart Disease,Penn Valley Hospital,2025-12-30,2026-01-01,Commercial,9895.38,2,Pending
P10622,19,Female,Ohio,Heart Disease,Penn Valley Hospital,2025-12-30,2026-01-01,Commercial,10586.09,2,Paid
P10657,18,Male,Pennsylvania,Kidney Disease,Summit Health System,2025-12-30,2026-01-05,Commercial,12184.23,6,Paid
P10741,69,Male,Pennsylvania,Hypertension,Riverside Health,2025-12-30,2026-01-02,Medicare,4274.18,3,Pending
P10772,59,Female,Pennsylvania,Arthritis,Keystone Medical Center,2025-12-30,2026-01-09,Medicare,7304.24,10,Paid
P10949,56,Male,New York,Hypertension,Allegheny Health Center,2025-12-30,2026-01-05,Commercial,9307.38,6,Pending
P11278,85,Male,Pennsylvania,Arthritis,Allegheny Health Center,2025-12-30,2026-01-01,Medicare,3237.37,2,Paid
P11388,21,Male,New York,High Cholesterol,Central PA Medical,2025-12-30,2026-01-03,Medicare,3663.97,4,Pending
P11454,24,Male,New York,Cancer,Valley Care Hospital,2025-12-30,2026-01-03,Commercial,15864.19,4,Paid
P11479,64,Female,Delaware,Asthma,Penn Valley Hospital,2025-12-30,2026-01-07,Commercial,8690.87,8,Paid
P10007,49,Female,Pennsylvania,COPD,Valley Care Hospital,2025-12-31,2026-01-12,Commercial,13858.69,12,Paid
P10066,43,Male,Pennsylvania,Kidney Disease,Pinecrest Medical,2025-12-31,2026-01-01,Medicaid,8064.68,1,Paid
P10110,33,Female,New Jersey,Kidney Disease,Pinecrest Medical,2025-12-31,2026-01-08,Commercial,13829.36,8,Paid
P10189,59,Female,New Jersey,COPD,Penn Valley Hospital,2025-12-31,2026-01-06,Commercial,8899.85,6,Paid
P10438,63,Male,Pennsylvania,Hypertension,Community Care Hospital,2025-12-31,2026-01-05,Medicare,4592.42,5,Paid
P10558,47,Female,Maryland,Asthma,Riverside Health,2025-12-31,2026-01-02,Medicaid,3523.75,2,Paid
P10654,73,Male,New Jersey,Heart Disease,Penn Valley Hospital,2025-12-31,2026-01-01,Medicare,10331.67,1,Paid
P10759,82,Male,Pennsylvania,Pneumonia,Valley Care Hospital,2025-12-31,2026-01-10,Self-Pay,11879.22,10,Pending
P10817,30,Male,Maryland,Kidney Disease,Penn Valley Hospital,2025-12-31,2026-01-06,Medicare,12008.93,6,Paid
P10861,31,Female,Delaware,Diabetes,Penn Valley Hospital,2025-12-31,2026-01-04,Commercial,5798.11,4,Paid
P10878,65,Female,Pennsylvania,Kidney Disease,Community Care Hospital,2025-12-31,2026-01-04,Commercial,9091.85,4,Paid
P10929,21,Male,Delaware,Asthma,Penn Valley Hospital,2025-12-31,2026-01-11,Commercial,6611.13,11,Paid
P11042,55,Male,New York,Diabetes,Riverside Health,2025-12-31,2026-01-06,Self-Pay,7099.12,6,Paid
P11045,29,Female,Pennsylvania,Hypertension,Allegheny Health Center,2025-12-31,2026-01-01,Medicaid,3983.0,1,Paid
P11180,34,Male,New York,COPD,Keystone Medical Center,2025-12-31,2026-01-06,Self-Pay,10604.59,6,Pending
P11335,78,Female,Maryland,COPD,Community Care Hospital,2025-12-31,2026-01-11,Medicare,14920.18,11,Paid
P11354,76,Male,Pennsylvania,Cancer,Harrisburg General Hospital,2025-12-31,2026-01-06,Commercial,17813.92,6,Paid
P11460,52,Female,Pennsylvania,Asthma,Penn Valley Hospital,2025-12-31,2026-01-02,Medicaid,3116.76,2,Paid
P11473,69,Male,Pennsylvania,Kidney Disease,Allegheny Health Center,2025-12-31,2026-01-07,Medicare,12974.52,7,Paid
